order_id,customer_age,distance_km,delivery_time_min,courier_speed_kmh,weekday,restaurant_type,subscription,delivered,rating
1,45.0,6.44,33.21,17.97,6,Asian,Regular,1,6
2,48.0,3.41,24.76,16.02,3,Italian,Regular,1,8
3,,,18.61,23.11,4,Vegan,Regular,1,7
4,21.0,2.22,14.46,18.05,2,Asian,Regular,1,8
5,48.0,2.83,21.86,24.94,6,FastFood,Regular,1,6
6,23.0,3.03,27.14,16.53,0,Vegan,Regular,0,3
7,35.0,0.64,5.55,17.96,1,Asian,Regular,1,7
8,30.0,1.91,15.03,14.85,6,Asian,Prime,1,9
9,28.0,1.8,17.33,21.74,3,FastFood,Prime,1,9
10,39.0,2.12,13.86,22.34,1,Italian,Prime,1,8
11,34.0,3.54,28.1,14.79,2,Italian,Prime,1,7
12,37.0,0.87,14.08,15.67,1,Vegan,Prime,1,9
13,25.0,0.96,,19.29,3,Asian,Regular,1,6
14,30.0,1.38,12.44,16.97,1,Asian,Regular,1,7
15,25.0,2.19,14.59,21.55,2,Italian,Regular,1,6
16,30.0,3.18,21.64,18.58,6,FastFood,Regular,1,7
17,31.0,4.94,26.86,18.63,0,Italian,Regular,1,7
18,49.0,1.98,20.64,23.06,5,FastFood,Prime,1,9
19,30.0,3.66,23.18,17.5,0,Asian,Prime,1,7
20,16.0,3.42,26.78,12.71,3,Asian,Prime,1,8
21,45.0,3.12,17.5,23.77,4,Asian,Prime,1,7
22,36.0,2.29,19.18,19.05,6,Italian,Prime,1,9
23,,1.62,15.16,15.75,1,Vegan,Regular,1,8
24,28.0,1.29,14.97,20.38,0,Vegan,Prime,1,7
25,,1.24,16.6,18.03,5,Asian,Prime,1,9
26,49.0,2.8,22.08,23.98,6,FastFood,Prime,1,8
27,32.0,1.95,13.42,20.91,3,Italian,Regular,1,8
28,16.0,1.6,20.89,20.36,0,FastFood,Regular,1,7
29,35.0,3.34,24.78,,3,FastFood,Prime,1,9
30,43.0,1.8,16.8,18.11,2,Asian,Regular,1,9
31,33.0,1.22,21.02,13.06,3,Asian,Regular,1,7
32,24.0,1.74,16.14,22.9,0,Vegan,Regular,1,10
33,23.0,3.16,21.61,18.8,2,FastFood,Regular,1,8
34,24.0,1.15,16.27,20.15,6,Italian,Regular,1,10
35,46.0,2.6,20.8,16.79,0,Italian,Prime,1,10
36,31.0,2.25,21.48,19.52,6,FastFood,Prime,1,6
37,17.0,1.52,17.16,18.6,3,FastFood,Prime,1,10
38,35.0,1.71,21.59,20.36,4,Italian,Regular,1,8
39,33.0,0.85,12.87,19.14,6,FastFood,Regular,1,8
40,28.0,2.14,14.71,18.84,1,Asian,Regular,1,7
41,23.0,0.95,12.96,16.95,6,Italian,Regular,1,6
42,22.0,3.63,24.19,16.44,1,Asian,Regular,1,6
43,42.0,2.2,21.13,17.09,2,Asian,Prime,1,10
44,34.0,1.69,18.07,21.46,3,FastFood,Prime,1,9
45,36.0,3.81,28.87,14.78,4,Asian,Regular,1,6
46,34.0,1.14,15.3,18.69,2,Asian,Regular,1,6
47,35.0,1.33,15.49,17.79,5,Italian,Regular,1,5
48,28.0,0.74,16.26,22.63,0,FastFood,Regular,1,9
49,30.0,4.14,30.59,16.96,4,Asian,Regular,1,7
50,42.0,5.64,28.25,22.76,4,FastFood,Regular,1,8
51,45.0,0.8,14.42,19.77,3,FastFood,Regular,1,7
52,21.0,1.29,17.5,18.63,4,FastFood,Regular,1,9
53,30.0,,14.54,18.02,5,Asian,Prime,1,8
54,40.0,1.52,12.59,15.82,6,Asian,Regular,1,8
55,49.0,1.98,18.6,20.5,1,Asian,Regular,1,8
56,48.0,1.89,12.96,17.16,3,Asian,Regular,1,6
57,25.0,2.52,16.22,14.93,3,Italian,Regular,1,6
58,43.0,1.19,13.12,16.98,2,Italian,Regular,1,7
59,33.0,2.57,27.06,18.0,6,FastFood,Prime,1,9
60,41.0,1.25,15.22,24.22,3,FastFood,Prime,1,10
61,39.0,1.61,22.81,18.86,4,Asian,Regular,1,8
62,21.0,0.77,13.03,18.34,1,Italian,Regular,1,7
63,37.0,1.61,19.84,19.25,2,Italian,Regular,1,8
64,41.0,1.47,12.89,16.79,4,Asian,Regular,1,7
65,32.0,3.38,23.6,19.06,2,Asian,Regular,1,7
66,30.0,2.24,20.34,,5,Italian,Prime,1,10
67,18.0,2.15,16.82,20.32,0,Italian,Regular,1,7
68,38.0,1.99,16.81,20.42,1,FastFood,Regular,1,8
69,34.0,0.62,15.25,19.11,2,FastFood,Regular,0,4
70,24.0,0.67,10.33,20.23,2,Italian,Regular,1,9
71,29.0,1.94,16.27,25.65,5,FastFood,Prime,1,7
72,33.0,2.35,17.2,,6,Italian,Regular,1,7
73,,1.77,17.53,23.93,3,Vegan,Regular,1,9
74,32.0,,12.01,21.49,3,FastFood,Regular,1,6
75,16.0,2.03,19.18,18.09,2,FastFood,Prime,0,7
76,44.0,1.68,12.68,18.36,3,FastFood,Regular,1,5
77,32.0,3.09,24.83,25.14,4,FastFood,Regular,1,6
78,22.0,3.0,30.38,12.53,5,Asian,Regular,1,7
79,16.0,1.49,18.06,,6,Italian,Regular,1,10
80,41.0,2.25,19.96,15.11,4,Asian,Prime,1,8
81,37.0,2.34,13.06,21.62,2,Asian,Regular,1,8
82,34.0,2.54,18.28,18.32,0,Italian,Regular,1,9
83,40.0,5.0,29.64,18.73,4,Asian,Regular,1,6
84,40.0,1.98,16.45,28.16,5,FastFood,Regular,1,3
85,34.0,3.83,18.32,20.01,3,FastFood,Regular,1,10
86,30.0,1.22,16.58,19.96,6,FastFood,Prime,1,9
87,28.0,1.42,,15.33,2,Asian,Regular,1,7
88,,0.62,10.62,15.9,0,Italian,Regular,1,7
89,45.0,2.19,17.73,20.01,4,FastFood,Regular,1,9
90,31.0,3.31,22.05,17.06,0,Italian,Prime,1,8
91,45.0,0.49,10.18,,0,FastFood,Regular,1,8
92,35.0,2.23,16.52,16.49,4,Asian,Regular,1,10
93,35.0,2.81,19.06,19.67,3,Italian,Regular,1,6
94,54.0,2.72,19.26,16.17,4,Italian,Regular,1,8
95,47.0,1.2,16.96,20.51,5,FastFood,Prime,1,7
96,47.0,3.08,19.34,20.38,2,Asian,Regular,1,9
97,25.0,2.02,25.09,14.81,4,Italian,Regular,1,8
98,52.0,2.79,,26.8,3,FastFood,Regular,1,7
99,31.0,1.88,15.03,18.98,4,FastFood,Regular,1,5
100,30.0,2.48,23.19,20.06,4,Vegan,Regular,0,5
101,16.0,3.71,19.41,23.08,2,Vegan,Regular,1,8
102,35.0,1.8,24.59,20.8,3,Asian,Regular,0,7
103,22.0,2.71,22.79,22.41,4,FastFood,Prime,1,7
104,36.0,4.6,29.32,17.56,0,Vegan,Prime,1,7
105,22.0,1.87,18.39,15.12,1,Asian,Regular,1,7
106,48.0,1.25,15.01,15.62,0,Asian,Prime,1,7
107,37.0,3.36,21.09,23.41,1,Italian,Prime,0,5
108,53.0,4.43,20.99,19.85,3,FastFood,Regular,1,6
109,23.0,4.09,28.41,21.97,6,FastFood,Regular,1,8
110,46.0,2.98,30.86,16.58,6,Vegan,Regular,1,7
111,16.0,0.55,10.18,15.49,5,Italian,Regular,1,7
112,34.0,1.42,17.67,21.08,3,FastFood,Regular,1,8
113,26.0,1.46,19.35,20.03,1,FastFood,Regular,1,6
114,28.0,2.37,22.43,17.85,2,Italian,Prime,1,9
115,27.0,5.1,26.75,16.56,5,FastFood,Regular,1,8
116,24.0,1.28,24.99,19.29,6,Vegan,Prime,1,9
117,21.0,6.91,31.5,20.72,6,Asian,Regular,1,7
118,28.0,1.63,19.34,14.95,2,Asian,Regular,1,7
119,33.0,1.52,16.18,20.83,3,Italian,Prime,1,8
120,,3.21,35.79,9.49,3,Italian,Regular,1,8
121,35.0,3.35,25.18,16.41,0,Italian,Regular,1,6
122,42.0,2.88,26.2,,0,Asian,Regular,1,9
123,,1.32,17.52,24.71,0,FastFood,Regular,1,6
124,28.0,2.65,25.18,20.78,5,Italian,Regular,1,7
125,38.0,1.14,19.5,17.9,1,FastFood,Regular,1,9
126,35.0,1.3,,19.25,4,Italian,Regular,1,7
127,24.0,,14.61,24.61,2,FastFood,Regular,1,8
128,40.0,1.28,20.81,25.07,5,FastFood,Regular,1,5
129,27.0,3.59,28.92,19.78,0,FastFood,Regular,1,5
130,25.0,1.47,18.92,12.76,2,Italian,Regular,1,7
131,36.0,1.78,24.36,18.3,1,FastFood,Regular,1,8
132,32.0,1.24,14.45,21.65,3,Vegan,Regular,1,9
133,27.0,4.1,19.98,23.96,3,Italian,Prime,1,9
134,,,12.3,20.84,1,FastFood,Regular,1,5
135,22.0,3.77,21.62,16.92,4,Italian,Regular,1,9
136,28.0,3.62,21.12,28.2,6,FastFood,Regular,1,6
137,42.0,1.81,14.03,20.64,0,Vegan,Prime,1,9
138,34.0,2.05,19.52,15.31,0,Italian,Regular,1,7
139,41.0,1.55,17.28,16.71,6,Asian,Regular,1,10
140,37.0,2.72,19.95,24.0,4,FastFood,Regular,1,7
141,26.0,1.81,13.91,18.32,6,Italian,Regular,1,7
142,17.0,1.6,17.92,20.57,4,Italian,Regular,1,8
143,24.0,2.07,18.71,15.01,5,Vegan,Regular,1,7
144,,0.84,17.54,14.77,1,Italian,Regular,1,6
145,25.0,1.93,16.71,16.59,3,Italian,Regular,1,10
146,41.0,2.88,,20.15,2,FastFood,Regular,1,7
147,41.0,2.5,25.3,22.0,5,FastFood,Prime,1,7
148,52.0,3.4,32.12,20.16,0,Italian,Regular,1,7
149,25.0,1.88,18.34,24.91,0,Italian,Prime,1,9
150,46.0,1.8,20.73,18.78,3,FastFood,Prime,1,7
151,46.0,1.25,11.58,16.25,6,Asian,Prime,1,10
152,30.0,1.85,19.84,17.51,6,Vegan,Prime,1,8
153,36.0,5.94,26.79,24.24,4,FastFood,Regular,1,7
154,43.0,2.34,21.7,21.45,3,Italian,Regular,1,8
155,31.0,1.46,12.02,19.66,1,FastFood,Regular,1,6
156,31.0,1.16,19.14,21.96,6,Asian,Regular,1,7
157,26.0,0.84,19.4,18.87,1,FastFood,Regular,1,7
158,16.0,1.28,19.57,19.47,0,Asian,Regular,1,9
159,33.0,3.06,26.69,20.49,3,Asian,Regular,1,7
160,26.0,1.83,21.12,13.73,2,Asian,Prime,1,8
161,22.0,1.19,17.47,22.73,3,FastFood,Regular,1,5
162,36.0,1.26,13.12,11.87,6,Vegan,Regular,0,4
163,,2.88,21.02,23.47,1,FastFood,Regular,1,5
164,39.0,1.93,15.35,17.7,6,FastFood,Regular,1,6
165,36.0,1.64,18.39,19.98,1,Italian,Prime,1,9
166,28.0,1.7,25.32,20.46,2,Italian,Regular,1,10
167,31.0,6.77,37.29,19.69,0,Asian,Regular,0,5
168,21.0,3.94,27.12,19.14,4,Asian,Regular,1,8
169,39.0,4.52,26.03,21.17,6,FastFood,Regular,1,6
170,34.0,0.77,14.92,,6,Vegan,Regular,1,6
171,34.0,2.13,,20.78,1,FastFood,Prime,1,10
172,37.0,1.41,11.51,15.6,5,Italian,Regular,1,6
173,26.0,2.72,23.93,20.36,0,FastFood,Regular,1,5
174,18.0,3.61,22.07,18.69,4,Vegan,Regular,1,8
175,41.0,2.41,20.76,18.64,4,FastFood,Regular,1,7
176,38.0,1.43,9.65,15.78,1,FastFood,Prime,1,9
177,27.0,1.61,17.02,15.18,0,Italian,Prime,1,10
178,36.0,2.83,29.7,10.68,0,Vegan,Regular,0,5
179,43.0,,24.37,18.64,4,Vegan,Regular,1,8
180,42.0,2.18,21.79,17.87,4,Asian,Regular,0,6
181,27.0,2.16,18.15,11.99,0,Vegan,Regular,1,10
182,19.0,2.07,16.5,20.16,3,Vegan,Regular,1,10
183,20.0,2.69,16.88,18.18,5,Italian,Prime,0,5
184,29.0,2.99,22.02,17.47,1,FastFood,Regular,1,9
185,45.0,2.85,25.12,15.97,4,Asian,Regular,0,7
186,25.0,2.35,21.77,19.52,2,Asian,Prime,1,9
187,27.0,2.25,22.14,15.97,1,Italian,Prime,1,8
188,26.0,1.92,19.31,21.24,2,FastFood,Regular,1,7
189,27.0,1.31,20.18,17.83,2,Asian,Regular,1,8
190,32.0,1.3,14.9,18.53,3,FastFood,Regular,1,6
191,20.0,3.12,18.9,22.32,1,Vegan,Prime,1,9
192,,1.36,10.98,22.21,2,FastFood,Regular,1,9
193,31.0,3.15,18.72,20.24,4,FastFood,Regular,1,7
194,54.0,1.96,16.47,22.67,2,Asian,Regular,0,4
195,21.0,3.16,24.06,24.04,4,FastFood,Regular,1,6
196,46.0,2.86,19.62,15.94,0,FastFood,Regular,1,8
197,45.0,3.68,23.03,17.49,0,Italian,Prime,1,8
198,28.0,1.55,11.42,26.41,6,Vegan,Regular,1,6
199,28.0,2.52,18.86,18.05,3,FastFood,Regular,0,9
200,24.0,3.48,,,4,FastFood,Prime,0,4
201,24.0,0.86,16.23,19.95,5,Asian,Regular,1,6
202,32.0,5.13,19.9,21.33,1,Vegan,Regular,1,9
203,32.0,7.0,38.47,20.57,6,Italian,Regular,1,8
204,18.0,3.39,21.47,23.21,2,FastFood,Regular,1,6
205,53.0,3.14,17.2,21.08,6,FastFood,Regular,1,6
206,,2.78,23.38,18.62,2,FastFood,Regular,1,8
207,33.0,1.69,16.82,22.3,2,FastFood,Regular,1,8
208,26.0,1.9,18.22,16.03,4,Asian,Regular,1,6
209,30.0,,22.82,19.56,1,FastFood,Regular,1,9
210,29.0,1.36,15.69,22.35,4,Italian,Prime,1,9
211,32.0,1.12,18.43,16.09,6,Asian,Regular,1,9
212,32.0,1.86,12.46,22.94,4,Italian,Prime,1,8
213,39.0,2.89,19.21,21.77,0,FastFood,Regular,1,8
214,34.0,1.25,20.97,16.62,4,Asian,Regular,1,7
215,38.0,1.78,,12.64,0,Asian,Regular,1,8
216,32.0,1.9,16.53,22.09,0,Asian,Regular,0,5
217,34.0,1.15,10.19,20.98,1,FastFood,Regular,1,9
218,30.0,0.53,11.74,14.19,2,FastFood,Regular,1,8
219,41.0,1.15,11.92,,0,Vegan,Regular,0,3
220,35.0,2.32,16.36,18.37,0,Italian,Regular,1,7
221,31.0,2.63,21.85,18.21,5,FastFood,Regular,1,8
222,30.0,2.64,21.12,20.92,3,Italian,Regular,0,6
223,31.0,2.82,27.3,10.88,1,Asian,Regular,1,8
224,32.0,1.43,19.63,17.5,3,Vegan,Regular,1,8
225,31.0,1.27,9.75,20.1,4,FastFood,Regular,1,6
226,27.0,2.48,19.14,21.89,5,Vegan,Regular,1,9
227,39.0,1.79,18.93,27.72,2,FastFood,Regular,1,6
228,39.0,3.32,24.01,17.86,1,Italian,Regular,1,9
229,48.0,2.48,20.52,18.1,6,Asian,Regular,1,9
230,27.0,4.08,21.81,29.25,4,FastFood,Regular,1,7
231,38.0,1.79,10.36,21.01,6,FastFood,Prime,1,7
232,16.0,3.62,26.0,19.72,2,Italian,Regular,1,6
233,39.0,7.09,42.77,16.04,0,Vegan,Prime,1,7
234,19.0,2.07,21.84,23.59,2,Italian,Regular,1,6
235,23.0,2.65,23.08,17.5,2,Vegan,Regular,1,7
236,35.0,1.21,21.2,17.64,5,Asian,Regular,1,7
237,26.0,3.29,18.74,19.12,5,Italian,Regular,1,5
238,25.0,3.75,19.52,17.2,0,Asian,Regular,1,7
239,28.0,1.76,17.92,19.7,4,FastFood,Prime,1,8
240,39.0,2.78,,21.72,2,FastFood,Regular,1,7
241,24.0,2.35,22.68,21.22,4,Asian,Regular,1,6
242,32.0,2.5,17.64,22.47,2,Asian,Regular,1,4
243,29.0,3.15,18.71,20.47,3,FastFood,Regular,0,6
244,39.0,3.08,18.76,17.33,5,Italian,Prime,1,8
245,40.0,1.87,17.94,16.4,2,Italian,Regular,1,8
246,16.0,3.18,16.85,27.02,1,Vegan,Regular,1,8
247,41.0,4.27,24.34,18.83,4,Italian,Prime,1,9
248,27.0,1.71,17.94,21.4,6,Italian,Prime,1,9
249,34.0,2.01,18.91,20.31,3,Italian,Regular,1,8
250,24.0,0.76,10.83,24.24,6,Italian,Regular,1,8
251,35.0,3.19,21.36,16.41,1,Asian,Prime,1,10
252,55.0,,,16.4,5,Vegan,Regular,1,9
253,33.0,1.75,11.01,23.33,6,Italian,Regular,1,6
254,28.0,2.17,21.03,23.71,2,FastFood,Regular,1,8
255,30.0,2.05,15.82,22.37,1,FastFood,Prime,0,4
256,19.0,1.88,,20.68,4,Asian,Prime,1,8
257,45.0,2.29,17.18,18.23,6,Asian,Regular,1,7
258,35.0,1.31,20.05,25.71,0,FastFood,Regular,1,8
259,23.0,1.77,15.45,21.74,4,FastFood,Regular,1,7
260,23.0,1.22,17.97,20.85,6,Italian,Regular,1,8
261,32.0,3.2,24.88,22.58,0,FastFood,Prime,1,8
262,40.0,2.3,23.4,16.22,3,Asian,Regular,0,4
263,22.0,1.59,14.24,20.38,0,FastFood,Regular,1,6
264,42.0,2.36,14.43,19.82,1,FastFood,Prime,1,9
265,31.0,1.78,16.96,20.24,3,Vegan,Regular,1,7
266,24.0,4.34,,19.63,2,FastFood,Prime,1,5
267,28.0,1.58,12.45,22.31,0,FastFood,Regular,1,8
268,48.0,3.28,21.29,22.21,5,FastFood,Prime,0,5
269,20.0,1.37,10.0,21.62,1,FastFood,Regular,1,8
270,25.0,3.15,22.63,21.67,6,FastFood,Regular,1,6
271,41.0,,25.58,19.3,1,FastFood,Regular,1,7
272,34.0,3.66,27.26,20.15,3,FastFood,Regular,1,4
273,25.0,4.52,29.23,15.99,5,FastFood,Regular,0,5
274,,2.37,25.52,,3,Italian,Regular,1,6
275,41.0,3.98,31.36,14.63,2,Asian,Regular,1,6
276,35.0,5.66,32.08,18.76,5,Italian,Prime,1,9
277,26.0,1.09,15.25,,0,FastFood,Regular,1,7
278,28.0,1.45,22.89,13.17,5,Italian,Regular,1,7
279,,1.02,11.84,25.81,4,Vegan,Prime,1,7
280,20.0,3.61,27.63,18.85,5,Vegan,Regular,1,9
281,44.0,1.01,17.17,25.34,2,FastFood,Prime,1,8
282,47.0,0.76,15.8,19.42,2,FastFood,Regular,1,9
283,,1.1,,26.09,4,FastFood,Regular,1,9
284,35.0,0.77,14.32,17.54,4,FastFood,Regular,1,9
285,43.0,2.69,19.88,18.96,6,Italian,Prime,1,10
286,50.0,1.11,20.71,15.66,6,Italian,Regular,1,7
287,46.0,0.79,15.8,28.8,0,FastFood,Regular,0,5
288,16.0,2.26,16.69,17.85,1,Italian,Prime,1,8
289,29.0,2.03,17.33,20.65,6,Italian,Regular,1,8
290,37.0,0.83,14.02,22.35,2,FastFood,Prime,1,8
291,,1.56,19.8,16.94,4,Asian,Prime,1,8
292,48.0,2.22,19.73,22.55,0,FastFood,Prime,1,10
293,47.0,1.9,13.77,23.31,0,Vegan,Prime,1,8
294,25.0,,13.52,23.0,2,FastFood,Prime,1,7
295,31.0,3.85,26.38,17.39,5,Asian,Regular,1,7
296,25.0,7.54,,20.95,5,Vegan,Prime,1,10
297,30.0,,13.29,24.86,6,Vegan,Prime,1,9
298,30.0,0.97,22.64,16.0,1,Asian,Regular,1,8
299,41.0,1.77,15.65,12.55,1,Asian,Regular,1,8
300,24.0,2.58,27.7,14.37,3,Asian,Prime,1,5
301,16.0,1.96,17.2,14.55,3,Asian,Regular,0,4
302,18.0,2.82,20.22,18.36,0,FastFood,Regular,1,7
303,23.0,6.8,33.62,16.3,3,Italian,Regular,0,5
304,26.0,0.78,17.43,18.44,6,Italian,Regular,1,6
305,34.0,1.75,17.82,20.19,1,Vegan,Prime,1,7
306,22.0,4.7,20.86,19.12,5,Italian,Regular,1,7
307,21.0,,11.56,16.6,3,Italian,Regular,1,9
308,24.0,3.58,20.34,19.39,3,Asian,Prime,1,6
309,22.0,2.85,16.88,22.6,4,FastFood,Regular,1,4
310,27.0,4.57,23.34,25.74,4,FastFood,Prime,1,10
311,27.0,5.77,26.64,20.7,4,Italian,Regular,1,5
312,38.0,2.78,24.66,17.59,0,Italian,Prime,1,8
313,23.0,0.89,10.98,24.92,2,FastFood,Prime,1,6
314,29.0,1.37,22.23,19.21,5,Italian,Regular,0,5
315,27.0,6.7,28.41,20.57,0,Italian,Regular,1,7
316,39.0,0.93,10.57,23.16,5,FastFood,Regular,1,9
317,31.0,2.65,,18.18,3,Italian,Regular,1,8
318,41.0,0.58,14.28,17.25,0,Asian,Prime,1,7
319,22.0,0.96,12.71,20.61,0,FastFood,Regular,1,5
320,32.0,3.28,24.3,17.11,6,Vegan,Regular,1,8
321,27.0,2.05,18.39,13.49,0,Vegan,Regular,1,7
322,21.0,1.64,18.93,16.7,0,Italian,Regular,1,6
323,31.0,1.48,19.61,21.6,0,FastFood,Prime,1,10
324,48.0,0.67,9.08,21.32,4,Italian,Regular,1,5
325,24.0,2.95,23.19,18.91,6,Asian,Regular,0,5
326,31.0,1.72,15.09,16.33,1,Asian,Regular,1,8
327,20.0,1.0,,15.37,5,Asian,Prime,1,7
328,19.0,2.05,13.41,18.03,5,Italian,Regular,1,9
329,25.0,2.77,26.62,14.66,1,Asian,Regular,1,6
330,28.0,1.8,14.22,14.65,0,FastFood,Regular,0,5
331,28.0,2.15,20.13,13.29,3,Asian,Regular,1,6
332,30.0,2.36,16.34,25.12,0,FastFood,Prime,1,5
333,17.0,1.37,14.54,21.46,0,Asian,Regular,1,7
334,26.0,2.07,18.06,21.61,3,Vegan,Regular,1,8
335,37.0,3.47,24.51,20.83,5,FastFood,Prime,1,7
336,20.0,3.56,22.39,14.88,6,Italian,Regular,1,7
337,29.0,3.11,23.65,20.52,4,FastFood,Regular,1,7
338,35.0,1.39,15.8,18.47,1,Asian,Regular,1,8
339,25.0,2.86,16.71,23.49,2,FastFood,Regular,0,5
340,35.0,2.99,19.6,21.43,4,Vegan,Prime,1,8
341,18.0,1.57,19.96,24.63,1,FastFood,Prime,1,8
342,40.0,1.79,18.37,24.94,3,Vegan,Prime,0,5
343,35.0,3.37,27.51,16.03,5,Asian,Prime,1,10
344,33.0,4.29,29.25,25.79,5,Italian,Regular,1,6
345,42.0,0.74,13.14,12.15,0,Asian,Regular,1,8
346,29.0,4.96,33.09,15.13,2,Asian,Regular,1,9
347,,4.39,24.3,20.06,1,Vegan,Prime,1,8
348,44.0,2.58,23.16,22.65,3,FastFood,Prime,1,8
349,49.0,1.76,16.27,18.03,1,Italian,Regular,0,6
350,26.0,2.5,19.79,19.51,6,FastFood,Regular,0,5
351,31.0,,11.99,24.23,6,Italian,Prime,1,6
352,41.0,2.1,,19.37,2,FastFood,Prime,1,8
353,31.0,1.03,17.45,15.85,2,Italian,Prime,1,10
354,37.0,0.77,18.17,22.9,3,Italian,Regular,1,8
355,39.0,7.26,34.43,20.71,0,Italian,Regular,1,8
356,27.0,2.08,16.99,21.35,6,Italian,Regular,1,8
357,36.0,2.25,15.74,17.47,5,Asian,Regular,1,7
358,32.0,2.28,22.89,13.7,2,Asian,Prime,1,8
359,21.0,1.28,13.59,18.72,3,Italian,Regular,1,7
360,23.0,1.7,20.56,14.56,2,Italian,Regular,1,8
361,26.0,2.12,21.02,20.18,1,Vegan,Regular,1,7
362,40.0,1.81,19.48,22.96,2,FastFood,Regular,1,7
363,41.0,1.33,22.6,24.23,0,FastFood,Regular,0,6
364,39.0,2.62,19.85,20.72,5,FastFood,Regular,1,7
365,36.0,2.57,13.56,18.8,4,Asian,Prime,1,9
366,36.0,2.5,23.28,16.15,6,Italian,Regular,1,8
367,34.0,2.97,15.86,19.32,0,Asian,Regular,1,7
368,36.0,1.83,19.28,18.62,4,Asian,Regular,1,7
369,36.0,1.84,19.42,18.6,3,FastFood,Regular,1,6
370,19.0,5.23,26.98,20.99,4,Vegan,Prime,1,7
371,25.0,1.38,15.27,19.62,6,Asian,Prime,1,9
372,23.0,0.72,13.59,21.24,2,FastFood,Regular,1,8
373,42.0,3.14,19.9,16.36,0,Italian,Prime,1,7
374,47.0,1.64,,21.53,0,FastFood,Prime,1,9
375,16.0,1.11,17.73,22.66,3,FastFood,Regular,1,8
376,,3.28,22.85,18.51,1,FastFood,Regular,1,9
377,33.0,1.86,24.66,16.68,0,Vegan,Regular,0,8
378,41.0,1.16,12.07,19.86,1,Italian,Prime,1,9
379,37.0,5.84,29.09,20.64,1,Italian,Regular,1,7
380,45.0,0.83,10.61,22.16,0,Asian,Regular,1,8
381,34.0,2.21,22.5,20.23,3,Italian,Prime,1,7
382,20.0,0.82,15.17,16.11,4,Vegan,Prime,1,10
383,31.0,2.34,12.86,21.9,2,Asian,Regular,1,6
384,37.0,1.63,10.36,21.24,0,Italian,Prime,1,9
385,30.0,3.16,31.0,13.29,4,Italian,Regular,1,7
386,38.0,2.29,18.72,16.62,0,Vegan,Prime,1,8
387,31.0,4.23,33.53,15.82,5,Asian,Regular,1,7
388,27.0,1.59,,21.85,2,Vegan,Regular,1,9
389,22.0,0.96,18.09,13.86,2,FastFood,Prime,1,9
390,28.0,2.29,21.71,19.17,1,Vegan,Regular,1,7
391,34.0,1.75,22.94,18.87,1,Asian,Regular,1,10
392,16.0,0.74,21.12,12.5,1,FastFood,Regular,1,7
393,25.0,1.13,12.06,20.44,3,Italian,Regular,1,8
394,16.0,1.34,18.31,19.08,1,Asian,Regular,1,6
395,26.0,4.74,33.11,18.46,4,FastFood,Regular,1,6
396,43.0,3.42,26.2,15.5,1,Italian,Prime,1,9
397,21.0,1.91,19.19,14.93,3,Asian,Prime,1,9
398,38.0,2.61,22.33,12.98,3,FastFood,Regular,0,8
399,58.0,0.66,6.4,17.65,4,Italian,Regular,1,6
400,45.0,1.7,11.18,19.07,5,Italian,Prime,1,9
401,33.0,2.51,24.01,17.34,3,FastFood,Regular,1,7
402,40.0,2.21,16.8,22.22,5,Vegan,Regular,1,9
403,20.0,1.5,14.25,17.25,1,Asian,Regular,1,8
404,18.0,1.97,22.28,21.78,5,FastFood,Regular,1,7
405,,2.43,17.31,18.37,2,Vegan,Regular,1,6
406,36.0,2.3,,21.58,4,Vegan,Prime,1,8
407,42.0,3.72,26.96,24.87,3,FastFood,Prime,1,7
408,27.0,2.4,15.55,16.02,6,Asian,Regular,1,8
409,34.0,,20.34,23.28,1,FastFood,Regular,1,4
410,33.0,5.17,25.36,21.66,3,Vegan,Regular,1,7
411,31.0,3.17,15.42,18.0,1,Asian,Regular,1,9
412,31.0,6.03,25.97,21.02,4,Asian,Prime,1,9
413,24.0,1.39,16.84,18.82,0,FastFood,Regular,1,5
414,35.0,0.96,12.99,18.32,2,Vegan,Prime,1,9
415,34.0,1.86,21.87,18.67,0,FastFood,Regular,1,6
416,28.0,1.78,13.25,23.18,2,FastFood,Regular,1,7
417,38.0,4.49,22.15,20.18,3,FastFood,Regular,1,8
418,41.0,1.08,13.49,15.33,2,Asian,Regular,1,6
419,,2.22,17.24,25.99,2,FastFood,Prime,1,10
420,23.0,2.52,19.98,24.57,1,Vegan,Regular,1,8
421,33.0,2.13,19.36,16.21,5,Asian,Regular,0,6
422,24.0,1.83,15.13,16.9,5,FastFood,Regular,0,6
423,33.0,2.45,12.01,26.59,3,FastFood,Regular,1,9
424,24.0,4.19,26.21,22.41,0,FastFood,Prime,1,9
425,43.0,4.69,28.32,19.59,0,Italian,Regular,1,7
426,39.0,2.05,21.4,17.25,4,Asian,Regular,1,6
427,42.0,1.29,16.21,18.6,6,FastFood,Regular,1,7
428,41.0,4.68,29.17,16.01,6,Asian,Regular,1,8
429,30.0,1.11,,23.03,2,FastFood,Regular,1,6
430,28.0,5.39,30.76,15.93,3,Asian,Regular,0,6
431,48.0,4.22,24.16,20.71,1,Vegan,Regular,1,8
432,31.0,4.57,25.32,17.03,0,Asian,Regular,0,5
433,20.0,2.94,23.4,14.46,5,Asian,Regular,1,7
434,41.0,,18.07,20.89,2,Asian,Prime,1,8
435,33.0,1.14,15.73,22.78,3,FastFood,Regular,1,8
436,46.0,2.38,14.8,21.99,2,FastFood,Regular,1,8
437,34.0,1.39,14.89,22.67,2,FastFood,Regular,1,10
438,32.0,1.69,22.07,13.84,6,Italian,Regular,1,8
439,46.0,3.24,16.44,15.82,5,Asian,Prime,1,7
440,18.0,1.83,13.1,13.33,4,Asian,Regular,1,5
441,27.0,1.03,10.36,19.85,2,Vegan,Regular,1,6
442,24.0,3.77,19.48,21.98,5,FastFood,Prime,1,7
443,16.0,3.07,21.69,17.34,2,Asian,Prime,1,9
444,40.0,2.02,11.37,24.54,3,FastFood,Prime,1,8
445,27.0,2.98,25.34,16.51,1,FastFood,Regular,1,8
446,40.0,2.12,23.22,15.08,4,Asian,Regular,1,6
447,36.0,4.19,27.41,20.66,0,Vegan,Regular,1,8
448,37.0,2.19,22.54,19.19,5,Italian,Regular,0,6
449,,4.17,25.36,17.05,4,FastFood,Regular,1,7
450,25.0,0.83,8.59,21.61,0,Italian,Prime,1,9
451,33.0,2.59,18.48,25.63,3,FastFood,Regular,1,7
452,40.0,,16.83,20.69,1,Vegan,Regular,1,6
453,32.0,1.26,15.79,13.38,3,Asian,Regular,1,8
454,26.0,3.81,25.75,21.48,0,FastFood,Regular,1,8
455,21.0,3.28,20.93,22.02,5,FastFood,Regular,1,8
456,34.0,0.77,15.69,,3,FastFood,Prime,1,10
457,27.0,2.98,17.12,23.27,2,Vegan,Regular,1,7
458,31.0,3.21,31.52,18.2,6,Italian,Prime,1,8
459,30.0,1.35,15.77,22.05,4,Asian,Regular,1,7
460,28.0,1.46,19.77,18.88,4,Asian,Prime,0,6
461,35.0,0.84,10.61,19.22,1,Italian,Regular,1,7
462,37.0,1.92,15.13,23.76,3,FastFood,Prime,1,8
463,,2.1,18.59,23.79,4,Vegan,Prime,1,7
464,39.0,3.12,27.92,23.7,6,FastFood,Regular,1,6
465,46.0,2.34,17.99,18.3,4,Italian,Regular,0,4
466,25.0,1.29,17.35,15.42,1,Asian,Prime,1,9
467,18.0,2.3,22.08,14.31,4,Asian,Regular,1,7
468,32.0,2.01,14.14,12.67,0,Vegan,Prime,1,8
469,40.0,1.38,10.11,21.52,2,FastFood,Prime,1,9
470,38.0,0.97,11.88,17.49,6,Italian,Prime,1,10
471,43.0,2.84,25.37,17.63,5,Italian,Regular,1,7
472,16.0,2.57,24.71,21.18,6,Italian,Regular,1,6
473,43.0,3.15,16.64,20.66,2,FastFood,Prime,1,10
474,35.0,1.35,11.79,26.69,4,FastFood,Regular,1,7
475,18.0,2.21,21.16,19.28,4,FastFood,Regular,1,7
476,39.0,0.95,13.85,18.09,1,FastFood,Regular,1,9
477,34.0,1.35,16.09,15.23,6,Italian,Prime,1,8
478,35.0,2.05,25.19,20.38,6,Italian,Regular,1,8
479,41.0,2.33,21.4,19.76,0,Asian,Regular,1,8
480,36.0,0.82,15.32,16.95,5,Italian,Regular,1,10
481,19.0,1.29,11.04,15.73,3,Italian,Prime,1,8
482,31.0,1.65,13.19,25.59,4,FastFood,Regular,0,6
483,17.0,3.92,26.29,14.73,3,Italian,Prime,1,8
484,38.0,1.48,18.23,24.03,1,FastFood,Prime,1,9
485,45.0,2.5,17.07,19.29,0,FastFood,Prime,1,8
486,21.0,2.65,17.05,19.53,3,Italian,Prime,0,7
487,26.0,1.76,19.63,21.3,5,Italian,Regular,1,7
488,24.0,2.33,21.48,22.43,5,FastFood,Regular,1,8
489,28.0,0.96,13.03,17.73,1,Italian,Regular,1,6
490,36.0,1.61,10.81,,6,Italian,Prime,1,7
491,28.0,4.43,27.51,17.69,2,Asian,Regular,1,5
492,38.0,4.61,25.73,25.84,3,Asian,Regular,1,8
493,42.0,3.68,32.37,12.91,2,Asian,Prime,0,5
494,42.0,3.69,28.08,15.84,3,FastFood,Regular,1,10
495,22.0,0.85,13.14,19.39,3,Asian,Prime,1,8
496,44.0,1.2,16.35,18.42,4,Italian,Regular,1,9
497,45.0,1.7,23.04,20.56,3,Italian,Regular,1,9
498,46.0,7.6,39.47,15.64,3,Italian,Regular,1,7
499,31.0,1.7,17.68,18.64,4,Italian,Regular,1,6
500,25.0,3.03,23.14,19.69,2,Italian,Regular,1,7
501,23.0,2.85,20.46,15.7,3,Asian,Prime,1,10
502,22.0,2.45,16.21,20.15,0,Vegan,Regular,1,10
503,32.0,,20.35,15.69,6,Vegan,Regular,1,6
504,40.0,1.2,19.37,19.53,0,Italian,Prime,0,6
505,44.0,0.52,8.65,22.26,6,Italian,Prime,1,8
506,28.0,4.08,28.55,,5,Asian,Regular,0,5
507,32.0,1.65,20.73,17.11,6,FastFood,Prime,1,10
508,31.0,0.72,11.92,19.86,0,Asian,Regular,1,6
509,26.0,2.56,22.93,15.08,1,Italian,Regular,1,5
510,39.0,2.54,16.6,23.52,0,FastFood,Regular,1,8
511,35.0,3.53,21.19,21.17,2,FastFood,Prime,0,6
512,33.0,3.72,29.19,16.0,6,Asian,Regular,1,7
513,35.0,1.21,13.18,25.4,5,FastFood,Regular,0,4
514,38.0,1.43,15.86,23.78,4,FastFood,Prime,1,9
515,37.0,1.69,15.32,21.84,5,FastFood,Regular,1,6
516,24.0,3.16,23.68,14.54,0,FastFood,Regular,1,8
517,40.0,0.73,19.44,23.14,5,FastFood,Prime,1,8
518,34.0,2.16,21.54,14.43,2,Asian,Regular,0,7
519,28.0,3.36,16.72,20.34,4,FastFood,Regular,0,5
520,34.0,3.29,21.77,17.02,5,Asian,Regular,1,7
521,35.0,3.42,,24.81,4,Vegan,Prime,1,8
522,42.0,3.61,25.64,17.84,2,Italian,Regular,1,5
523,23.0,0.44,18.21,,4,FastFood,Regular,1,7
524,44.0,4.89,27.7,22.32,3,Italian,Regular,1,7
525,32.0,2.42,17.16,23.18,4,FastFood,Regular,0,5
526,27.0,4.83,30.09,20.48,3,Italian,Prime,1,8
527,27.0,1.06,13.21,23.67,2,Vegan,Regular,1,9
528,23.0,0.77,13.8,24.32,1,Vegan,Regular,1,7
529,16.0,5.38,38.89,14.86,2,Asian,Regular,1,6
530,38.0,1.21,16.76,16.83,5,FastFood,Regular,1,5
531,50.0,1.7,21.46,19.02,6,Asian,Regular,1,7
532,17.0,3.1,23.49,16.37,0,Asian,Prime,1,7
533,23.0,3.54,27.28,18.05,1,Italian,Prime,1,7
534,39.0,,23.87,14.31,3,Asian,Regular,1,7
535,32.0,2.28,16.84,22.75,4,FastFood,Regular,1,9
536,40.0,1.13,19.51,22.21,1,FastFood,Regular,1,9
537,31.0,2.97,29.46,18.1,2,Italian,Regular,1,6
538,27.0,3.0,25.22,16.83,0,FastFood,Regular,1,7
539,30.0,0.74,11.84,24.63,0,FastFood,Regular,1,8
540,16.0,5.05,23.53,17.61,1,Asian,Prime,1,9
541,22.0,0.59,12.3,22.63,5,Vegan,Prime,1,10
542,41.0,3.56,27.52,13.03,6,Italian,Regular,1,6
543,43.0,1.63,18.49,17.14,3,Asian,Prime,1,7
544,45.0,2.97,20.32,17.49,1,Vegan,Regular,1,7
545,36.0,2.67,,21.11,6,FastFood,Regular,1,8
546,,2.27,15.97,20.95,1,Italian,Prime,1,5
547,26.0,2.58,20.89,19.46,1,Italian,Regular,1,7
548,44.0,1.92,16.07,21.05,0,FastFood,Regular,1,5
549,47.0,3.43,19.83,17.03,2,Asian,Prime,1,8
550,44.0,6.7,42.05,14.44,5,Italian,Regular,1,10
551,30.0,1.11,17.72,16.14,2,Italian,Prime,1,9
552,20.0,0.35,8.93,24.36,3,FastFood,Regular,1,6
553,32.0,1.84,20.96,19.48,2,FastFood,Prime,1,8
554,32.0,1.54,12.83,22.69,6,Vegan,Regular,1,6
555,46.0,1.64,13.33,23.48,4,FastFood,Regular,1,9
556,34.0,,19.99,23.64,4,FastFood,Regular,1,5
557,32.0,3.74,23.06,22.0,3,FastFood,Prime,1,8
558,33.0,0.94,15.58,17.37,3,Italian,Regular,1,6
559,36.0,2.97,24.7,18.11,6,Italian,Prime,1,7
560,38.0,2.86,25.53,20.17,4,Italian,Regular,1,10
561,25.0,2.4,22.21,14.62,5,FastFood,Regular,1,5
562,22.0,,20.65,24.73,0,FastFood,Regular,0,3
563,44.0,3.39,21.42,15.8,6,Asian,Regular,1,9
564,17.0,2.39,20.08,16.79,6,Asian,Prime,1,8
565,47.0,1.66,18.1,16.81,4,Asian,Regular,1,7
566,16.0,2.63,22.39,16.9,6,Asian,Regular,1,7
567,27.0,2.8,22.44,13.85,3,Asian,Regular,1,7
568,41.0,3.28,13.88,21.46,1,FastFood,Regular,1,7
569,32.0,0.79,8.92,20.05,4,Italian,Regular,1,6
570,20.0,2.09,20.21,13.18,4,Italian,Prime,1,6
571,36.0,1.12,13.71,17.1,1,FastFood,Regular,1,7
572,33.0,,18.98,19.15,1,Asian,Regular,1,7
573,30.0,3.0,20.65,20.35,2,Italian,Regular,1,7
574,26.0,1.73,18.93,17.72,3,Asian,Regular,1,8
575,32.0,1.35,20.32,17.59,1,Vegan,Regular,1,7
576,27.0,2.8,20.62,20.36,5,Italian,Regular,1,7
577,54.0,1.87,24.95,16.13,0,Vegan,Regular,0,7
578,30.0,5.07,28.35,18.14,6,Italian,Prime,1,9
579,29.0,6.14,36.94,15.84,4,Vegan,Prime,1,8
580,27.0,4.02,28.29,20.51,2,FastFood,Prime,1,7
581,48.0,2.63,18.93,15.82,2,Italian,Prime,1,8
582,17.0,5.5,28.9,20.47,4,Italian,Regular,1,8
583,35.0,2.64,16.4,22.3,0,FastFood,Prime,1,8
584,30.0,1.55,19.95,17.02,5,Italian,Regular,1,7
585,19.0,1.39,17.08,22.55,3,Vegan,Regular,0,4
586,25.0,1.37,19.71,14.7,1,Asian,Regular,1,7
587,35.0,2.01,16.81,20.89,6,FastFood,Regular,1,6
588,24.0,2.99,14.8,19.16,4,FastFood,Prime,0,6
589,34.0,1.06,14.07,23.23,1,FastFood,Prime,1,8
590,48.0,1.57,19.5,22.93,4,FastFood,Regular,1,9
591,34.0,2.26,14.47,23.15,2,Vegan,Regular,1,7
592,19.0,2.87,21.85,18.72,5,Italian,Regular,0,4
593,24.0,1.99,24.75,12.12,3,FastFood,Regular,0,7
594,29.0,2.65,,17.38,6,Italian,Prime,1,9
595,29.0,1.17,11.48,25.7,6,FastFood,Prime,1,8
596,33.0,1.22,12.56,20.03,0,FastFood,Regular,1,7
597,35.0,1.95,21.19,12.4,2,Asian,Regular,1,8
598,48.0,2.67,24.55,18.08,1,Asian,Regular,0,4
599,32.0,2.29,,20.97,3,Vegan,Regular,1,7
600,22.0,1.26,11.98,16.61,1,Italian,Regular,1,7
601,42.0,1.77,18.54,17.86,3,Italian,Regular,1,8
602,43.0,4.63,32.27,14.97,1,Asian,Regular,0,6
603,34.0,2.72,15.16,20.96,4,Vegan,Regular,1,9
604,30.0,1.84,9.72,17.14,3,Asian,Regular,1,8
605,38.0,1.32,16.37,16.24,6,Vegan,Prime,1,6
606,30.0,1.36,22.28,16.98,6,Asian,Regular,1,7
607,16.0,2.32,19.63,17.45,4,Vegan,Prime,0,3
608,37.0,2.34,17.4,25.38,3,FastFood,Regular,1,9
609,40.0,2.75,22.6,19.14,5,Asian,Regular,1,7
610,45.0,2.49,19.51,18.18,4,Italian,Regular,0,5
611,25.0,1.89,17.05,18.71,0,Italian,Prime,1,7
612,34.0,1.52,12.0,19.43,2,Asian,Regular,1,9
613,34.0,6.21,27.99,19.01,6,Vegan,Regular,0,5
614,33.0,1.48,23.07,21.62,2,Vegan,Regular,0,5
615,33.0,1.14,12.75,25.43,0,FastFood,Prime,1,8
616,32.0,0.82,10.31,15.82,5,Asian,Regular,1,8
617,34.0,1.66,15.57,20.95,6,Asian,Regular,1,7
618,39.0,3.88,20.39,25.07,4,FastFood,Prime,1,10
619,43.0,1.47,18.12,21.75,4,FastFood,Regular,1,9
620,25.0,4.54,27.61,19.67,2,FastFood,Regular,1,7
621,30.0,2.31,15.45,17.57,2,Asian,Prime,1,7
622,28.0,3.71,30.9,17.86,6,Italian,Regular,1,8
623,27.0,1.33,20.52,17.28,6,Vegan,Regular,1,7
624,,1.34,13.57,19.88,3,Italian,Regular,1,9
625,32.0,2.12,19.23,16.63,2,Vegan,Regular,1,9
626,36.0,3.02,25.23,17.62,1,Italian,Prime,1,9
627,31.0,1.82,22.33,16.22,0,Asian,Regular,1,6
628,32.0,2.37,19.24,16.9,3,FastFood,Regular,1,7
629,36.0,2.78,20.04,20.21,3,Italian,Regular,0,5
630,45.0,0.92,17.4,16.45,4,Asian,Regular,1,6
631,28.0,1.67,12.22,23.14,5,Vegan,Regular,1,7
632,21.0,1.51,13.67,16.41,2,Asian,Regular,1,8
633,31.0,1.79,23.62,19.78,1,FastFood,Prime,0,6
634,,2.52,22.19,16.15,5,Italian,Regular,1,9
635,22.0,1.75,21.19,21.12,5,FastFood,Prime,0,6
636,38.0,0.67,12.11,21.13,3,FastFood,Regular,1,7
637,42.0,1.77,20.34,18.78,0,Asian,Regular,1,6
638,16.0,1.29,16.07,17.16,3,Asian,Prime,1,9
639,36.0,3.04,22.89,22.03,4,Asian,Prime,1,8
640,37.0,3.14,21.8,20.78,6,Vegan,Regular,1,7
641,30.0,0.61,13.94,14.63,3,Asian,Regular,1,7
642,26.0,1.51,16.79,14.43,3,Asian,Prime,1,8
643,27.0,2.45,14.96,22.6,2,FastFood,Regular,1,8
644,29.0,0.93,13.25,17.95,2,FastFood,Regular,1,7
645,29.0,3.1,23.25,20.05,0,Italian,Regular,1,9
646,28.0,3.59,16.35,22.01,0,Vegan,Regular,1,6
647,29.0,1.84,14.51,23.76,5,FastFood,Regular,1,9
648,43.0,1.32,19.83,16.24,2,Italian,Regular,1,7
649,21.0,0.65,11.18,19.21,5,Asian,Prime,0,6
650,16.0,3.15,,21.97,2,FastFood,Regular,1,8
651,,6.06,35.78,16.92,6,Italian,Regular,1,9
652,30.0,6.22,29.53,19.05,1,Vegan,Prime,1,10
653,29.0,1.81,17.87,18.13,1,Asian,Regular,1,9
654,31.0,1.1,22.44,18.98,4,FastFood,Regular,1,7
655,34.0,3.19,16.52,20.35,5,Vegan,Regular,1,10
656,27.0,1.88,10.83,25.34,1,FastFood,Regular,1,8
657,37.0,2.62,21.92,22.2,3,Vegan,Regular,1,3
658,23.0,2.74,21.93,21.25,1,FastFood,Prime,1,8
659,29.0,2.44,21.62,19.11,5,Italian,Prime,1,8
660,,3.55,24.52,17.1,3,Italian,Regular,1,7
661,43.0,3.62,21.92,19.47,4,FastFood,Regular,1,8
662,30.0,1.74,17.87,15.2,1,Vegan,Prime,1,9
663,38.0,1.21,15.77,21.75,2,FastFood,Regular,1,6
664,36.0,0.59,13.25,23.05,4,FastFood,Prime,1,10
665,37.0,1.66,19.04,20.79,2,FastFood,Regular,1,6
666,32.0,1.27,20.24,14.89,4,Asian,Prime,0,4
667,35.0,2.92,23.64,17.16,1,Asian,Prime,0,4
668,23.0,1.67,13.67,23.26,2,Vegan,Regular,1,8
669,21.0,1.78,13.47,23.69,0,FastFood,Regular,0,5
670,31.0,,23.22,18.42,0,Italian,Prime,1,7
671,26.0,,18.74,27.14,1,FastFood,Regular,1,7
672,45.0,1.89,17.55,25.52,3,Italian,Regular,1,7
673,35.0,5.09,31.25,18.16,1,Vegan,Regular,1,6
674,26.0,3.02,27.24,16.41,0,Asian,Regular,1,8
675,30.0,1.6,10.81,20.3,6,Italian,Regular,1,9
676,33.0,1.64,16.11,16.13,3,Italian,Regular,1,7
677,31.0,3.11,14.36,21.88,5,Vegan,Regular,1,8
678,34.0,2.59,19.56,18.76,5,Italian,Prime,1,8
679,33.0,1.09,16.92,22.11,0,FastFood,Regular,1,9
680,,,22.23,17.0,4,Italian,Regular,1,10
681,16.0,4.02,18.61,18.64,6,FastFood,Regular,1,7
682,29.0,4.43,31.76,15.04,3,FastFood,Prime,1,8
683,37.0,4.7,25.82,25.45,6,FastFood,Regular,1,8
684,29.0,7.23,27.0,20.95,6,Italian,Prime,1,9
685,43.0,5.21,29.48,18.62,3,Asian,Regular,1,6
686,32.0,2.43,21.04,22.04,0,FastFood,Regular,1,5
687,44.0,2.06,25.08,12.51,4,Italian,Prime,1,7
688,42.0,0.85,10.35,17.4,6,Vegan,Prime,1,9
689,41.0,2.03,25.05,16.39,4,Asian,Regular,1,7
690,21.0,2.68,17.01,15.69,5,Italian,Regular,1,6
691,32.0,2.06,14.86,15.92,3,FastFood,Regular,1,7
692,43.0,0.71,14.45,16.76,2,Vegan,Regular,1,10
693,34.0,1.98,18.41,21.15,6,FastFood,Prime,1,7
694,37.0,3.3,24.19,21.15,1,FastFood,Prime,1,8
695,20.0,1.15,,22.04,3,Vegan,Regular,1,7
696,49.0,2.21,19.18,23.86,1,Italian,Regular,1,10
697,,2.55,22.28,18.65,4,Asian,Regular,1,5
698,16.0,3.72,23.86,18.04,6,Italian,Regular,1,6
699,29.0,5.94,27.99,21.32,6,Asian,Prime,1,8
700,16.0,1.64,16.31,16.25,1,FastFood,Regular,1,8
701,22.0,2.23,24.52,14.76,5,FastFood,Regular,1,9
702,55.0,,27.66,18.34,6,FastFood,Regular,1,9
703,29.0,3.31,27.11,23.44,5,FastFood,Prime,0,5
704,19.0,2.71,17.88,19.97,3,Vegan,Regular,1,8
705,32.0,4.41,24.55,17.62,1,FastFood,Regular,1,7
706,24.0,0.56,16.22,16.61,3,Italian,Regular,1,7
707,40.0,2.53,25.41,14.02,5,Asian,Regular,1,9
708,24.0,2.63,22.4,14.02,4,Asian,Regular,1,8
709,34.0,1.77,17.15,22.53,2,Italian,Regular,1,9
710,22.0,0.58,12.49,18.13,1,Italian,Regular,0,6
711,55.0,1.95,14.43,24.45,4,Vegan,Regular,1,9
712,37.0,1.57,14.42,14.86,2,Asian,Prime,1,5
713,31.0,5.07,,,3,Asian,Regular,1,7
714,29.0,2.48,,20.14,6,Vegan,Regular,1,8
715,27.0,1.3,16.16,19.11,0,Asian,Regular,1,8
716,25.0,0.75,7.25,21.76,1,FastFood,Prime,1,10
717,25.0,3.2,,21.06,6,Italian,Prime,1,9
718,47.0,3.4,18.74,22.66,6,FastFood,Prime,1,7
719,27.0,1.79,17.18,14.38,2,Asian,Regular,1,8
720,16.0,2.81,16.33,21.55,6,Vegan,Regular,1,8
721,22.0,1.66,16.93,18.23,1,Italian,Regular,1,7
722,40.0,3.62,28.94,16.48,0,Italian,Regular,1,7
723,30.0,3.48,18.81,23.08,2,FastFood,Regular,1,8
724,31.0,0.82,16.66,22.08,3,Vegan,Regular,1,7
725,43.0,0.93,15.33,19.55,0,FastFood,Regular,0,6
726,25.0,6.15,23.31,19.95,1,FastFood,Regular,1,8
727,38.0,3.36,,16.84,5,FastFood,Regular,1,5
728,26.0,1.01,14.24,15.59,4,FastFood,Regular,1,7
729,37.0,0.98,15.33,17.87,4,Italian,Prime,1,8
730,28.0,2.26,19.17,20.56,6,Italian,Regular,1,8
731,30.0,1.24,9.15,19.28,1,FastFood,Prime,1,9
732,39.0,1.69,19.83,25.28,6,FastFood,Regular,1,6
733,39.0,2.26,23.61,20.38,2,FastFood,Prime,1,9
734,,2.2,19.58,17.98,6,Italian,Prime,1,9
735,28.0,3.74,24.91,20.13,5,FastFood,Regular,1,8
736,46.0,6.35,28.96,19.36,1,Asian,Prime,1,10
737,37.0,1.55,18.78,18.12,1,FastFood,Regular,1,6
738,28.0,1.08,11.81,20.61,3,FastFood,Regular,1,7
739,26.0,2.87,22.99,17.08,3,Italian,Prime,0,3
740,41.0,4.94,29.94,17.04,1,Italian,Regular,1,9
741,33.0,1.61,15.87,21.11,1,FastFood,Regular,1,8
742,31.0,3.21,23.86,20.66,6,FastFood,Regular,0,5
743,33.0,1.27,18.42,22.44,5,Vegan,Regular,0,5
744,35.0,2.04,20.4,20.97,1,FastFood,Regular,1,8
745,31.0,1.06,12.85,19.94,5,Italian,Regular,1,9
746,43.0,2.03,16.78,18.95,1,Italian,Regular,0,5
747,43.0,1.89,19.66,25.21,3,FastFood,Regular,1,8
748,37.0,2.81,19.49,17.71,0,Italian,Regular,1,8
749,44.0,5.35,41.14,16.28,4,Asian,Regular,1,5
750,32.0,1.63,11.0,18.79,1,Asian,Regular,1,6
751,38.0,0.67,21.62,20.05,1,FastFood,Regular,1,8
752,41.0,1.8,17.41,22.5,1,FastFood,Regular,1,9
753,41.0,2.73,15.07,28.01,1,FastFood,Prime,1,10
754,40.0,2.59,27.48,15.95,0,Italian,Prime,1,7
755,38.0,1.85,,20.68,3,Asian,Regular,1,9
756,50.0,4.56,24.35,19.52,6,FastFood,Regular,1,9
757,27.0,2.5,13.81,25.01,2,FastFood,Prime,1,9
758,31.0,2.19,18.6,21.42,5,Vegan,Prime,1,6
759,30.0,1.31,15.22,22.8,3,FastFood,Regular,1,7
760,29.0,0.77,18.72,18.11,1,Italian,Regular,1,8
761,16.0,2.41,30.01,16.4,0,Asian,Regular,1,7
762,44.0,2.3,18.35,18.83,5,FastFood,Regular,1,5
763,23.0,1.29,8.65,21.02,0,FastFood,Prime,1,8
764,34.0,1.97,23.37,20.45,2,FastFood,Regular,1,6
765,19.0,,13.38,20.03,0,Vegan,Regular,1,8
766,38.0,1.43,24.51,16.77,5,FastFood,Regular,1,8
767,25.0,1.5,18.95,21.07,6,FastFood,Prime,1,9
768,22.0,2.52,16.6,24.79,2,FastFood,Regular,1,7
769,34.0,2.05,17.55,23.83,2,FastFood,Prime,1,8
770,26.0,1.45,21.75,18.56,3,Italian,Regular,1,7
771,27.0,1.25,13.18,28.69,3,FastFood,Regular,1,9
772,34.0,1.87,22.53,17.0,2,Italian,Regular,1,7
773,39.0,3.35,23.32,18.27,2,Italian,Regular,1,6
774,25.0,2.59,26.61,13.52,1,Asian,Prime,1,10
775,23.0,1.77,18.11,19.79,1,FastFood,Regular,1,8
776,32.0,2.39,14.05,,4,Vegan,Regular,1,8
777,37.0,4.26,29.14,17.55,5,Italian,Regular,0,7
778,45.0,2.64,17.72,16.42,5,FastFood,Regular,1,10
779,22.0,2.32,18.95,19.09,3,Asian,Regular,1,9
780,29.0,3.29,16.42,20.59,5,Vegan,Prime,1,7
781,43.0,1.85,14.84,23.49,4,FastFood,Regular,1,8
782,50.0,2.23,16.57,18.67,2,Vegan,Regular,1,8
783,23.0,1.54,20.25,15.88,2,Italian,Regular,1,7
784,25.0,0.86,10.92,18.02,3,Italian,Regular,1,6
785,35.0,2.43,18.25,21.05,2,Vegan,Regular,1,8
786,27.0,,23.49,18.31,5,Italian,Regular,1,8
787,25.0,1.72,17.46,17.93,1,Asian,Regular,1,9
788,34.0,4.09,27.55,19.39,0,FastFood,Prime,1,9
789,46.0,1.56,16.67,18.02,3,Asian,Prime,1,9
790,20.0,0.87,17.24,18.49,0,Italian,Prime,1,8
791,45.0,1.37,18.27,18.88,1,FastFood,Regular,1,8
792,27.0,0.86,11.91,18.86,2,Italian,Regular,1,5
793,35.0,2.79,27.37,19.84,0,FastFood,Prime,1,9
794,46.0,1.33,13.84,22.85,1,FastFood,Regular,1,8
795,,3.46,19.48,23.62,3,FastFood,Regular,1,10
796,29.0,3.42,19.81,22.5,2,FastFood,Regular,1,7
797,38.0,1.39,16.95,16.1,6,FastFood,Prime,1,10
798,30.0,1.29,12.94,18.11,0,FastFood,Regular,1,7
799,37.0,2.7,22.32,15.47,5,Asian,Regular,1,10
800,30.0,3.45,25.04,15.09,4,Asian,Regular,1,9
801,40.0,0.67,15.4,15.7,4,Asian,Regular,1,9
802,19.0,2.35,18.87,23.78,4,FastFood,Regular,1,7
803,23.0,0.6,11.18,21.46,0,Vegan,Regular,1,7
804,,1.49,12.61,17.4,5,Italian,Regular,0,5
805,31.0,4.23,15.89,22.78,2,FastFood,Prime,1,7
806,18.0,12.12,39.38,21.99,4,FastFood,Prime,0,7
807,26.0,1.77,23.47,16.92,2,Asian,Regular,1,7
808,,1.17,15.59,24.44,2,FastFood,Prime,0,6
809,45.0,1.52,19.11,16.78,4,Italian,Regular,1,8
810,23.0,2.4,23.78,19.65,6,Vegan,Prime,1,7
811,20.0,1.39,15.88,17.85,6,FastFood,Regular,1,9
812,34.0,1.21,21.56,17.99,5,FastFood,Regular,1,8
813,47.0,1.59,16.78,15.69,3,Vegan,Regular,1,9
814,,2.5,19.1,15.94,3,Italian,Regular,1,6
815,32.0,1.83,17.48,21.25,6,FastFood,Regular,0,4
816,44.0,1.24,18.31,18.65,1,Vegan,Regular,1,7
817,40.0,1.39,14.7,18.74,6,Vegan,Regular,1,8
818,36.0,1.6,20.31,17.72,4,Italian,Regular,1,7
819,27.0,1.16,17.3,23.11,4,Italian,Regular,1,9
820,36.0,1.57,18.02,17.59,4,FastFood,Prime,1,10
821,20.0,2.87,,17.27,5,FastFood,Regular,1,6
822,26.0,2.04,,16.3,4,Italian,Prime,1,10
823,45.0,0.77,18.26,20.78,0,FastFood,Regular,1,7
824,44.0,3.54,19.65,18.24,5,Asian,Regular,1,9
825,36.0,2.53,29.62,18.48,5,Asian,Regular,1,7
826,16.0,0.94,5.93,23.83,6,FastFood,Regular,1,8
827,21.0,1.65,17.09,18.22,6,Italian,Regular,1,9
828,26.0,1.5,17.11,19.81,6,FastFood,Prime,0,4
829,30.0,2.92,26.32,24.07,0,Vegan,Regular,0,7
830,21.0,1.89,16.08,12.65,4,FastFood,Prime,1,7
831,30.0,1.93,19.82,18.66,6,Italian,Regular,1,7
832,48.0,1.81,14.97,19.62,6,Italian,Regular,0,4
833,36.0,0.89,11.46,23.37,3,Italian,Regular,1,7
834,34.0,5.02,40.36,13.01,6,Asian,Prime,1,8
835,23.0,2.9,22.15,15.99,6,Asian,Regular,1,6
836,17.0,1.34,19.03,14.97,0,Italian,Regular,1,8
837,21.0,2.24,24.4,12.68,6,Asian,Regular,1,8
838,17.0,3.44,29.37,,4,Vegan,Regular,1,7
839,33.0,2.39,13.85,20.67,4,Italian,Prime,1,10
840,35.0,5.45,27.65,21.64,1,Italian,Prime,1,10
841,23.0,11.53,46.98,19.4,6,FastFood,Prime,0,4
842,33.0,2.16,17.49,18.6,2,Asian,Prime,1,10
843,45.0,1.68,26.78,17.99,2,Italian,Prime,1,8
844,50.0,1.17,10.98,19.95,2,Italian,Regular,1,6
845,39.0,0.6,5.0,24.46,6,FastFood,Regular,1,8
846,30.0,4.0,25.17,,3,Vegan,Regular,1,7
847,39.0,1.66,18.53,21.3,0,Italian,Regular,1,9
848,44.0,3.26,26.01,14.09,0,Asian,Regular,1,8
849,16.0,,,22.97,6,FastFood,Regular,1,8
850,45.0,,11.37,22.39,1,Vegan,Prime,1,8
851,27.0,1.39,22.51,23.79,5,FastFood,Prime,1,7
852,27.0,5.26,33.86,17.44,0,FastFood,Regular,1,8
853,29.0,2.23,20.15,18.92,6,Vegan,Prime,1,8
854,35.0,1.4,24.18,20.35,4,Vegan,Regular,1,8
855,22.0,,12.55,22.33,1,FastFood,Regular,1,9
856,29.0,1.86,17.82,18.8,6,Italian,Regular,1,7
857,37.0,4.62,19.29,20.43,2,Asian,Regular,1,8
858,34.0,2.94,24.83,15.87,6,Vegan,Regular,1,7
859,35.0,2.23,17.34,17.88,4,Italian,Regular,1,7
860,29.0,,33.0,14.11,3,Italian,Regular,1,5
861,38.0,4.34,32.97,18.49,0,Asian,Regular,1,7
862,42.0,2.78,19.95,18.33,1,Asian,Prime,1,8
863,41.0,9.27,26.48,25.04,0,Asian,Regular,1,6
864,36.0,1.76,19.63,21.17,5,Italian,Regular,1,5
865,40.0,3.68,24.86,21.99,0,FastFood,Regular,1,5
866,40.0,1.62,,20.21,0,Vegan,Regular,1,10
867,56.0,3.31,25.6,18.61,0,Vegan,Regular,1,7
868,43.0,1.76,24.38,17.31,6,Asian,Regular,1,6
869,31.0,2.6,20.33,21.83,6,FastFood,Regular,1,7
870,24.0,7.5,40.95,15.11,5,FastFood,Regular,1,7
871,30.0,3.4,20.0,17.47,0,Asian,Regular,1,8
872,29.0,2.62,15.79,21.3,3,FastFood,Regular,1,7
873,37.0,1.32,16.65,24.41,6,Vegan,Regular,1,10
874,26.0,2.23,17.86,18.16,0,Italian,Regular,1,10
875,43.0,1.16,,15.16,5,Asian,Regular,1,8
876,19.0,3.28,23.49,20.25,0,Vegan,Regular,0,5
877,17.0,3.24,23.41,18.69,5,Italian,Regular,1,8
878,31.0,1.82,17.86,20.61,3,FastFood,Regular,1,6
879,24.0,5.03,29.22,15.17,6,Italian,Regular,1,9
880,21.0,4.65,25.86,18.09,2,Italian,Regular,1,8
881,26.0,2.19,18.54,16.99,5,Italian,Regular,1,6
882,25.0,2.75,14.16,17.94,5,Italian,Regular,1,7
883,32.0,1.46,16.13,21.55,2,Vegan,Regular,1,8
884,26.0,1.99,15.32,16.75,4,Italian,Prime,1,6
885,27.0,1.28,15.41,20.34,3,FastFood,Prime,1,7
886,32.0,1.78,12.45,19.91,3,Italian,Prime,1,8
887,41.0,1.9,17.54,17.8,5,Italian,Regular,1,9
888,45.0,0.81,15.69,28.83,1,FastFood,Regular,1,10
889,33.0,2.77,21.14,21.75,0,FastFood,Regular,1,8
890,34.0,3.53,23.81,14.02,3,Asian,Regular,1,3
891,30.0,,17.8,18.48,5,FastFood,Regular,1,6
892,,0.46,18.02,16.87,1,Vegan,Regular,1,10
893,36.0,1.75,24.61,18.52,2,FastFood,Regular,1,8
894,44.0,0.94,15.22,22.61,4,FastFood,Regular,1,4
895,16.0,1.44,16.48,14.34,3,Asian,Regular,1,10
896,30.0,4.48,27.5,18.57,4,Vegan,Regular,1,6
897,35.0,0.61,9.81,24.43,3,FastFood,Prime,1,9
898,32.0,1.29,,19.44,5,FastFood,Regular,1,6
899,24.0,3.18,13.12,23.01,6,FastFood,Regular,1,10
900,20.0,1.57,15.64,14.12,3,Italian,Prime,1,6
901,39.0,1.31,17.02,17.54,3,Italian,Regular,1,7
902,25.0,6.16,30.28,18.34,1,FastFood,Regular,1,9
903,16.0,2.48,22.21,21.9,3,FastFood,Regular,0,4
904,40.0,3.37,22.78,15.81,5,Italian,Regular,0,6
905,36.0,2.64,15.34,25.3,3,Vegan,Regular,1,8
906,31.0,2.53,19.46,13.07,4,Asian,Prime,1,9
907,24.0,4.64,24.08,21.45,2,Italian,Prime,1,7
908,31.0,6.6,26.86,23.63,4,FastFood,Prime,1,7
909,43.0,0.92,13.4,21.93,4,FastFood,Prime,1,8
910,17.0,1.98,13.39,21.16,3,FastFood,Regular,1,8
911,18.0,2.26,11.92,21.45,6,Asian,Prime,1,9
912,26.0,1.59,15.66,26.42,6,Vegan,Regular,1,8
913,32.0,3.45,20.57,18.92,1,Vegan,Regular,1,8
914,28.0,2.67,11.26,19.94,1,Vegan,Prime,1,6
915,38.0,6.68,33.04,17.95,6,Vegan,Prime,0,6
916,42.0,4.24,33.15,16.23,2,Vegan,Prime,1,8
917,,4.27,25.51,22.39,2,FastFood,Regular,1,8
918,37.0,1.04,13.46,21.75,5,FastFood,Regular,1,8
919,34.0,1.29,17.64,16.17,4,FastFood,Regular,1,6
920,32.0,1.35,9.96,19.69,0,Italian,Regular,1,7
921,20.0,,26.71,21.85,0,FastFood,Prime,1,10
922,,1.36,20.35,15.56,5,Asian,Prime,1,9
923,20.0,1.2,22.91,16.77,5,Italian,Regular,1,7
924,31.0,1.09,14.22,19.6,2,Italian,Regular,1,6
925,34.0,9.15,30.05,25.83,6,FastFood,Regular,1,8
926,19.0,1.86,19.33,22.2,0,FastFood,Regular,1,6
927,33.0,2.7,20.38,23.34,6,FastFood,Regular,1,7
928,24.0,1.24,18.24,17.17,0,Vegan,Prime,1,8
929,22.0,3.41,21.18,17.42,4,Italian,Regular,1,8
930,26.0,0.87,14.67,18.46,5,Asian,Prime,1,8
931,22.0,1.18,12.98,16.92,4,FastFood,Regular,1,7
932,37.0,1.55,15.31,19.04,5,Italian,Prime,1,7
933,30.0,2.27,17.86,19.78,2,Italian,Regular,1,7
934,39.0,1.3,22.99,16.91,2,Asian,Regular,1,8
935,,4.66,27.7,17.77,1,Asian,Regular,1,7
936,28.0,3.05,10.68,21.17,0,FastFood,Prime,1,8
937,49.0,1.58,19.04,17.76,1,Vegan,Prime,1,9
938,17.0,3.49,26.43,17.47,1,FastFood,Regular,1,9
939,44.0,1.62,14.18,19.25,5,Vegan,Regular,1,8
940,47.0,1.46,13.44,24.91,1,FastFood,Regular,0,3
941,39.0,3.79,21.58,24.07,1,FastFood,Prime,0,7
942,29.0,0.52,10.49,16.17,5,Asian,Regular,1,9
943,45.0,3.02,21.88,19.9,3,FastFood,Regular,1,8
944,29.0,1.36,13.06,17.36,1,Italian,Regular,1,4
945,26.0,1.36,16.26,17.36,4,Italian,Regular,1,8
946,29.0,6.8,32.81,21.86,1,FastFood,Prime,1,10
947,27.0,1.73,18.17,19.54,5,Asian,Prime,1,8
948,23.0,3.92,22.53,25.84,0,Vegan,Prime,1,10
949,42.0,2.7,21.45,17.18,4,Vegan,Prime,1,5
950,25.0,2.86,18.68,22.95,4,FastFood,Prime,1,8
951,32.0,1.75,15.33,19.91,2,Italian,Regular,1,8
952,19.0,1.96,15.11,20.01,4,FastFood,Prime,1,9
953,32.0,4.67,31.24,17.92,2,FastFood,Regular,0,5
954,22.0,3.36,23.44,21.83,4,FastFood,Regular,1,6
955,21.0,1.76,15.67,25.44,1,Vegan,Prime,1,8
956,31.0,1.13,17.91,20.25,3,Vegan,Regular,1,8
957,42.0,1.46,13.65,15.11,5,Asian,Regular,1,5
958,36.0,3.45,22.11,18.09,6,Italian,Regular,1,9
959,37.0,3.85,27.0,15.54,2,Italian,Regular,0,5
960,31.0,3.14,23.65,18.55,3,Italian,Prime,1,9
961,29.0,0.83,16.99,20.28,3,Italian,Regular,0,6
962,39.0,3.05,29.09,16.7,6,Italian,Regular,1,10
963,27.0,4.12,29.0,11.23,6,FastFood,Regular,1,9
964,40.0,2.22,15.92,21.83,4,FastFood,Regular,0,3
965,43.0,5.98,32.78,18.1,5,Vegan,Regular,1,10
966,24.0,0.97,10.43,16.55,0,Italian,Regular,1,4
967,26.0,2.93,18.26,17.37,5,Vegan,Regular,1,7
968,27.0,1.15,19.66,22.2,5,FastFood,Regular,1,8
969,19.0,3.6,21.43,17.44,5,Italian,Regular,1,7
970,28.0,2.82,19.76,23.79,4,FastFood,Regular,1,8
971,44.0,6.24,21.74,23.86,6,FastFood,Prime,0,6
972,23.0,2.65,21.06,20.19,4,FastFood,Regular,1,9
973,44.0,1.61,19.8,,5,FastFood,Regular,0,4
974,28.0,1.77,25.57,19.86,1,Vegan,Prime,1,8
975,51.0,1.75,17.87,20.56,4,FastFood,Regular,1,10
976,26.0,1.52,23.16,13.94,3,Italian,Regular,1,9
977,31.0,4.86,26.04,23.48,6,Italian,Prime,1,8
978,24.0,4.06,27.54,20.36,6,Italian,Regular,1,8
979,26.0,1.02,15.71,17.29,5,Italian,Prime,1,10
980,44.0,2.37,20.83,15.25,1,FastFood,Prime,1,7
981,36.0,2.4,,18.99,3,Vegan,Prime,1,7
982,41.0,1.51,12.94,15.59,0,Asian,Prime,1,8
983,20.0,2.56,18.43,16.85,6,Asian,Regular,1,8
984,38.0,5.17,35.94,12.87,1,Italian,Prime,1,10
985,23.0,3.29,17.79,19.58,4,FastFood,Regular,1,6
986,20.0,4.22,21.31,18.35,3,Vegan,Regular,1,6
987,,1.36,15.35,20.42,6,FastFood,Regular,1,6
988,34.0,2.05,19.41,20.29,5,FastFood,Regular,1,6
989,32.0,,17.1,21.16,5,FastFood,Regular,0,4
990,38.0,2.3,21.37,20.65,4,Asian,Regular,1,5
991,40.0,2.41,21.74,17.16,0,Italian,Regular,1,7
992,45.0,3.41,29.73,14.81,6,Asian,Regular,0,4
993,21.0,4.77,30.85,12.85,0,Asian,Prime,1,8
994,46.0,2.94,17.94,19.47,3,FastFood,Regular,1,10
995,49.0,1.44,17.42,15.58,2,Vegan,Prime,1,6
996,29.0,1.1,12.52,21.0,2,Italian,Prime,1,10
997,17.0,3.08,24.61,16.77,6,Asian,Prime,1,10
998,20.0,4.6,23.84,23.82,1,FastFood,Regular,1,9
999,28.0,2.28,23.45,23.6,4,Vegan,Prime,1,9
1000,50.0,1.0,11.75,18.4,1,FastFood,Prime,1,10
1001,,7.29,36.55,19.96,6,FastFood,Prime,1,9
1002,,3.03,14.48,21.96,5,Italian,Prime,1,10
1003,26.0,2.21,23.35,21.57,2,FastFood,Regular,1,8
1004,20.0,1.06,17.33,22.56,0,FastFood,Regular,1,6
1005,40.0,2.34,13.11,19.48,1,Asian,Prime,1,10
1006,31.0,2.94,19.33,20.83,1,Italian,Regular,1,10
1007,51.0,3.05,22.92,20.65,2,Vegan,Prime,1,8
1008,38.0,1.39,19.5,25.19,6,FastFood,Regular,1,7
1009,39.0,1.95,21.59,16.84,0,Asian,Regular,1,8
1010,30.0,1.44,14.06,19.85,4,Italian,Regular,1,5
1011,22.0,5.03,26.45,16.58,2,Asian,Regular,1,6
1012,24.0,3.79,24.17,21.15,0,Italian,Prime,1,9
1013,20.0,1.51,16.32,16.68,4,Italian,Regular,1,7
1014,40.0,1.22,,14.79,4,Vegan,Prime,1,8
1015,29.0,2.35,18.52,22.96,6,FastFood,Regular,1,7
1016,41.0,1.77,17.87,17.94,3,FastFood,Prime,1,8
1017,33.0,1.6,26.66,14.31,2,Asian,Regular,1,6
1018,29.0,1.08,18.42,20.04,5,Asian,Regular,1,8
1019,21.0,1.15,,23.9,1,FastFood,Regular,1,8
1020,35.0,2.2,15.17,17.61,4,Italian,Regular,0,4
1021,30.0,2.0,28.52,10.97,6,Vegan,Prime,1,9
1022,40.0,9.14,51.24,18.28,0,Asian,Prime,1,7
1023,26.0,2.79,26.21,21.36,6,Vegan,Regular,1,8
1024,38.0,1.07,16.08,19.84,1,Italian,Regular,1,7
1025,47.0,0.87,14.03,18.13,3,Asian,Regular,1,8
1026,34.0,2.51,23.08,20.46,1,FastFood,Regular,1,8
1027,39.0,1.62,20.33,18.35,1,Vegan,Regular,1,7
1028,37.0,4.19,29.77,15.62,4,Italian,Regular,1,8
1029,49.0,2.35,21.3,15.33,3,Asian,Regular,1,8
1030,35.0,0.78,15.81,19.34,3,Italian,Prime,1,8
1031,38.0,,25.91,19.38,3,Italian,Regular,1,8
1032,32.0,1.39,13.49,18.9,5,Asian,Regular,1,7
1033,25.0,2.57,22.19,14.84,6,Italian,Regular,1,5
1034,21.0,1.13,17.05,,3,Vegan,Regular,1,7
1035,43.0,2.19,17.92,17.51,1,Italian,Regular,1,6
1036,23.0,0.97,18.56,14.55,2,Asian,Regular,1,7
1037,39.0,2.02,21.06,21.56,3,FastFood,Regular,1,6
1038,,2.84,18.24,15.09,0,Italian,Prime,1,7
1039,40.0,5.17,23.18,21.57,1,Italian,Prime,1,7
1040,27.0,2.65,15.36,18.53,1,FastFood,Prime,1,9
1041,25.0,1.29,15.88,25.78,6,FastFood,Regular,1,8
1042,35.0,4.58,28.76,18.26,2,Asian,Regular,1,8
1043,29.0,1.82,20.31,14.47,6,Asian,Regular,1,9
1044,21.0,3.08,22.68,22.03,3,Asian,Regular,1,10
1045,49.0,1.65,13.94,21.8,3,FastFood,Prime,1,9
1046,25.0,2.43,13.8,21.5,6,FastFood,Prime,1,9
1047,23.0,1.3,10.3,20.8,4,FastFood,Regular,1,8
1048,30.0,2.4,20.03,18.12,1,Asian,Regular,1,8
1049,43.0,3.13,23.11,20.97,1,Vegan,Regular,1,5
1050,16.0,1.53,13.03,18.41,4,FastFood,Regular,1,4
1051,43.0,1.71,17.29,16.49,0,Asian,Prime,1,6
1052,24.0,2.45,24.66,21.35,1,FastFood,Regular,1,7
1053,34.0,1.28,10.96,22.75,0,FastFood,Regular,1,9
1054,26.0,0.87,11.28,22.8,4,FastFood,Regular,1,8
1055,50.0,2.45,20.79,21.49,3,FastFood,Regular,1,7
1056,33.0,1.9,19.16,15.68,0,Asian,Regular,1,8
1057,26.0,2.16,14.26,17.82,5,Vegan,Prime,1,9
1058,29.0,2.68,19.9,17.43,4,FastFood,Regular,1,6
1059,33.0,2.9,17.59,20.04,5,Italian,Regular,1,8
1060,34.0,1.84,17.68,15.52,1,Asian,Regular,1,8
1061,36.0,1.09,15.0,18.96,6,Vegan,Regular,0,8
1062,32.0,1.42,17.49,19.12,1,Italian,Regular,1,7
1063,20.0,2.78,21.03,21.01,3,FastFood,Regular,1,10
1064,29.0,2.17,11.42,18.49,3,Italian,Regular,1,7
1065,37.0,1.49,15.47,18.29,1,FastFood,Regular,1,10
1066,26.0,1.5,23.49,20.25,2,Vegan,Prime,1,8
1067,38.0,3.25,23.55,17.69,0,Italian,Prime,1,9
1068,32.0,2.05,18.17,16.79,3,Asian,Prime,1,9
1069,30.0,3.05,15.49,24.47,4,FastFood,Regular,0,7
1070,43.0,3.76,24.05,19.81,2,Italian,Prime,1,10
1071,16.0,1.7,16.38,17.9,3,Vegan,Regular,1,6
1072,26.0,3.4,18.46,18.11,6,Italian,Regular,1,7
1073,43.0,2.17,17.79,22.66,1,Italian,Regular,1,10
1074,48.0,2.33,22.9,18.64,2,Vegan,Regular,1,8
1075,53.0,0.69,16.82,19.61,0,Vegan,Prime,1,9
1076,32.0,1.18,12.37,22.99,3,FastFood,Regular,1,6
1077,36.0,1.22,17.14,19.06,1,Italian,Regular,0,5
1078,39.0,1.94,17.71,17.53,5,Italian,Prime,1,7
1079,43.0,2.14,13.38,15.22,2,Asian,Regular,1,9
1080,35.0,2.52,16.69,20.97,4,FastFood,Prime,1,9
1081,40.0,,16.21,22.97,1,FastFood,Prime,1,10
1082,36.0,1.59,11.86,,2,Vegan,Prime,1,7
1083,37.0,3.39,25.81,15.4,1,Vegan,Prime,1,9
1084,24.0,5.45,21.27,21.23,3,Asian,Regular,1,7
1085,29.0,,12.58,18.69,0,Vegan,Regular,1,4
1086,27.0,,12.47,19.22,0,Asian,Prime,1,9
1087,21.0,1.59,22.13,15.23,3,Asian,Prime,1,10
1088,17.0,2.11,14.96,13.13,3,Asian,Regular,1,9
1089,28.0,1.51,18.43,15.09,2,Italian,Regular,1,7
1090,30.0,0.78,14.88,17.64,3,Italian,Regular,1,8
1091,,0.9,20.78,22.57,2,FastFood,Regular,1,8
1092,37.0,3.53,29.43,17.07,5,Asian,Regular,0,4
1093,34.0,4.69,28.49,20.25,3,FastFood,Prime,0,5
1094,30.0,5.58,27.37,,5,FastFood,Prime,0,6
1095,24.0,2.28,18.16,18.51,1,Italian,Regular,1,7
1096,40.0,1.17,19.68,19.23,1,Italian,Regular,1,8
1097,31.0,1.58,12.65,30.33,2,FastFood,Regular,1,7
1098,28.0,0.89,9.39,16.98,0,Asian,Regular,1,8
1099,30.0,0.87,11.83,17.55,4,Vegan,Regular,1,6
1100,25.0,2.32,16.25,22.44,2,FastFood,Regular,1,9
1101,27.0,2.71,12.71,23.2,2,FastFood,Regular,1,5
1102,27.0,5.91,30.67,21.9,3,FastFood,Regular,1,7
1103,29.0,1.92,11.05,17.38,0,Asian,Regular,1,7
1104,38.0,0.95,14.59,20.56,2,Asian,Regular,1,7
1105,36.0,1.88,22.13,25.07,6,FastFood,Regular,1,6
1106,46.0,1.72,18.35,16.72,4,Asian,Regular,1,5
1107,43.0,1.54,14.66,19.07,4,FastFood,Regular,1,8
1108,50.0,2.43,17.34,19.62,3,Italian,Regular,1,7
1109,37.0,1.03,19.56,17.68,3,Vegan,Regular,1,8
1110,37.0,2.16,18.01,23.66,6,FastFood,Regular,1,5
1111,,3.31,21.62,22.27,6,FastFood,Prime,1,10
1112,39.0,4.4,20.5,25.44,2,Italian,Regular,1,7
1113,26.0,2.39,12.37,22.33,6,Italian,Regular,1,3
1114,19.0,3.57,22.65,16.48,0,Vegan,Regular,1,8
1115,46.0,1.81,14.99,18.05,2,Vegan,Prime,1,8
1116,21.0,1.96,17.05,15.26,2,FastFood,Prime,1,7
1117,36.0,4.23,36.82,14.59,4,FastFood,Regular,1,9
1118,24.0,0.95,7.82,17.27,4,Asian,Regular,1,9
1119,42.0,1.61,8.25,17.42,3,FastFood,Regular,1,8
1120,43.0,3.75,22.02,24.1,1,Vegan,Regular,0,5
1121,37.0,1.79,,19.78,3,Asian,Regular,1,8
1122,43.0,1.72,15.3,20.19,1,FastFood,Regular,1,5
1123,32.0,2.0,21.41,16.21,3,Asian,Prime,1,9
1124,52.0,2.47,18.41,25.46,2,FastFood,Prime,1,10
1125,39.0,3.66,17.87,22.96,6,Italian,Regular,1,9
1126,24.0,3.85,24.31,16.08,5,Italian,Prime,1,7
1127,33.0,2.03,21.41,15.74,1,Italian,Regular,1,8
1128,31.0,3.67,23.95,16.28,6,Asian,Regular,1,6
1129,30.0,2.79,24.05,18.03,4,Asian,Prime,0,6
1130,17.0,3.23,19.17,18.06,2,Vegan,Regular,1,6
1131,35.0,1.14,17.42,20.77,3,Vegan,Regular,0,4
1132,20.0,5.24,25.41,23.57,1,Italian,Regular,1,8
1133,16.0,2.27,21.23,16.78,0,FastFood,Regular,1,6
1134,29.0,0.44,13.17,15.93,2,Asian,Regular,1,6
1135,25.0,5.02,30.75,15.62,5,Vegan,Regular,0,5
1136,24.0,2.02,18.43,18.49,2,FastFood,Regular,1,5
1137,16.0,1.62,13.19,17.73,2,Italian,Regular,1,7
1138,24.0,1.44,16.26,16.61,6,Italian,Regular,1,5
1139,30.0,2.95,21.74,22.56,6,FastFood,Prime,1,7
1140,26.0,1.24,13.08,17.36,3,Asian,Regular,1,9
1141,35.0,1.47,,19.28,0,Italian,Regular,1,7
1142,45.0,1.71,,16.26,4,Asian,Prime,1,7
1143,37.0,1.97,,16.48,5,Asian,Prime,1,9
1144,41.0,1.52,22.08,16.16,6,Asian,Regular,1,10
1145,42.0,3.7,27.57,17.85,6,Italian,Prime,1,9
1146,23.0,2.69,20.49,22.26,4,FastFood,Prime,1,10
1147,36.0,2.5,20.94,12.38,0,Asian,Regular,1,7
1148,41.0,3.24,26.72,17.69,1,Asian,Prime,1,8
1149,28.0,2.2,21.41,16.24,5,Italian,Prime,0,6
1150,25.0,1.15,11.6,18.55,4,Vegan,Regular,1,8
1151,37.0,5.43,26.88,16.32,3,FastFood,Regular,1,9
1152,19.0,,22.27,18.5,2,Vegan,Prime,1,6
1153,22.0,5.62,19.56,21.83,4,FastFood,Prime,1,7
1154,26.0,3.56,18.96,22.37,2,FastFood,Regular,1,7
1155,36.0,1.8,17.52,15.42,1,Italian,Prime,0,5
1156,34.0,0.64,,22.23,6,FastFood,Prime,1,9
1157,41.0,1.18,10.0,24.42,2,FastFood,Prime,1,9
1158,24.0,3.29,21.74,19.52,1,FastFood,Prime,1,8
1159,23.0,1.9,19.56,18.5,0,Italian,Regular,0,4
1160,37.0,1.6,,12.04,3,Asian,Regular,1,9
1161,25.0,0.51,21.28,18.31,6,FastFood,Regular,1,8
1162,27.0,2.0,22.41,17.65,1,Asian,Regular,1,7
1163,16.0,1.11,17.67,19.29,1,Asian,Regular,0,5
1164,35.0,1.55,15.61,19.2,1,FastFood,Prime,0,7
1165,46.0,3.7,19.91,29.01,0,FastFood,Prime,0,6
1166,23.0,1.14,15.59,20.38,4,Vegan,Regular,1,6
1167,41.0,1.39,23.27,13.94,2,Asian,Prime,1,10
1168,31.0,2.23,34.24,21.85,5,Italian,Regular,1,8
1169,16.0,3.25,25.79,13.99,2,Asian,Regular,1,6
1170,24.0,1.61,19.22,21.99,4,FastFood,Regular,1,5
1171,23.0,4.51,29.88,16.08,0,Italian,Regular,1,8
1172,29.0,1.0,18.78,13.74,2,Asian,Regular,1,9
1173,36.0,1.04,15.74,23.89,2,FastFood,Prime,1,9
1174,,0.86,18.74,16.38,0,Asian,Regular,1,8
1175,19.0,0.81,15.45,22.99,2,Italian,Regular,1,8
1176,,2.42,17.93,14.56,3,Asian,Regular,1,7
1177,24.0,1.18,16.63,14.44,2,Italian,Regular,1,5
1178,21.0,1.07,19.7,17.25,3,Italian,Prime,1,7
1179,33.0,2.85,15.76,29.67,5,FastFood,Prime,1,9
1180,32.0,3.17,24.37,23.5,5,FastFood,Regular,1,8
1181,16.0,3.59,25.26,18.33,0,Asian,Regular,1,7
1182,32.0,3.26,19.75,22.76,4,FastFood,Regular,1,7
1183,21.0,1.22,14.06,19.55,6,FastFood,Regular,1,8
1184,32.0,2.34,11.91,29.19,6,FastFood,Regular,1,7
1185,43.0,2.65,,22.37,2,FastFood,Regular,1,7
1186,36.0,1.55,23.45,17.87,5,Asian,Regular,1,8
1187,34.0,2.2,14.58,21.06,5,Italian,Regular,1,6
1188,27.0,1.01,21.42,15.93,2,Vegan,Regular,1,8
1189,33.0,1.43,15.53,18.36,6,FastFood,Regular,1,7
1190,37.0,2.47,17.95,16.41,4,Asian,Regular,1,8
1191,36.0,4.61,23.24,21.08,5,Italian,Regular,1,7
1192,31.0,3.79,22.9,15.13,5,Italian,Regular,0,7
1193,34.0,2.9,18.86,19.31,5,Vegan,Regular,0,6
1194,20.0,2.1,22.11,18.92,6,Vegan,Regular,1,8
1195,25.0,2.22,18.23,15.09,6,Vegan,Prime,0,6
1196,38.0,1.04,13.93,,2,FastFood,Prime,1,10
1197,40.0,1.27,17.57,22.63,3,FastFood,Regular,1,7
1198,33.0,1.49,20.09,13.44,4,Asian,Prime,1,9
1199,45.0,3.18,24.75,25.23,5,FastFood,Prime,1,8
1200,37.0,3.39,18.69,18.12,2,Asian,Regular,1,5
1201,30.0,3.02,19.79,19.4,2,Italian,Regular,1,8
1202,,3.86,19.37,18.52,5,Italian,Regular,1,9
1203,45.0,2.1,20.01,14.38,6,Asian,Regular,1,8
1204,39.0,1.35,14.95,15.44,6,Asian,Prime,1,10
1205,48.0,1.96,10.58,22.09,1,FastFood,Regular,1,8
1206,52.0,1.35,8.75,19.05,6,FastFood,Regular,1,8
1207,20.0,2.89,24.74,18.99,5,Italian,Regular,1,9
1208,20.0,1.65,12.9,16.16,1,Italian,Regular,1,8
1209,16.0,1.91,16.85,22.35,0,FastFood,Regular,1,7
1210,40.0,2.95,20.83,19.87,1,Italian,Regular,0,5
1211,38.0,1.34,14.6,13.09,6,Asian,Regular,1,4
1212,33.0,3.94,21.34,17.16,5,Asian,Prime,1,10
1213,21.0,0.96,15.11,14.54,4,Italian,Regular,1,7
1214,31.0,2.38,25.1,13.66,4,Italian,Regular,1,6
1215,34.0,2.2,21.82,19.22,2,FastFood,Prime,1,8
1216,39.0,3.17,19.35,25.77,6,Italian,Regular,1,10
1217,34.0,0.95,14.66,23.33,1,FastFood,Regular,1,7
1218,38.0,1.0,12.98,22.12,2,Italian,Prime,1,9
1219,31.0,,24.12,18.46,1,Asian,Regular,1,10
1220,43.0,1.62,20.21,21.62,5,FastFood,Regular,1,8
1221,38.0,1.92,16.01,23.69,3,FastFood,Regular,1,7
1222,21.0,1.4,15.27,19.08,4,FastFood,Regular,1,5
1223,45.0,3.33,22.81,20.82,6,Vegan,Regular,0,6
1224,43.0,2.37,17.84,19.83,1,Asian,Regular,0,4
1225,36.0,2.3,18.27,23.1,6,FastFood,Regular,1,8
1226,35.0,1.06,,22.98,0,Vegan,Regular,1,7
1227,47.0,2.65,20.1,,5,Italian,Regular,1,8
1228,17.0,1.17,15.4,22.9,4,Italian,Regular,0,6
1229,43.0,1.4,18.71,18.92,5,Vegan,Regular,1,5
1230,28.0,1.09,16.92,27.35,1,FastFood,Prime,0,6
1231,42.0,1.85,,22.72,6,FastFood,Regular,1,7
1232,33.0,3.62,29.52,17.5,5,Italian,Regular,1,8
1233,21.0,2.28,16.0,17.46,0,FastFood,Regular,1,8
1234,28.0,1.58,17.31,15.06,3,Asian,Regular,0,5
1235,41.0,,18.89,18.12,5,FastFood,Regular,1,7
1236,30.0,2.45,24.31,20.73,3,FastFood,Prime,1,7
1237,26.0,2.09,21.23,17.18,2,FastFood,Regular,1,5
1238,26.0,2.22,12.32,21.86,1,Italian,Regular,1,8
1239,38.0,1.14,14.72,21.33,3,FastFood,Regular,1,8
1240,48.0,2.46,14.33,21.21,6,FastFood,Prime,1,8
1241,16.0,0.77,15.53,16.24,4,Vegan,Regular,0,6
1242,57.0,2.76,22.1,18.69,5,FastFood,Regular,1,7
1243,34.0,1.26,24.34,12.73,5,Italian,Prime,1,8
1244,37.0,4.43,23.44,25.85,5,FastFood,Prime,1,6
1245,28.0,0.52,13.06,14.81,2,Italian,Regular,1,7
1246,,5.82,31.42,16.97,5,FastFood,Prime,1,9
1247,34.0,0.94,20.04,22.17,2,Italian,Prime,1,10
1248,23.0,1.04,19.6,,4,FastFood,Regular,1,7
1249,25.0,2.73,15.44,19.84,2,Vegan,Prime,1,9
1250,43.0,2.83,26.61,20.45,6,Vegan,Regular,1,9
1251,18.0,1.72,17.49,23.86,5,FastFood,Regular,1,6
1252,36.0,3.29,22.69,21.3,4,FastFood,Regular,1,8
1253,29.0,1.49,17.03,16.37,3,FastFood,Prime,0,6
1254,23.0,1.62,20.45,,3,Italian,Regular,1,9
1255,50.0,1.71,17.78,22.27,5,FastFood,Regular,1,6
1256,23.0,1.5,16.8,22.78,1,Vegan,Regular,1,8
1257,22.0,0.7,17.44,14.0,5,Asian,Regular,0,5
1258,30.0,2.28,,15.25,1,Asian,Prime,1,9
1259,25.0,2.17,17.89,19.52,0,Italian,Prime,1,10
1260,32.0,3.64,19.66,16.86,5,Vegan,Regular,1,9
1261,33.0,1.14,,13.94,4,FastFood,Prime,1,10
1262,34.0,1.63,17.77,19.01,2,Italian,Prime,1,7
1263,31.0,3.9,21.96,23.69,4,FastFood,Regular,1,7
1264,26.0,2.37,21.22,19.14,5,Vegan,Regular,1,9
1265,38.0,2.72,26.96,19.93,5,Italian,Regular,1,8
1266,31.0,2.58,13.03,17.97,6,Asian,Regular,1,7
1267,28.0,2.59,18.2,21.03,5,FastFood,Regular,0,4
1268,45.0,5.48,27.44,19.88,3,Vegan,Regular,1,2
1269,31.0,2.44,24.41,22.01,1,Italian,Prime,1,6
1270,42.0,1.15,18.62,15.99,0,Italian,Regular,1,7
1271,43.0,3.29,23.2,21.66,4,Vegan,Prime,1,8
1272,44.0,1.7,19.92,15.43,4,Italian,Prime,1,9
1273,38.0,1.9,20.68,16.43,4,Italian,Regular,0,6
1274,32.0,2.47,22.36,21.61,0,Italian,Regular,1,10
1275,31.0,1.47,12.47,17.37,4,FastFood,Prime,1,7
1276,30.0,1.75,16.11,20.28,5,FastFood,Prime,1,6
1277,16.0,2.62,18.46,28.08,5,FastFood,Regular,0,4
1278,38.0,,13.74,24.08,3,FastFood,Regular,1,10
1279,34.0,3.44,,17.44,0,Vegan,Regular,1,7
1280,39.0,1.35,18.44,17.03,3,Italian,Prime,1,10
1281,31.0,1.34,18.52,18.06,4,Italian,Prime,1,8
1282,38.0,5.75,29.61,21.91,3,Italian,Regular,1,7
1283,20.0,0.87,11.29,15.9,4,Italian,Regular,1,5
1284,21.0,1.98,21.62,14.45,3,Asian,Regular,1,7
1285,16.0,6.41,29.25,21.5,3,Vegan,Prime,1,8
1286,31.0,2.28,23.46,14.79,2,Vegan,Prime,1,9
1287,25.0,4.86,28.25,16.13,4,Italian,Prime,1,9
1288,24.0,2.88,17.61,20.74,1,FastFood,Regular,1,10
1289,35.0,2.01,19.62,18.41,3,Italian,Regular,1,7
1290,28.0,1.87,21.01,14.95,2,Italian,Regular,1,8
1291,19.0,0.63,17.7,19.42,4,Italian,Regular,1,7
1292,55.0,1.69,13.63,18.33,6,Asian,Regular,0,4
1293,32.0,2.63,21.7,16.78,4,Italian,Prime,1,9
1294,22.0,2.29,15.71,25.98,0,FastFood,Regular,1,7
1295,,7.82,31.9,22.02,4,FastFood,Regular,0,7
1296,30.0,2.7,17.91,15.89,2,Italian,Prime,1,7
1297,30.0,2.85,16.33,25.86,0,FastFood,Regular,1,7
1298,44.0,3.82,24.47,19.43,1,FastFood,Regular,1,6
1299,,3.12,19.64,17.43,6,Asian,Prime,1,9
1300,49.0,1.92,16.36,17.23,2,Italian,Regular,1,6
1301,28.0,1.93,22.56,22.87,1,FastFood,Regular,1,7
1302,36.0,1.66,22.5,17.25,0,Italian,Regular,1,6
1303,41.0,2.96,20.56,15.99,4,Asian,Prime,1,7
1304,43.0,1.83,11.65,20.52,5,FastFood,Regular,1,6
1305,44.0,2.84,23.63,15.8,2,Asian,Regular,1,8
1306,30.0,1.16,5.0,22.5,0,Vegan,Regular,1,7
1307,32.0,2.18,17.57,15.23,2,Italian,Regular,1,7
1308,16.0,5.44,32.21,16.91,4,Asian,Prime,1,9
1309,30.0,1.78,,21.27,0,FastFood,Regular,1,7
1310,42.0,5.55,26.5,19.15,1,Vegan,Regular,1,5
1311,40.0,2.2,13.29,21.02,0,Italian,Regular,1,6
1312,31.0,1.95,16.63,15.29,3,Vegan,Regular,1,7
1313,47.0,2.15,23.57,19.98,1,Italian,Regular,1,7
1314,29.0,1.7,16.4,17.27,1,FastFood,Regular,1,8
1315,26.0,0.68,15.26,19.47,0,FastFood,Regular,1,7
1316,28.0,3.27,21.95,13.77,5,Asian,Regular,1,9
1317,22.0,7.73,36.8,17.64,3,Italian,Prime,1,9
1318,38.0,3.02,17.72,19.27,6,FastFood,Prime,1,6
1319,35.0,2.71,21.78,20.93,2,Asian,Regular,1,4
1320,37.0,1.82,13.81,20.18,1,Vegan,Regular,1,6
1321,28.0,3.81,22.52,19.64,1,Italian,Regular,1,8
1322,31.0,1.97,22.25,15.62,6,Italian,Regular,0,5
1323,16.0,2.33,21.0,23.22,4,FastFood,Regular,1,7
1324,35.0,0.98,,20.93,2,Asian,Prime,1,8
1325,33.0,1.73,17.7,23.61,4,FastFood,Prime,0,8
1326,22.0,2.46,21.51,15.83,3,Vegan,Regular,1,7
1327,31.0,3.81,28.16,17.29,0,Italian,Prime,0,6
1328,30.0,3.37,22.57,18.78,4,Italian,Regular,0,7
1329,48.0,0.84,11.64,19.27,0,FastFood,Regular,1,5
1330,22.0,0.89,17.69,28.6,1,FastFood,Regular,1,10
1331,35.0,2.78,23.62,15.84,4,Asian,Regular,1,4
1332,22.0,1.54,17.98,,3,Italian,Prime,1,7
1333,27.0,3.29,24.89,16.94,1,Italian,Regular,1,7
1334,34.0,0.82,12.87,20.15,0,Vegan,Regular,1,5
1335,30.0,1.91,,23.37,4,Vegan,Regular,1,7
1336,,,19.82,19.82,4,Vegan,Prime,1,8
1337,35.0,2.62,21.83,20.34,1,FastFood,Regular,1,8
1338,28.0,1.14,15.24,15.71,2,Italian,Regular,1,8
1339,40.0,0.68,11.21,22.88,2,Vegan,Regular,0,5
1340,29.0,2.54,22.51,18.13,6,Italian,Prime,1,10
1341,31.0,2.69,15.86,20.44,5,FastFood,Regular,1,8
1342,35.0,3.5,28.23,11.39,1,Asian,Regular,1,7
1343,34.0,1.9,,18.17,3,Italian,Prime,1,8
1344,38.0,3.09,22.15,17.46,6,Italian,Regular,1,7
1345,35.0,2.63,23.25,14.39,2,Vegan,Regular,1,6
1346,36.0,4.17,26.84,21.07,0,Italian,Regular,1,8
1347,29.0,1.95,18.39,17.11,2,Italian,Regular,1,5
1348,22.0,,13.49,23.43,4,Italian,Regular,1,7
1349,19.0,1.94,16.33,22.18,6,Italian,Regular,1,4
1350,17.0,2.11,18.75,18.84,2,FastFood,Regular,0,5
1351,48.0,2.68,18.0,20.29,0,Asian,Regular,1,6
1352,16.0,0.87,9.48,20.87,1,Asian,Regular,1,8
1353,43.0,1.95,23.75,19.32,2,FastFood,Prime,1,8
1354,25.0,3.25,26.83,17.9,0,FastFood,Regular,1,7
1355,43.0,1.9,25.75,13.47,0,Vegan,Regular,0,5
1356,16.0,1.7,15.81,22.14,4,FastFood,Regular,1,7
1357,30.0,6.61,42.02,15.97,5,Italian,Prime,1,8
1358,45.0,1.12,12.89,19.57,1,Italian,Regular,1,7
1359,38.0,3.97,33.12,15.64,3,Asian,Regular,1,7
1360,29.0,3.53,20.14,18.66,4,FastFood,Regular,1,7
1361,16.0,1.78,19.61,15.65,4,Asian,Regular,1,8
1362,20.0,2.27,21.42,15.12,6,Italian,Prime,1,6
1363,45.0,2.27,20.23,17.04,6,Italian,Prime,1,6
1364,29.0,2.56,23.1,18.79,2,FastFood,Prime,1,10
1365,31.0,1.45,7.28,18.46,6,Italian,Regular,1,7
1366,35.0,1.59,12.87,18.77,0,Italian,Regular,1,6
1367,20.0,1.66,13.53,17.79,6,FastFood,Regular,1,7
1368,36.0,1.94,16.12,24.3,0,FastFood,Prime,1,9
1369,28.0,1.95,16.72,20.52,0,FastFood,Prime,1,9
1370,35.0,0.68,15.81,25.51,0,FastFood,Prime,1,7
1371,27.0,2.12,19.55,21.72,0,FastFood,Regular,1,7
1372,18.0,,13.15,19.69,3,Vegan,Prime,1,8
1373,28.0,0.72,9.03,17.22,4,Italian,Regular,1,8
1374,38.0,1.91,,18.48,5,Asian,Prime,1,8
1375,36.0,1.63,13.88,19.59,0,Vegan,Regular,1,6
1376,32.0,4.06,22.5,23.58,2,FastFood,Regular,1,7
1377,40.0,1.5,20.67,20.85,0,Asian,Regular,1,7
1378,30.0,3.34,20.13,17.46,1,Vegan,Prime,1,10
1379,33.0,4.31,21.97,18.47,5,Asian,Regular,0,5
1380,28.0,1.43,13.28,20.02,4,Italian,Regular,1,10
1381,41.0,1.96,12.3,19.69,1,Italian,Regular,1,7
1382,35.0,5.21,23.51,19.7,2,FastFood,Regular,1,5
1383,27.0,2.63,19.4,17.43,6,Italian,Prime,1,9
1384,19.0,2.47,21.04,17.87,4,Vegan,Regular,1,9
1385,42.0,1.61,17.12,17.81,1,Vegan,Regular,1,8
1386,25.0,3.38,,18.48,6,FastFood,Prime,1,9
1387,33.0,1.97,20.98,16.75,1,Asian,Regular,1,7
1388,53.0,0.74,5.96,18.73,2,FastFood,Regular,1,7
1389,39.0,1.66,16.82,20.72,4,Vegan,Regular,1,4
1390,47.0,1.05,11.94,21.17,3,FastFood,Regular,1,9
1391,27.0,2.14,18.92,19.97,0,Vegan,Regular,1,7
1392,42.0,1.22,17.26,16.34,5,Asian,Regular,1,9
1393,32.0,2.62,18.48,21.21,1,FastFood,Regular,1,7
1394,35.0,2.37,17.99,20.26,4,FastFood,Prime,1,8
1395,50.0,1.17,19.33,18.87,2,Asian,Prime,0,8
1396,29.0,1.77,14.71,19.67,5,FastFood,Prime,1,10
1397,32.0,2.83,23.11,19.48,6,Italian,Regular,0,6
1398,24.0,3.79,30.9,15.84,5,Vegan,Regular,1,5
1399,40.0,1.41,9.6,20.35,6,Italian,Prime,1,7
1400,27.0,1.27,14.91,17.05,3,Italian,Prime,1,9
1401,41.0,5.89,28.13,16.13,0,Italian,Regular,1,6
1402,17.0,2.0,15.48,17.58,3,FastFood,Regular,1,7
1403,37.0,2.12,21.71,16.09,3,Vegan,Regular,1,8
1404,26.0,,15.26,19.56,5,FastFood,Regular,1,8
1405,39.0,2.27,19.61,25.5,1,FastFood,Regular,1,6
1406,32.0,5.17,24.83,19.07,4,FastFood,Regular,1,9
1407,27.0,2.66,23.19,13.31,3,Vegan,Prime,1,8
1408,29.0,3.62,19.41,22.1,4,FastFood,Regular,1,8
1409,24.0,2.05,19.03,16.38,2,Vegan,Regular,1,7
1410,40.0,1.15,10.73,18.96,2,Asian,Regular,1,10
1411,23.0,1.59,22.75,15.99,1,Asian,Prime,1,10
1412,30.0,1.25,13.3,18.73,5,Vegan,Prime,1,10
1413,35.0,2.27,,19.87,0,Asian,Regular,1,10
1414,47.0,3.95,22.96,21.23,1,Vegan,Regular,1,7
1415,32.0,2.2,15.69,17.26,2,FastFood,Regular,1,7
1416,,1.96,23.57,14.36,1,Asian,Prime,1,7
1417,34.0,1.3,18.34,13.86,6,Italian,Regular,1,8
1418,16.0,2.82,,25.27,2,Italian,Prime,1,8
1419,21.0,,17.38,17.08,1,Vegan,Regular,0,5
1420,29.0,1.08,14.89,22.78,1,Vegan,Regular,0,4
1421,26.0,3.3,21.79,15.72,1,Asian,Regular,1,8
1422,18.0,1.73,20.97,15.69,4,Italian,Regular,0,5
1423,40.0,1.71,15.14,18.56,3,Italian,Regular,1,7
1424,34.0,1.83,19.98,17.65,1,Italian,Regular,1,8
1425,33.0,3.45,22.55,20.58,6,Italian,Prime,1,8
1426,26.0,2.21,15.09,,4,Italian,Regular,1,6
1427,33.0,1.54,20.0,19.23,2,FastFood,Prime,1,7
1428,37.0,,26.76,16.68,3,FastFood,Regular,1,8
1429,30.0,1.81,16.23,14.13,4,Asian,Regular,1,7
1430,36.0,2.73,26.1,12.57,1,Italian,Prime,1,6
1431,25.0,2.27,24.76,18.73,5,Vegan,Prime,1,9
1432,33.0,,13.93,18.47,1,Italian,Regular,1,7
1433,42.0,2.38,11.73,17.57,0,FastFood,Prime,1,7
1434,43.0,1.97,23.22,17.21,3,FastFood,Regular,1,7
1435,44.0,1.31,16.86,20.95,6,FastFood,Regular,1,8
1436,35.0,3.7,26.25,17.73,5,Vegan,Regular,1,5
1437,32.0,1.54,20.34,20.36,2,FastFood,Regular,1,8
1438,28.0,2.16,14.96,17.55,2,Italian,Regular,1,9
1439,16.0,0.65,24.59,20.2,4,Vegan,Regular,0,6
1440,20.0,2.06,15.44,17.92,1,Vegan,Prime,1,10
1441,30.0,1.26,15.08,19.53,5,FastFood,Prime,1,7
1442,31.0,1.35,20.09,15.35,2,FastFood,Prime,1,10
1443,45.0,8.78,39.95,20.85,1,FastFood,Prime,1,9
1444,44.0,2.31,19.78,21.27,0,FastFood,Regular,1,6
1445,26.0,3.95,18.02,20.47,4,FastFood,Regular,1,8
1446,39.0,3.22,22.29,23.47,0,Italian,Regular,1,8
1447,28.0,3.46,17.4,19.96,5,Vegan,Regular,1,9
1448,38.0,1.8,17.62,18.09,6,Italian,Regular,1,9
1449,39.0,4.87,25.02,19.8,0,Italian,Regular,1,7
1450,43.0,3.21,23.4,27.34,0,FastFood,Regular,1,8
1451,28.0,2.06,24.2,17.61,6,Asian,Regular,1,8
1452,41.0,2.33,24.0,12.72,0,Italian,Regular,1,8
1453,,1.87,17.58,20.71,2,Vegan,Regular,1,7
1454,44.0,2.07,20.11,17.04,6,Vegan,Regular,1,10
1455,32.0,2.26,24.06,15.23,0,FastFood,Prime,1,7
1456,32.0,2.48,18.12,26.09,4,FastFood,Regular,1,10
1457,16.0,6.03,29.86,25.44,2,FastFood,Prime,1,6
1458,29.0,1.19,19.89,16.15,3,Italian,Prime,1,8
1459,44.0,3.77,26.8,16.98,6,Vegan,Regular,1,8
1460,28.0,1.64,11.94,18.92,4,Italian,Regular,1,6
1461,38.0,4.05,32.52,14.88,2,Asian,Regular,1,6
1462,32.0,1.68,20.31,18.15,6,Italian,Regular,1,8
1463,42.0,2.53,24.85,18.86,4,FastFood,Regular,1,5
1464,34.0,2.12,17.26,19.8,0,FastFood,Prime,1,10
1465,24.0,0.89,19.29,13.63,2,Asian,Prime,1,10
1466,33.0,5.24,29.52,18.98,1,Asian,Regular,1,9
1467,46.0,1.2,15.64,21.63,4,Italian,Regular,1,8
1468,36.0,,,20.7,6,FastFood,Regular,0,4
1469,31.0,1.3,15.71,16.91,0,Asian,Prime,1,8
1470,52.0,0.97,18.87,22.89,5,FastFood,Regular,1,8
1471,42.0,1.8,18.61,19.51,6,Vegan,Regular,1,8
1472,,1.67,13.85,,6,FastFood,Prime,1,8
1473,35.0,1.06,15.83,17.05,4,FastFood,Regular,1,9
1474,,1.97,15.15,20.74,2,Italian,Regular,1,7
1475,39.0,0.89,15.82,18.2,1,Italian,Regular,1,9
1476,16.0,2.16,21.19,15.58,6,Italian,Regular,1,8
1477,36.0,1.88,13.52,24.34,2,Italian,Regular,1,7
1478,31.0,0.51,9.0,26.18,2,Vegan,Regular,1,8
1479,28.0,1.51,19.65,17.96,5,Italian,Regular,1,8
1480,30.0,3.0,20.32,19.66,5,Italian,Prime,1,8
1481,18.0,1.12,13.23,17.27,5,Italian,Regular,0,6
1482,16.0,3.07,15.71,20.07,6,FastFood,Prime,1,9
1483,43.0,2.55,20.28,15.56,6,Italian,Regular,1,10
1484,36.0,1.32,15.4,17.16,1,FastFood,Prime,1,8
1485,16.0,2.0,18.1,21.43,1,Asian,Regular,1,6
1486,27.0,3.65,,,1,FastFood,Prime,1,7
1487,40.0,1.24,13.03,19.64,4,Vegan,Regular,1,10
1488,29.0,1.8,17.81,16.39,4,Italian,Regular,1,5
1489,43.0,3.79,25.39,20.03,6,Vegan,Regular,0,3
1490,41.0,1.26,19.4,14.59,5,Italian,Regular,1,7
1491,20.0,2.98,20.04,,5,FastFood,Prime,0,5
1492,31.0,1.28,12.68,14.12,0,Asian,Prime,1,9
1493,28.0,2.12,19.53,20.1,4,Asian,Prime,1,9
1494,19.0,2.57,21.93,13.04,5,Asian,Regular,0,4
1495,19.0,0.62,17.01,15.43,6,Italian,Prime,1,10
1496,25.0,1.73,18.1,12.09,2,Asian,Prime,1,7
1497,26.0,2.55,17.63,17.01,5,Vegan,Regular,1,6
1498,35.0,2.28,19.62,15.9,2,Asian,Regular,1,9
1499,41.0,1.51,21.26,23.93,1,FastFood,Regular,0,3
1500,37.0,1.1,13.39,16.47,2,Asian,Regular,1,8
1501,,2.85,19.49,16.01,1,Asian,Regular,1,9
1502,30.0,1.94,17.28,20.34,6,Vegan,Prime,0,3
1503,37.0,2.72,15.47,17.35,1,Italian,Regular,1,7
1504,31.0,2.48,12.65,24.77,0,Italian,Regular,1,9
1505,,1.57,14.55,15.58,4,Asian,Regular,1,7
1506,49.0,4.18,25.01,,4,Italian,Prime,1,8
1507,,1.67,20.51,18.98,3,Asian,Prime,1,9
1508,16.0,4.46,26.89,16.89,1,Italian,Prime,1,9
1509,35.0,4.16,28.17,21.5,3,FastFood,Regular,1,6
1510,30.0,3.59,30.36,15.8,6,Asian,Regular,0,6
1511,19.0,1.82,16.98,21.82,0,FastFood,Regular,1,8
1512,23.0,8.17,,21.3,5,FastFood,Regular,1,6
1513,24.0,2.19,11.42,18.14,0,Italian,Regular,1,7
1514,40.0,2.3,29.03,14.23,1,Asian,Regular,1,6
1515,43.0,2.29,14.88,24.72,6,Vegan,Prime,1,9
1516,,1.08,10.51,22.76,2,FastFood,Regular,0,6
1517,18.0,4.72,28.34,16.23,3,FastFood,Prime,1,9
1518,20.0,1.47,11.2,18.32,2,Vegan,Regular,1,8
1519,19.0,3.34,26.84,16.29,4,FastFood,Regular,1,8
1520,44.0,3.81,23.5,23.29,2,FastFood,Regular,1,8
1521,36.0,2.81,24.26,20.93,3,FastFood,Regular,1,7
1522,33.0,1.38,19.98,,5,Italian,Regular,1,8
1523,34.0,1.67,22.28,17.14,3,Vegan,Regular,1,6
1524,31.0,0.46,14.19,16.24,3,Asian,Regular,1,6
1525,22.0,1.89,13.26,18.89,5,Asian,Regular,1,8
1526,37.0,3.13,14.1,24.17,2,FastFood,Regular,1,8
1527,30.0,2.03,18.66,20.7,5,Italian,Prime,1,8
1528,,1.67,24.85,14.46,5,Italian,Prime,1,9
1529,37.0,1.71,17.13,20.44,6,FastFood,Regular,1,8
1530,28.0,3.93,23.7,21.76,3,FastFood,Regular,1,5
1531,34.0,1.95,23.25,18.8,3,FastFood,Regular,1,10
1532,31.0,5.59,34.32,16.02,0,FastFood,Regular,1,6
1533,40.0,1.47,16.83,15.15,0,Italian,Regular,1,6
1534,34.0,2.27,19.42,20.6,0,Asian,Regular,1,9
1535,24.0,1.59,18.32,17.43,4,FastFood,Regular,1,7
1536,35.0,7.25,34.9,18.62,2,Italian,Prime,1,7
1537,35.0,2.22,21.98,16.62,2,Asian,Regular,1,7
1538,,7.46,,16.63,4,Asian,Prime,0,5
1539,41.0,1.6,18.17,16.23,2,Asian,Regular,1,6
1540,26.0,4.67,29.25,20.55,0,Italian,Regular,1,8
1541,38.0,2.47,18.84,17.09,3,Asian,Prime,1,8
1542,16.0,3.19,27.28,19.12,3,FastFood,Regular,0,4
1543,31.0,1.03,13.68,18.63,0,Italian,Regular,1,6
1544,30.0,2.8,30.72,17.17,1,FastFood,Prime,1,8
1545,45.0,1.12,,19.74,1,Italian,Regular,1,6
1546,31.0,2.32,18.73,,4,Italian,Regular,0,5
1547,37.0,0.87,19.1,,1,FastFood,Regular,0,5
1548,16.0,1.91,23.62,18.23,0,Asian,Regular,1,7
1549,29.0,3.68,,19.78,1,FastFood,Regular,1,6
1550,24.0,2.72,14.71,19.95,3,FastFood,Regular,1,6
1551,54.0,1.17,16.26,24.5,5,FastFood,Prime,1,10
1552,26.0,0.71,12.5,15.97,0,Italian,Regular,1,10
1553,33.0,2.65,17.47,,6,FastFood,Regular,1,7
1554,33.0,4.81,29.83,20.97,2,Italian,Regular,1,8
1555,18.0,1.19,13.12,24.5,2,FastFood,Regular,1,6
1556,27.0,7.34,,22.22,0,Asian,Prime,1,8
1557,36.0,2.01,10.74,17.7,1,Vegan,Regular,1,8
1558,33.0,0.69,20.7,16.24,3,Italian,Regular,1,4
1559,16.0,0.98,9.15,18.96,4,Asian,Prime,1,9
1560,27.0,3.54,21.23,22.13,5,Vegan,Prime,1,8
1561,,2.49,19.32,17.29,3,Vegan,Prime,1,7
1562,37.0,4.55,31.96,19.76,0,Italian,Regular,1,8
1563,43.0,1.04,9.72,27.13,2,Vegan,Regular,1,9
1564,23.0,2.15,15.7,19.79,5,Vegan,Regular,1,7
1565,44.0,2.02,17.72,19.22,4,Asian,Regular,1,8
1566,32.0,2.14,14.97,22.6,4,Italian,Prime,1,9
1567,46.0,1.63,18.75,28.51,3,FastFood,Regular,1,8
1568,32.0,1.65,17.03,21.74,3,FastFood,Regular,1,6
1569,16.0,2.55,24.91,21.76,6,Italian,Prime,1,9
1570,40.0,2.74,19.08,16.45,4,Italian,Prime,1,9
1571,28.0,2.31,17.77,18.56,4,Italian,Regular,1,4
1572,29.0,4.5,26.6,17.34,2,Italian,Prime,1,9
1573,19.0,1.04,16.37,13.6,3,Italian,Regular,0,3
1574,47.0,0.74,13.72,13.15,4,Asian,Regular,1,8
1575,27.0,3.52,20.86,22.29,6,FastFood,Regular,1,9
1576,46.0,1.38,13.42,22.35,5,FastFood,Prime,1,8
1577,28.0,1.88,20.54,14.5,4,Asian,Prime,1,7
1578,24.0,1.44,14.95,20.74,5,Asian,Regular,1,8
1579,44.0,1.42,14.6,16.39,0,Vegan,Regular,1,9
1580,31.0,0.9,20.78,,1,Vegan,Regular,0,4
1581,31.0,1.47,18.33,18.34,1,Vegan,Regular,1,4
1582,20.0,3.31,,21.32,4,FastFood,Prime,1,10
1583,28.0,2.01,14.24,20.84,5,Italian,Regular,1,9
1584,36.0,3.06,17.52,23.27,1,FastFood,Prime,1,9
1585,20.0,1.53,25.22,20.34,1,Italian,Regular,0,3
1586,27.0,3.31,19.04,21.12,3,Vegan,Regular,1,8
1587,28.0,1.52,15.9,17.18,6,FastFood,Regular,1,9
1588,,0.73,18.76,21.45,0,Italian,Prime,1,10
1589,45.0,2.4,19.95,17.82,6,FastFood,Regular,1,7
1590,29.0,3.07,20.98,20.68,1,FastFood,Regular,1,8
1591,26.0,1.48,10.09,19.95,1,FastFood,Regular,1,5
1592,57.0,4.48,23.73,22.05,4,FastFood,Prime,1,10
1593,,1.45,20.26,18.14,5,Vegan,Prime,1,10
1594,30.0,3.35,20.06,18.09,6,Italian,Prime,1,9
1595,29.0,,31.91,20.89,0,Asian,Regular,1,9
1596,30.0,2.36,17.51,13.89,0,Asian,Prime,1,7
1597,33.0,1.78,18.94,20.99,3,FastFood,Regular,1,7
1598,40.0,2.19,27.45,17.66,3,FastFood,Prime,1,8
1599,36.0,4.93,22.97,18.62,1,Asian,Regular,1,9
1600,,2.51,20.92,18.82,4,FastFood,Regular,1,9
1601,41.0,7.53,38.54,19.61,1,Vegan,Prime,1,9
1602,34.0,2.7,22.28,17.03,6,FastFood,Prime,1,9
1603,35.0,1.41,13.02,20.1,1,Asian,Regular,1,8
1604,42.0,1.46,16.03,17.17,4,Asian,Regular,1,7
1605,22.0,2.4,18.23,21.41,3,FastFood,Prime,1,10
1606,54.0,0.75,13.97,23.49,0,FastFood,Prime,1,8
1607,27.0,1.78,12.58,16.0,4,Vegan,Prime,1,9
1608,29.0,1.57,21.65,19.15,1,FastFood,Regular,1,7
1609,21.0,2.3,15.8,,3,Italian,Regular,1,9
1610,21.0,6.74,38.44,13.92,4,Italian,Prime,1,8
1611,41.0,2.39,18.77,16.04,0,FastFood,Prime,0,9
1612,52.0,0.8,11.65,15.03,1,Asian,Prime,1,8
1613,27.0,1.22,17.1,14.26,2,Asian,Regular,1,9
1614,35.0,2.33,14.28,17.61,6,Italian,Regular,1,7
1615,34.0,2.12,23.55,18.25,1,Asian,Regular,1,7
1616,41.0,,31.08,23.25,6,FastFood,Prime,0,6
1617,52.0,3.41,19.04,26.43,3,FastFood,Regular,1,8
1618,46.0,3.36,17.88,18.44,6,Italian,Regular,1,6
1619,30.0,2.06,15.49,19.93,5,Vegan,Prime,1,8
1620,37.0,4.24,26.61,20.93,2,FastFood,Prime,1,8
1621,38.0,1.23,7.85,21.96,3,FastFood,Regular,0,6
1622,32.0,3.94,19.74,19.54,5,Italian,Prime,1,8
1623,22.0,1.72,12.34,19.21,0,Asian,Regular,1,7
1624,25.0,0.91,17.42,23.75,4,FastFood,Regular,1,6
1625,42.0,2.79,,19.85,3,Italian,Regular,1,8
1626,43.0,4.34,23.71,20.62,0,Asian,Regular,0,6
1627,30.0,1.85,20.48,18.57,6,Italian,Prime,1,10
1628,34.0,5.47,30.01,19.17,1,FastFood,Prime,1,8
1629,43.0,0.81,12.79,19.66,6,FastFood,Regular,1,7
1630,17.0,1.2,21.9,18.22,1,Italian,Prime,0,5
1631,28.0,1.86,27.0,15.68,3,Italian,Regular,1,8
1632,50.0,1.89,18.54,17.78,2,Vegan,Prime,0,6
1633,35.0,1.6,23.11,14.26,6,Asian,Prime,1,7
1634,22.0,2.17,,17.83,6,Asian,Regular,1,5
1635,33.0,1.51,16.98,20.49,5,Vegan,Regular,1,7
1636,41.0,1.65,21.36,13.9,5,Italian,Regular,1,7
1637,16.0,2.35,19.95,16.8,5,Italian,Regular,1,8
1638,34.0,1.6,20.8,24.61,2,Vegan,Prime,1,8
1639,29.0,1.9,,22.89,6,FastFood,Regular,1,7
1640,17.0,1.41,16.85,18.09,3,Asian,Regular,1,8
1641,33.0,1.04,15.71,15.41,2,Asian,Regular,1,9
1642,31.0,3.52,27.42,21.86,1,FastFood,Prime,1,8
1643,32.0,5.15,34.45,18.46,4,Italian,Regular,1,5
1644,29.0,4.16,26.3,18.61,1,FastFood,Prime,1,7
1645,23.0,2.42,20.78,19.52,4,FastFood,Regular,1,10
1646,19.0,1.42,21.0,17.27,0,Italian,Regular,1,9
1647,26.0,1.72,23.56,16.53,4,FastFood,Regular,1,9
1648,40.0,3.6,35.96,13.82,4,Asian,Regular,1,8
1649,34.0,0.57,10.39,18.94,3,Vegan,Regular,0,6
1650,31.0,1.9,21.88,,4,Asian,Prime,1,8
1651,23.0,3.47,13.68,20.1,6,FastFood,Prime,1,9
1652,29.0,1.08,17.16,16.18,5,FastFood,Regular,1,9
1653,39.0,2.54,17.89,23.4,3,FastFood,Regular,1,8
1654,37.0,2.48,15.41,27.24,6,FastFood,Regular,0,4
1655,28.0,0.9,7.82,22.38,6,Vegan,Regular,1,7
1656,16.0,2.43,19.18,21.44,1,Italian,Prime,1,7
1657,26.0,1.65,17.04,22.88,2,FastFood,Prime,0,7
1658,28.0,2.91,19.81,17.64,5,Asian,Prime,1,9
1659,,2.91,24.11,18.72,3,Italian,Regular,1,8
1660,28.0,2.51,16.07,18.26,0,FastFood,Regular,1,8
1661,39.0,,17.52,23.07,3,FastFood,Regular,1,6
1662,32.0,2.71,20.18,18.51,2,Asian,Prime,1,9
1663,41.0,1.05,18.47,15.89,5,Asian,Regular,1,7
1664,18.0,2.28,16.37,22.58,3,FastFood,Prime,1,8
1665,29.0,1.3,12.72,17.56,0,Vegan,Regular,1,6
1666,16.0,3.55,22.13,17.74,0,Vegan,Regular,1,8
1667,28.0,3.37,27.1,18.86,2,Asian,Prime,1,8
1668,23.0,2.93,25.25,22.29,1,FastFood,Regular,1,6
1669,44.0,5.17,29.61,20.3,6,FastFood,Regular,0,3
1670,36.0,,12.19,18.53,1,Vegan,Regular,1,7
1671,41.0,1.71,18.97,21.52,4,FastFood,Prime,1,9
1672,28.0,1.66,15.0,13.73,0,Italian,Regular,1,8
1673,23.0,0.96,19.29,15.18,3,Asian,Prime,1,10
1674,23.0,0.87,17.72,17.2,6,FastFood,Regular,1,7
1675,34.0,2.83,26.97,17.03,4,Asian,Regular,1,7
1676,48.0,0.93,20.84,22.55,2,Vegan,Regular,1,7
1677,36.0,1.11,23.75,18.15,5,Asian,Regular,1,8
1678,29.0,2.19,18.45,17.17,3,Italian,Prime,1,10
1679,30.0,1.85,22.89,17.52,1,Vegan,Prime,1,8
1680,32.0,3.77,25.63,16.54,6,Italian,Prime,1,8
1681,50.0,2.39,15.18,21.8,6,Asian,Prime,0,6
1682,43.0,1.3,16.06,17.16,3,Asian,Regular,1,7
1683,34.0,3.44,29.05,17.48,0,Asian,Regular,1,7
1684,33.0,3.46,29.1,14.67,2,FastFood,Prime,0,6
1685,35.0,0.93,17.19,17.46,3,FastFood,Regular,1,6
1686,36.0,2.66,,20.87,6,FastFood,Prime,1,9
1687,28.0,1.36,14.52,17.2,5,Italian,Regular,1,9
1688,24.0,1.34,16.21,18.85,1,Italian,Regular,1,7
1689,41.0,5.63,29.85,18.81,3,Italian,Regular,1,10
1690,,2.16,17.45,20.06,1,Italian,Regular,1,7
1691,41.0,1.79,22.06,12.51,3,Asian,Regular,1,6
1692,47.0,2.11,21.33,16.41,3,Vegan,Regular,0,6
1693,37.0,3.26,14.34,20.7,3,FastFood,Regular,1,6
1694,35.0,1.37,19.76,15.45,2,Asian,Regular,1,8
1695,61.0,1.5,19.33,16.26,3,Asian,Regular,1,8
1696,34.0,2.89,19.18,18.78,5,Italian,Regular,1,7
1697,22.0,0.87,,18.77,3,FastFood,Regular,1,7
1698,29.0,3.99,23.49,17.46,0,Asian,Prime,1,7
1699,46.0,0.83,15.76,21.02,5,Vegan,Regular,1,9
1700,20.0,1.76,14.55,17.16,4,Asian,Regular,1,7
1701,25.0,0.84,14.49,21.52,4,Vegan,Regular,1,8
1702,42.0,1.13,,13.42,4,Vegan,Regular,1,7
1703,,4.11,23.82,16.98,1,Italian,Regular,1,7
1704,31.0,3.58,25.32,19.14,6,Asian,Regular,1,8
1705,42.0,3.79,28.91,16.25,6,Italian,Regular,1,8
1706,26.0,0.91,17.81,16.7,1,Vegan,Regular,1,8
1707,19.0,1.13,10.37,20.62,1,FastFood,Regular,1,7
1708,20.0,2.43,20.95,,1,Italian,Regular,1,6
1709,37.0,2.98,22.88,18.0,6,Vegan,Regular,1,7
1710,34.0,1.3,17.72,26.53,6,FastFood,Regular,1,7
1711,26.0,1.46,17.9,17.69,1,Asian,Regular,1,7
1712,22.0,1.24,20.71,16.15,4,Italian,Prime,1,6
1713,30.0,5.01,27.4,15.47,1,Vegan,Regular,1,8
1714,42.0,1.55,16.09,20.64,0,Vegan,Regular,1,8
1715,,2.05,24.97,18.22,1,FastFood,Regular,1,7
1716,26.0,2.11,14.85,22.17,0,Asian,Regular,1,6
1717,21.0,3.7,,22.28,5,FastFood,Regular,1,7
1718,29.0,1.37,15.1,19.96,5,Italian,Prime,0,4
1719,35.0,4.4,,17.6,1,Asian,Prime,1,8
1720,51.0,1.0,12.64,19.69,3,Asian,Regular,1,7
1721,34.0,3.82,30.07,13.81,1,FastFood,Regular,1,9
1722,32.0,0.9,,17.39,3,FastFood,Prime,1,9
1723,40.0,1.9,10.26,19.48,6,Asian,Regular,1,9
1724,38.0,4.92,29.53,22.4,6,Italian,Regular,1,8
1725,27.0,3.4,20.71,15.29,5,Italian,Prime,1,7
1726,53.0,2.54,24.33,15.54,1,FastFood,Regular,0,7
1727,32.0,1.13,20.99,21.5,1,FastFood,Regular,1,7
1728,34.0,1.34,16.64,20.86,1,Vegan,Regular,1,5
1729,37.0,4.22,23.44,21.44,0,FastFood,Regular,1,8
1730,35.0,2.61,31.5,18.34,4,Italian,Regular,1,5
1731,46.0,3.29,24.09,14.31,4,Vegan,Regular,1,7
1732,27.0,2.1,16.74,19.87,6,FastFood,Regular,1,7
1733,39.0,1.72,24.27,16.46,0,Asian,Regular,1,8
1734,33.0,3.07,24.14,19.36,1,FastFood,Regular,1,9
1735,41.0,2.67,24.23,14.13,5,Vegan,Prime,1,8
1736,30.0,1.83,25.38,18.4,4,Asian,Regular,1,7
1737,29.0,1.06,10.03,21.92,2,Vegan,Prime,1,9
1738,39.0,3.4,22.66,18.62,1,FastFood,Regular,1,6
1739,35.0,2.57,17.24,18.02,3,Italian,Regular,1,7
1740,25.0,1.44,14.73,15.81,1,Asian,Regular,1,8
1741,44.0,3.85,21.91,19.54,3,FastFood,Regular,1,6
1742,39.0,2.3,16.22,22.48,6,FastFood,Regular,1,7
1743,31.0,2.68,18.9,22.55,1,FastFood,Prime,1,8
1744,28.0,3.77,20.3,22.51,0,Vegan,Prime,1,10
1745,35.0,3.35,20.62,19.53,5,Asian,Prime,1,7
1746,38.0,2.37,19.42,16.59,0,Asian,Regular,0,5
1747,18.0,1.82,,23.82,6,Asian,Regular,1,9
1748,,6.0,23.28,22.53,5,Italian,Regular,1,9
1749,38.0,1.35,17.37,16.79,2,Italian,Regular,1,7
1750,16.0,,29.26,18.83,2,Italian,Prime,1,8
1751,34.0,2.21,,12.23,2,Asian,Prime,1,9
1752,38.0,2.59,16.82,21.08,2,FastFood,Regular,0,6
1753,37.0,4.56,26.55,24.19,5,Vegan,Prime,1,10
1754,39.0,1.95,11.38,23.68,5,Asian,Prime,0,7
1755,29.0,2.8,19.65,20.64,1,FastFood,Regular,1,6
1756,23.0,2.68,19.56,19.37,1,Italian,Prime,1,6
1757,16.0,1.42,15.36,22.82,3,FastFood,Regular,1,7
1758,42.0,4.02,21.36,25.04,4,Vegan,Regular,1,5
1759,38.0,2.98,15.46,16.75,5,Vegan,Regular,1,9
1760,43.0,1.59,13.05,26.94,2,Vegan,Regular,1,5
1761,25.0,3.69,21.19,20.05,3,FastFood,Regular,1,7
1762,39.0,1.47,15.91,17.49,0,FastFood,Prime,1,7
1763,18.0,1.98,21.61,20.05,3,FastFood,Regular,1,5
1764,,1.59,19.63,18.57,4,FastFood,Regular,1,9
1765,33.0,3.04,17.8,22.26,2,FastFood,Regular,1,7
1766,38.0,1.55,18.16,16.04,2,FastFood,Regular,1,10
1767,47.0,3.51,25.22,19.9,3,Vegan,Prime,1,10
1768,30.0,2.79,21.02,22.99,6,FastFood,Regular,1,7
1769,24.0,1.88,9.57,25.45,4,FastFood,Prime,1,6
1770,24.0,5.51,31.35,18.63,6,Asian,Regular,1,7
1771,26.0,1.34,13.5,22.2,0,Italian,Regular,1,10
1772,52.0,0.93,20.41,15.55,5,Asian,Regular,1,8
1773,39.0,3.22,22.61,17.95,0,Asian,Regular,1,7
1774,42.0,0.71,15.38,13.26,2,Vegan,Prime,1,8
1775,30.0,4.57,34.53,16.73,2,Asian,Regular,1,9
1776,32.0,2.13,13.27,19.51,1,Italian,Regular,1,8
1777,38.0,0.92,19.48,18.15,6,Asian,Regular,1,8
1778,27.0,1.37,17.16,14.41,6,Italian,Prime,1,10
1779,29.0,0.82,13.92,19.83,3,FastFood,Regular,1,9
1780,26.0,2.86,24.89,,3,Italian,Prime,1,9
1781,28.0,1.12,18.34,19.71,5,FastFood,Prime,1,6
1782,32.0,2.65,19.62,18.74,4,Asian,Regular,1,6
1783,25.0,1.7,19.42,20.35,3,FastFood,Regular,1,7
1784,35.0,1.55,14.01,21.3,5,FastFood,Regular,1,7
1785,35.0,2.66,19.26,19.53,1,FastFood,Regular,0,7
1786,30.0,3.26,21.49,19.56,1,Asian,Prime,1,10
1787,25.0,3.78,21.25,24.42,0,FastFood,Regular,1,8
1788,33.0,1.63,15.25,16.26,0,Asian,Prime,1,9
1789,27.0,1.98,18.22,27.48,1,Vegan,Regular,1,5
1790,32.0,1.42,22.3,18.7,4,FastFood,Regular,1,7
1791,42.0,2.53,21.84,19.42,5,Asian,Prime,1,8
1792,21.0,1.31,22.67,18.15,4,FastFood,Regular,0,4
1793,52.0,1.59,15.69,23.32,3,FastFood,Regular,1,8
1794,31.0,1.6,21.14,18.67,1,Asian,Regular,1,7
1795,36.0,2.37,21.07,16.67,0,Vegan,Regular,1,5
1796,25.0,2.32,23.05,20.61,4,FastFood,Prime,1,9
1797,42.0,2.66,26.76,23.36,0,Italian,Regular,1,9
1798,31.0,2.18,13.83,18.56,5,FastFood,Prime,1,9
1799,28.0,1.46,16.15,19.54,2,Italian,Regular,1,7
1800,27.0,2.24,17.31,19.37,2,Italian,Regular,1,6
1801,30.0,1.22,16.26,18.39,0,Italian,Regular,1,6
1802,36.0,3.17,22.17,14.0,1,Italian,Prime,1,10
1803,34.0,1.72,13.13,23.49,0,FastFood,Regular,0,4
1804,32.0,2.25,19.39,17.03,5,Asian,Regular,1,10
1805,26.0,2.27,17.36,19.65,3,Asian,Regular,1,9
1806,25.0,4.86,29.97,17.56,5,Asian,Regular,1,8
1807,28.0,2.86,19.14,21.19,3,FastFood,Prime,1,10
1808,36.0,2.1,16.69,19.47,6,Italian,Regular,1,9
1809,38.0,1.58,16.02,15.93,5,Italian,Prime,1,8
1810,39.0,3.13,17.89,25.67,1,FastFood,Regular,1,6
1811,32.0,1.74,13.76,19.87,0,FastFood,Regular,1,7
1812,35.0,0.87,17.36,17.56,6,Italian,Regular,1,7
1813,30.0,2.08,20.93,20.1,1,Asian,Prime,1,7
1814,16.0,2.24,14.09,21.74,5,FastFood,Regular,1,6
1815,30.0,1.28,,16.43,4,Asian,Regular,1,8
1816,29.0,1.89,,,4,Italian,Regular,1,9
1817,23.0,1.94,15.82,18.5,1,Asian,Regular,1,10
1818,27.0,1.95,24.26,18.19,2,Italian,Regular,0,5
1819,33.0,4.57,22.57,20.9,3,Italian,Prime,1,9
1820,22.0,0.98,16.8,15.2,0,Italian,Regular,1,5
1821,26.0,6.16,28.95,20.23,2,Vegan,Regular,1,9
1822,46.0,1.98,17.91,20.58,3,Italian,Regular,1,6
1823,18.0,2.77,25.21,20.12,1,Italian,Regular,1,8
1824,30.0,2.16,23.47,12.67,2,Italian,Regular,1,7
1825,22.0,0.9,17.57,16.7,6,Asian,Prime,0,6
1826,25.0,1.13,18.4,17.36,2,FastFood,Regular,1,5
1827,30.0,1.74,16.94,21.84,6,Italian,Prime,1,7
1828,23.0,3.48,24.28,17.48,6,Italian,Regular,0,4
1829,37.0,1.08,15.16,22.79,4,Vegan,Prime,1,8
1830,44.0,1.26,11.62,15.34,1,Italian,Regular,1,9
1831,40.0,2.54,,19.52,1,Italian,Prime,1,8
1832,41.0,2.61,23.05,19.52,6,Vegan,Regular,1,7
1833,20.0,2.57,21.87,25.69,0,Italian,Regular,1,8
1834,30.0,,19.59,24.53,3,FastFood,Regular,1,8
1835,36.0,0.84,18.57,24.34,4,FastFood,Regular,1,10
1836,40.0,2.71,15.21,27.08,5,FastFood,Regular,1,9
1837,48.0,4.43,23.93,21.85,6,FastFood,Regular,1,5
1838,42.0,1.92,,18.24,1,Italian,Prime,1,9
1839,40.0,1.23,18.84,16.49,3,Asian,Prime,1,9
1840,56.0,1.59,19.73,17.79,4,Asian,Regular,0,7
1841,33.0,2.88,25.42,12.69,6,FastFood,Prime,0,6
1842,29.0,1.77,13.95,18.51,3,Italian,Regular,1,9
1843,34.0,4.37,27.14,21.68,0,FastFood,Regular,0,5
1844,24.0,3.35,15.56,19.06,6,Vegan,Regular,1,8
1845,33.0,2.23,11.14,16.41,3,FastFood,Regular,1,6
1846,16.0,0.69,,18.11,1,Italian,Regular,1,6
1847,27.0,1.38,18.61,16.4,1,FastFood,Regular,1,9
1848,31.0,1.49,16.63,21.26,1,Asian,Regular,1,7
1849,41.0,1.34,18.07,17.83,5,Italian,Regular,1,6
1850,42.0,2.57,19.16,12.05,6,Asian,Prime,1,9
1851,23.0,2.26,14.51,20.38,3,FastFood,Regular,1,4
1852,51.0,0.92,12.31,22.01,0,Vegan,Prime,1,7
1853,33.0,3.13,16.17,18.96,6,Italian,Regular,1,5
1854,34.0,2.03,17.62,14.81,4,Asian,Regular,1,9
1855,17.0,2.45,23.48,15.37,3,Asian,Regular,1,7
1856,26.0,3.49,25.58,18.7,0,Vegan,Prime,1,8
1857,41.0,1.32,15.36,19.68,6,FastFood,Regular,1,8
1858,34.0,4.02,30.35,17.22,0,FastFood,Regular,1,8
1859,33.0,2.14,21.83,20.8,4,FastFood,Prime,1,9
1860,34.0,5.32,28.82,17.0,4,FastFood,Prime,1,9
1861,19.0,1.23,17.21,20.97,3,Italian,Regular,1,7
1862,31.0,4.44,18.12,22.5,3,Vegan,Regular,1,9
1863,45.0,1.22,20.55,,2,Vegan,Regular,1,7
1864,42.0,8.18,40.46,16.64,4,Italian,Regular,1,7
1865,31.0,1.37,11.36,15.98,2,Asian,Prime,1,6
1866,46.0,3.6,21.97,19.41,3,Vegan,Regular,1,10
1867,21.0,1.65,22.01,20.22,4,Vegan,Regular,1,6
1868,23.0,,18.6,22.39,5,FastFood,Regular,1,9
1869,49.0,1.97,21.06,19.64,1,Italian,Regular,1,8
1870,37.0,1.1,19.47,20.73,6,Asian,Regular,0,5
1871,29.0,0.43,13.37,21.18,0,FastFood,Regular,1,8
1872,32.0,8.0,,15.11,1,Italian,Regular,1,6
1873,25.0,2.1,18.65,14.99,2,Vegan,Regular,1,9
1874,34.0,0.4,5.91,24.08,2,Vegan,Regular,1,7
1875,34.0,2.38,19.5,20.93,2,Vegan,Regular,1,9
1876,32.0,2.94,18.16,17.5,2,Asian,Regular,1,7
1877,22.0,1.36,12.44,22.35,3,FastFood,Regular,0,3
1878,34.0,1.57,14.8,21.48,5,FastFood,Prime,0,8
1879,27.0,2.29,19.42,19.63,5,Italian,Prime,1,8
1880,23.0,4.49,32.51,17.53,2,Italian,Prime,1,9
1881,43.0,2.13,21.13,21.24,1,Italian,Regular,0,1
1882,52.0,4.5,23.99,15.74,4,Asian,Regular,0,5
1883,49.0,3.75,,16.15,0,Italian,Regular,1,8
1884,38.0,2.04,24.97,12.94,3,Asian,Prime,1,8
1885,30.0,0.85,16.12,20.29,1,FastFood,Regular,1,7
1886,31.0,1.78,16.83,24.8,4,FastFood,Regular,1,7
1887,36.0,2.69,20.46,19.63,0,FastFood,Regular,1,9
1888,28.0,2.08,20.67,16.86,5,FastFood,Regular,1,6
1889,44.0,3.28,14.2,20.3,1,Vegan,Prime,0,6
1890,16.0,3.24,22.89,16.81,3,Italian,Regular,1,9
1891,29.0,2.7,23.73,25.64,4,FastFood,Regular,1,5
1892,39.0,1.99,12.99,19.58,3,Asian,Prime,1,8
1893,24.0,2.68,18.16,15.2,3,Italian,Regular,1,6
1894,30.0,6.89,36.69,20.48,1,FastFood,Regular,1,8
1895,37.0,0.89,14.63,18.73,5,FastFood,Regular,1,7
1896,46.0,2.63,,17.52,3,FastFood,Regular,1,6
1897,20.0,5.52,28.43,16.87,1,Asian,Regular,1,7
1898,20.0,1.06,9.7,23.45,1,FastFood,Regular,1,7
1899,23.0,4.02,26.45,20.75,3,FastFood,Prime,1,8
1900,18.0,3.76,27.73,19.45,5,FastFood,Regular,1,7
1901,19.0,0.89,12.47,12.76,6,Italian,Regular,1,7
1902,23.0,2.98,,19.0,2,FastFood,Regular,1,4
1903,43.0,1.99,13.59,18.32,2,Asian,Prime,1,10
1904,29.0,1.95,20.59,16.97,0,FastFood,Regular,1,9
1905,32.0,1.94,15.2,21.83,3,Italian,Prime,1,6
1906,23.0,4.15,30.89,16.98,1,Italian,Regular,1,9
1907,38.0,1.89,8.49,19.0,5,Italian,Regular,1,8
1908,49.0,1.79,19.84,19.8,3,FastFood,Prime,1,7
1909,24.0,1.58,17.2,14.18,1,Asian,Regular,1,7
1910,48.0,1.67,22.43,20.73,6,Vegan,Regular,1,6
1911,35.0,1.28,18.19,19.21,5,FastFood,Prime,0,7
1912,32.0,1.55,21.94,18.5,2,FastFood,Regular,1,6
1913,36.0,2.15,27.5,12.85,0,Vegan,Regular,1,10
1914,36.0,2.89,17.48,21.89,1,Italian,Prime,1,10
1915,49.0,4.49,24.63,21.02,2,FastFood,Prime,1,7
1916,37.0,2.64,19.19,24.32,2,FastFood,Prime,1,10
1917,37.0,1.78,15.45,18.49,5,Asian,Prime,1,9
1918,28.0,1.15,16.76,19.66,6,Asian,Regular,0,5
1919,40.0,2.72,23.2,17.03,5,Italian,Prime,1,9
1920,23.0,1.89,19.13,15.66,5,Vegan,Regular,1,9
1921,33.0,1.92,11.96,20.48,0,Italian,Regular,0,4
1922,58.0,2.33,22.04,21.39,1,FastFood,Regular,0,6
1923,16.0,3.08,20.28,17.29,6,Italian,Prime,1,8
1924,34.0,2.34,17.88,20.43,4,Italian,Regular,1,8
1925,34.0,2.11,20.62,21.92,1,FastFood,Prime,1,8
1926,30.0,1.3,16.82,22.92,5,FastFood,Regular,1,6
1927,30.0,1.44,20.18,15.84,1,Italian,Regular,1,8
1928,33.0,3.21,21.09,19.35,5,Asian,Regular,1,7
1929,30.0,1.6,20.54,20.99,6,FastFood,Regular,1,8
1930,34.0,0.96,13.26,21.32,3,Italian,Regular,1,8
1931,,3.81,21.19,19.32,4,Asian,Regular,1,9
1932,50.0,1.2,13.73,20.28,5,Italian,Regular,1,7
1933,30.0,,,16.73,6,Asian,Regular,1,6
1934,37.0,2.64,12.17,18.7,4,Asian,Regular,1,10
1935,26.0,2.02,17.95,19.67,2,Asian,Regular,1,7
1936,40.0,0.52,13.4,22.82,1,FastFood,Regular,1,7
1937,39.0,2.5,14.66,19.03,2,Italian,Regular,1,8
1938,36.0,4.18,22.11,20.35,0,Italian,Regular,1,7
1939,23.0,3.1,19.73,19.42,4,FastFood,Regular,1,7
1940,25.0,0.63,13.7,25.54,2,FastFood,Regular,0,8
1941,47.0,6.49,34.23,15.95,4,FastFood,Regular,0,4
1942,25.0,0.97,15.72,18.59,0,Italian,Regular,1,6
1943,38.0,1.11,14.29,17.44,2,Italian,Regular,1,9
1944,23.0,3.1,23.0,19.08,2,FastFood,Regular,0,5
1945,41.0,,18.83,17.73,0,Asian,Regular,1,8
1946,26.0,2.1,22.23,16.35,5,Vegan,Regular,1,8
1947,23.0,1.69,17.54,27.46,4,FastFood,Prime,1,6
1948,26.0,4.19,29.12,15.71,5,Vegan,Regular,1,9
1949,27.0,1.97,17.52,18.15,5,FastFood,Regular,0,4
1950,36.0,0.98,14.38,16.57,0,Vegan,Prime,1,10
1951,33.0,3.97,23.74,20.06,6,Vegan,Regular,0,4
1952,22.0,2.27,13.28,24.04,0,FastFood,Regular,1,9
1953,32.0,,30.89,18.26,6,Asian,Prime,0,8
1954,22.0,2.76,21.33,23.62,4,Vegan,Regular,1,7
1955,38.0,8.63,41.66,17.18,5,Vegan,Prime,1,8
1956,39.0,1.7,17.32,21.34,3,Vegan,Regular,1,7
1957,32.0,2.03,22.12,17.71,1,Italian,Regular,0,7
1958,34.0,2.99,25.48,21.68,1,FastFood,Regular,1,8
1959,48.0,1.7,20.24,19.66,0,Asian,Regular,1,8
1960,31.0,3.6,21.89,14.1,5,Italian,Prime,1,8
1961,24.0,0.4,9.94,23.68,3,Italian,Regular,1,8
1962,37.0,1.93,19.31,18.12,1,Italian,Regular,1,8
1963,22.0,1.9,15.57,14.32,0,Italian,Regular,1,7
1964,30.0,2.15,16.11,18.92,0,FastFood,Prime,1,10
1965,27.0,1.24,13.33,17.25,1,Asian,Regular,1,7
1966,26.0,3.81,21.08,18.92,5,FastFood,Prime,1,10
1967,30.0,1.53,20.17,12.09,6,Asian,Regular,1,6
1968,40.0,2.59,23.23,17.23,4,Asian,Prime,1,9
1969,42.0,1.97,18.9,16.62,6,Italian,Regular,1,9
1970,,2.65,22.73,20.19,2,Italian,Regular,0,5
1971,35.0,4.42,25.33,17.79,2,FastFood,Regular,1,9
1972,30.0,2.24,25.57,25.83,4,Vegan,Regular,1,6
1973,16.0,3.2,21.26,18.23,0,Asian,Regular,1,8
1974,35.0,2.18,19.62,19.01,6,Italian,Regular,1,5
1975,16.0,1.75,17.82,22.87,5,FastFood,Prime,1,8
1976,16.0,2.14,25.61,15.54,0,FastFood,Prime,1,7
1977,31.0,1.98,17.05,17.21,1,Italian,Prime,1,8
1978,34.0,3.17,15.76,24.49,4,Vegan,Prime,1,10
1979,28.0,2.46,18.8,16.23,5,Asian,Prime,1,10
1980,46.0,1.3,9.89,20.81,1,FastFood,Regular,1,6
1981,36.0,1.78,16.68,18.19,5,Vegan,Regular,1,9
1982,30.0,1.0,11.15,22.31,3,Italian,Prime,1,10
1983,44.0,2.09,20.87,18.82,4,Vegan,Prime,1,9
1984,46.0,2.32,19.41,17.24,2,FastFood,Prime,1,10
1985,37.0,6.26,,25.2,3,Italian,Prime,1,8
1986,25.0,4.23,29.48,15.65,2,Vegan,Regular,1,7
1987,27.0,1.31,16.89,20.71,1,FastFood,Prime,1,8
1988,19.0,2.59,29.75,14.98,1,Asian,Prime,1,9
1989,32.0,2.27,23.13,17.54,1,Vegan,Regular,1,7
1990,23.0,2.04,17.24,17.82,5,FastFood,Prime,0,5
1991,29.0,1.84,16.52,19.38,2,FastFood,Regular,1,7
1992,34.0,1.91,16.92,19.36,2,Asian,Prime,1,8
1993,16.0,5.64,28.59,15.29,5,FastFood,Regular,1,6
1994,21.0,1.84,18.21,24.78,6,FastFood,Prime,1,9
1995,27.0,2.43,18.85,21.33,1,Italian,Regular,1,9
1996,32.0,0.5,15.79,18.22,2,Asian,Regular,1,9
1997,28.0,3.17,20.74,21.38,2,FastFood,Regular,1,10
1998,30.0,3.86,25.21,21.83,5,FastFood,Regular,1,8
1999,26.0,,20.18,20.42,4,Asian,Regular,1,10
2000,,1.75,13.22,13.96,3,Italian,Prime,1,9
2001,27.0,2.58,20.69,18.75,1,Asian,Regular,0,5
2002,30.0,2.34,20.76,16.56,2,Italian,Prime,1,8
2003,29.0,2.6,16.33,21.81,0,Vegan,Regular,1,8
2004,33.0,1.72,17.95,15.53,4,Asian,Regular,1,7
2005,36.0,6.45,28.01,23.12,6,FastFood,Prime,0,4
2006,38.0,1.6,15.03,15.16,5,Vegan,Prime,1,7
2007,26.0,8.85,48.08,14.1,2,Italian,Regular,1,9
2008,18.0,4.59,19.09,20.66,3,FastFood,Prime,1,9
2009,43.0,3.66,19.76,25.31,6,FastFood,Prime,1,10
2010,35.0,1.14,14.12,18.29,2,Asian,Regular,0,4
2011,23.0,3.82,22.06,22.59,5,FastFood,Prime,1,8
2012,34.0,3.23,14.03,23.58,4,FastFood,Prime,1,7
2013,42.0,0.63,17.52,19.81,3,FastFood,Regular,1,9
2014,48.0,0.93,22.03,20.09,4,Italian,Regular,1,6
2015,34.0,2.45,22.89,16.99,1,Italian,Regular,1,7
2016,42.0,1.87,16.73,17.68,2,Italian,Regular,1,8
2017,21.0,1.74,19.73,20.43,2,FastFood,Prime,1,6
2018,32.0,4.19,26.72,19.36,5,FastFood,Prime,1,9
2019,29.0,1.24,19.23,18.33,4,Italian,Regular,1,9
2020,35.0,1.57,20.93,17.84,2,Italian,Regular,1,8
2021,,1.41,16.3,15.3,5,Asian,Regular,1,7
2022,34.0,2.67,21.79,20.58,3,FastFood,Regular,0,5
2023,24.0,0.9,16.11,21.47,6,FastFood,Prime,1,10
2024,21.0,1.53,19.6,17.7,4,FastFood,Regular,1,7
2025,47.0,0.78,17.16,19.59,6,Italian,Regular,1,7
2026,37.0,1.7,22.34,17.22,6,Italian,Regular,1,7
2027,36.0,3.0,15.91,17.48,2,Asian,Regular,1,4
2028,29.0,3.48,22.54,16.77,1,Italian,Prime,1,10
2029,34.0,1.55,21.16,21.23,5,Italian,Prime,1,8
2030,23.0,2.7,19.52,20.99,1,Italian,Regular,1,6
2031,35.0,1.82,17.48,17.85,5,FastFood,Regular,1,10
2032,21.0,4.26,20.55,19.86,1,Italian,Regular,0,6
2033,29.0,1.87,16.71,25.34,6,FastFood,Regular,1,7
2034,26.0,0.39,16.17,16.03,4,Italian,Regular,0,6
2035,16.0,3.29,25.45,18.39,3,FastFood,Regular,1,8
2036,29.0,1.8,14.45,18.76,3,Asian,Prime,1,9
2037,24.0,1.73,17.95,15.84,4,Vegan,Regular,1,7
2038,30.0,2.42,17.77,18.67,2,FastFood,Regular,1,8
2039,32.0,0.92,15.36,15.86,2,Italian,Regular,1,9
2040,48.0,2.41,16.22,18.79,1,Asian,Prime,1,8
2041,35.0,2.7,22.84,18.92,1,FastFood,Regular,0,3
2042,35.0,2.46,20.82,16.32,6,Asian,Regular,1,9
2043,36.0,1.67,13.24,15.2,5,Asian,Prime,1,9
2044,40.0,3.47,26.92,22.72,3,Vegan,Regular,1,8
2045,36.0,1.34,17.47,17.09,5,Vegan,Prime,1,8
2046,35.0,1.43,20.75,16.78,4,FastFood,Regular,1,9
2047,38.0,2.15,18.97,,4,Italian,Prime,1,7
2048,,2.72,19.87,20.3,0,Italian,Prime,1,8
2049,51.0,1.68,18.63,23.3,3,FastFood,Regular,1,6
2050,46.0,3.96,29.52,,0,FastFood,Regular,1,9
2051,34.0,2.37,22.87,15.97,4,Vegan,Regular,1,7
2052,19.0,2.41,19.43,20.31,0,FastFood,Prime,1,9
2053,43.0,2.67,14.31,24.81,3,Italian,Prime,1,9
2054,26.0,,23.78,16.27,2,Asian,Prime,1,8
2055,37.0,2.64,18.08,19.31,0,FastFood,Prime,1,9
2056,20.0,0.74,15.34,18.45,3,Italian,Regular,0,7
2057,52.0,3.67,28.37,20.98,1,Vegan,Regular,1,9
2058,19.0,2.15,16.41,19.83,1,Italian,Regular,1,5
2059,33.0,3.38,17.31,19.16,6,FastFood,Prime,1,8
2060,16.0,1.85,20.4,19.24,2,FastFood,Prime,1,9
2061,32.0,0.74,10.78,18.67,2,Vegan,Regular,1,9
2062,28.0,0.57,15.39,18.81,0,FastFood,Regular,1,7
2063,42.0,1.2,13.94,15.29,2,Italian,Regular,1,6
2064,28.0,3.08,18.43,26.42,2,FastFood,Prime,1,9
2065,42.0,4.73,28.63,17.44,5,Italian,Prime,1,8
2066,23.0,2.38,14.96,18.52,0,Vegan,Regular,1,7
2067,29.0,1.13,14.0,17.67,6,Italian,Regular,1,7
2068,30.0,1.31,18.54,19.27,0,Vegan,Regular,1,6
2069,36.0,4.26,20.05,22.3,4,FastFood,Regular,1,8
2070,35.0,1.13,15.82,17.29,0,Italian,Prime,1,8
2071,39.0,6.4,28.08,22.69,5,Vegan,Regular,1,8
2072,34.0,5.65,31.94,20.05,4,Italian,Regular,1,7
2073,38.0,6.51,38.39,20.43,5,FastFood,Regular,1,7
2074,24.0,2.48,29.35,17.63,6,Vegan,Regular,1,7
2075,35.0,1.92,20.78,21.32,5,Italian,Prime,1,8
2076,46.0,2.45,22.02,18.08,4,Italian,Regular,1,6
2077,17.0,3.32,22.5,16.02,5,Vegan,Regular,1,9
2078,36.0,,15.88,24.06,0,FastFood,Regular,1,7
2079,38.0,1.26,10.59,18.82,4,FastFood,Prime,1,6
2080,45.0,1.98,14.63,23.61,6,FastFood,Prime,1,6
2081,39.0,,21.29,11.96,2,Italian,Regular,1,9
2082,33.0,3.98,20.93,19.89,6,FastFood,Regular,1,7
2083,36.0,1.43,16.0,19.78,3,Asian,Regular,1,7
2084,25.0,2.12,13.88,21.02,3,FastFood,Regular,0,5
2085,29.0,3.46,25.49,18.44,2,Asian,Regular,1,8
2086,20.0,4.68,38.02,18.29,0,FastFood,Prime,0,8
2087,45.0,2.6,20.91,19.4,6,Italian,Prime,1,9
2088,36.0,2.49,13.17,21.01,5,FastFood,Regular,1,8
2089,24.0,1.15,19.86,17.58,2,Asian,Regular,1,7
2090,34.0,3.53,21.73,23.8,6,Italian,Regular,1,5
2091,42.0,4.03,18.75,21.89,1,Italian,Regular,1,8
2092,41.0,0.72,11.22,21.72,5,Vegan,Regular,0,6
2093,24.0,5.31,37.97,20.59,3,Italian,Regular,1,9
2094,16.0,1.58,20.09,18.27,4,FastFood,Prime,1,10
2095,36.0,2.79,18.81,18.18,0,Vegan,Regular,1,6
2096,24.0,2.42,24.52,16.4,4,FastFood,Prime,1,8
2097,38.0,1.95,20.56,17.19,4,FastFood,Regular,1,8
2098,41.0,1.8,17.8,16.2,6,Italian,Regular,1,7
2099,42.0,1.17,14.58,20.91,2,FastFood,Regular,1,9
2100,48.0,3.09,23.57,17.32,0,FastFood,Prime,1,8
2101,43.0,1.72,13.18,16.91,0,Asian,Regular,1,10
2102,48.0,0.98,7.4,20.54,1,FastFood,Regular,1,7
2103,44.0,1.31,17.47,14.28,2,Asian,Prime,1,10
2104,45.0,1.14,,23.77,5,Vegan,Prime,1,5
2105,32.0,1.51,19.56,15.06,1,Italian,Regular,1,8
2106,20.0,2.63,14.24,19.68,1,Asian,Regular,1,7
2107,54.0,1.36,16.17,11.59,0,Asian,Regular,1,5
2108,33.0,3.96,28.33,19.1,2,Vegan,Prime,1,8
2109,43.0,1.89,16.17,17.41,4,FastFood,Regular,1,6
2110,27.0,1.72,18.81,19.04,1,FastFood,Regular,1,7
2111,41.0,2.03,17.01,23.21,3,Italian,Regular,1,8
2112,16.0,4.34,30.79,17.6,1,Italian,Regular,1,7
2113,28.0,1.09,19.74,17.69,5,FastFood,Prime,1,9
2114,31.0,5.76,29.11,,0,Italian,Prime,1,9
2115,36.0,3.41,23.72,19.93,1,FastFood,Regular,1,10
2116,42.0,2.29,16.71,19.92,3,Vegan,Prime,0,6
2117,22.0,3.86,21.57,18.26,5,FastFood,Regular,0,5
2118,38.0,1.69,18.18,18.4,2,FastFood,Regular,1,8
2119,43.0,2.36,29.01,18.64,0,FastFood,Regular,1,7
2120,53.0,1.72,10.18,23.4,3,FastFood,Prime,1,6
2121,38.0,3.43,25.62,20.32,1,FastFood,Regular,1,8
2122,28.0,,11.38,17.86,2,FastFood,Regular,0,7
2123,21.0,2.25,16.52,21.49,6,FastFood,Prime,1,10
2124,48.0,2.93,20.46,21.24,6,FastFood,Regular,1,8
2125,39.0,4.12,25.38,19.99,1,Italian,Prime,1,8
2126,32.0,1.28,13.49,17.25,4,Italian,Regular,1,8
2127,17.0,3.05,26.76,20.77,3,FastFood,Regular,1,10
2128,24.0,1.17,18.71,22.27,6,FastFood,Regular,0,5
2129,38.0,0.62,12.22,17.97,6,FastFood,Regular,1,6
2130,35.0,1.33,19.33,23.66,2,FastFood,Regular,1,10
2131,16.0,3.19,20.24,21.05,0,FastFood,Regular,1,6
2132,38.0,2.3,22.69,14.36,0,Asian,Prime,1,6
2133,18.0,1.73,15.5,16.4,0,Vegan,Prime,0,6
2134,44.0,2.39,23.11,19.22,5,Vegan,Prime,1,9
2135,34.0,2.04,19.52,17.07,5,Italian,Regular,1,8
2136,28.0,2.84,13.0,20.46,5,Italian,Regular,1,9
2137,41.0,0.83,16.43,20.14,0,FastFood,Regular,1,7
2138,,1.9,19.33,17.73,0,Asian,Regular,1,7
2139,44.0,2.48,18.95,14.96,1,Asian,Prime,1,8
2140,33.0,0.95,13.11,16.94,4,Asian,Regular,0,5
2141,33.0,0.94,12.67,,0,Vegan,Regular,1,8
2142,29.0,1.65,25.16,,4,Italian,Regular,1,9
2143,34.0,2.02,26.8,15.67,6,Asian,Regular,1,6
2144,47.0,2.03,19.71,14.93,1,Asian,Regular,1,6
2145,27.0,1.48,16.91,20.94,5,FastFood,Regular,1,9
2146,38.0,1.45,18.1,23.45,3,Vegan,Regular,1,7
2147,24.0,1.62,21.54,16.91,6,FastFood,Regular,1,6
2148,16.0,2.37,23.38,19.36,1,Vegan,Regular,1,5
2149,34.0,4.59,35.47,12.89,1,Asian,Prime,1,10
2150,35.0,,15.92,19.77,0,FastFood,Regular,1,8
2151,31.0,2.84,22.11,17.63,4,Asian,Regular,1,8
2152,19.0,1.89,,16.26,6,FastFood,Regular,1,8
2153,35.0,2.69,20.79,15.93,0,Asian,Regular,1,8
2154,34.0,4.45,26.41,17.7,3,Asian,Prime,0,6
2155,24.0,1.33,14.64,18.84,5,Italian,Regular,1,7
2156,20.0,3.89,,20.45,5,Vegan,Prime,1,7
2157,30.0,1.16,19.41,18.08,6,FastFood,Prime,1,6
2158,,2.16,21.91,21.87,5,FastFood,Regular,1,10
2159,36.0,1.76,21.68,16.94,6,Italian,Regular,1,7
2160,24.0,2.07,13.3,23.14,6,FastFood,Regular,0,4
2161,33.0,1.17,19.16,12.49,6,Italian,Regular,1,6
2162,40.0,2.56,19.44,20.13,3,FastFood,Regular,1,9
2163,21.0,4.82,30.27,18.76,2,Italian,Regular,0,5
2164,33.0,1.18,15.1,22.01,2,Italian,Regular,1,6
2165,44.0,2.24,18.64,19.74,6,Vegan,Regular,0,5
2166,,3.22,16.63,21.56,1,FastFood,Regular,0,5
2167,42.0,1.71,13.66,20.55,5,Vegan,Regular,1,7
2168,47.0,4.89,26.08,21.76,4,Italian,Prime,0,7
2169,30.0,1.59,14.28,19.85,0,FastFood,Regular,1,10
2170,29.0,1.89,13.14,14.85,3,Italian,Regular,1,7
2171,41.0,1.34,,14.35,1,Italian,Prime,1,8
2172,30.0,2.16,19.71,22.99,5,FastFood,Regular,1,6
2173,16.0,2.02,22.54,19.08,3,Italian,Regular,1,7
2174,31.0,2.86,,20.23,2,FastFood,Regular,1,5
2175,36.0,1.42,19.15,16.98,0,Italian,Regular,1,9
2176,39.0,1.59,16.57,18.97,0,Italian,Prime,1,7
2177,24.0,2.6,18.49,19.05,5,Italian,Regular,1,6
2178,30.0,4.34,21.95,18.15,6,Asian,Regular,1,8
2179,41.0,2.85,19.24,17.67,2,FastFood,Regular,1,9
2180,31.0,5.56,37.01,14.56,5,Vegan,Regular,1,6
2181,18.0,2.73,24.54,14.81,3,Asian,Regular,0,5
2182,43.0,3.08,21.26,15.72,2,Vegan,Prime,1,9
2183,30.0,2.93,21.47,13.63,3,Asian,Regular,0,4
2184,42.0,4.57,27.64,25.71,4,FastFood,Regular,1,7
2185,19.0,3.98,29.22,12.61,6,Italian,Regular,1,5
2186,31.0,1.28,14.93,22.41,3,FastFood,Prime,1,8
2187,37.0,3.13,21.9,19.18,2,Asian,Regular,0,7
2188,31.0,2.33,13.35,21.07,5,Italian,Regular,1,8
2189,21.0,1.81,11.92,21.83,3,FastFood,Regular,1,7
2190,16.0,0.87,18.23,23.2,2,Vegan,Prime,1,7
2191,46.0,0.86,14.8,26.35,3,FastFood,Regular,1,7
2192,34.0,1.9,19.22,17.71,3,Italian,Prime,1,6
2193,43.0,0.9,21.2,18.07,0,Asian,Regular,1,7
2194,40.0,1.92,15.13,24.83,0,FastFood,Prime,1,8
2195,37.0,3.43,18.28,16.26,4,Italian,Prime,1,8
2196,29.0,1.46,15.5,16.41,1,Asian,Regular,1,7
2197,36.0,2.11,21.73,19.12,3,FastFood,Regular,1,8
2198,45.0,1.12,16.17,19.7,5,Italian,Regular,1,6
2199,33.0,2.37,21.48,15.31,1,FastFood,Regular,1,9
2200,,2.66,15.76,20.45,2,Asian,Regular,1,9
2201,19.0,0.92,15.22,22.6,6,FastFood,Regular,1,10
2202,18.0,1.53,17.99,21.15,0,Vegan,Prime,1,9
2203,41.0,1.0,12.48,12.88,5,Vegan,Regular,1,9
2204,25.0,2.66,23.16,17.88,1,FastFood,Regular,1,9
2205,50.0,2.2,,25.47,6,FastFood,Regular,1,8
2206,44.0,1.96,15.97,18.04,2,Italian,Regular,1,6
2207,,1.88,20.22,12.86,0,Asian,Regular,1,9
2208,40.0,2.41,17.84,19.08,5,Italian,Regular,1,8
2209,24.0,2.43,18.41,23.04,1,FastFood,Regular,1,10
2210,17.0,1.76,21.98,22.59,2,FastFood,Prime,1,9
2211,45.0,1.42,17.2,19.08,3,Vegan,Regular,1,9
2212,19.0,2.24,15.73,,5,Italian,Prime,1,8
2213,46.0,1.81,14.2,,2,Vegan,Regular,1,8
2214,38.0,6.25,32.14,19.9,6,Italian,Regular,1,5
2215,31.0,1.63,15.54,19.88,3,Vegan,Regular,1,8
2216,36.0,2.36,18.72,20.6,2,FastFood,Regular,1,9
2217,36.0,2.99,25.52,19.86,2,FastFood,Prime,1,10
2218,30.0,4.35,31.47,18.54,5,Vegan,Regular,1,7
2219,45.0,1.29,11.38,19.59,4,Vegan,Regular,1,5
2220,45.0,4.84,28.14,20.12,0,FastFood,Prime,1,8
2221,33.0,1.86,21.06,20.41,5,Italian,Regular,1,7
2222,27.0,9.17,,17.11,2,Italian,Prime,1,9
2223,44.0,2.46,13.12,22.58,2,Italian,Regular,1,5
2224,16.0,1.18,14.21,19.26,0,FastFood,Prime,0,6
2225,36.0,1.81,,22.08,6,Vegan,Regular,1,6
2226,39.0,4.2,19.24,23.89,0,FastFood,Regular,1,9
2227,25.0,2.11,17.39,17.4,6,Asian,Regular,1,4
2228,41.0,1.95,18.9,21.23,0,FastFood,Regular,1,9
2229,32.0,3.44,27.12,18.81,3,FastFood,Prime,1,8
2230,27.0,1.67,21.08,15.76,0,Asian,Regular,1,5
2231,41.0,1.79,16.38,21.66,3,FastFood,Regular,1,10
2232,22.0,1.2,10.67,16.89,5,Asian,Regular,1,9
2233,40.0,5.99,27.86,24.55,4,FastFood,Prime,1,10
2234,16.0,1.03,16.25,18.23,3,Vegan,Regular,1,8
2235,35.0,2.54,19.47,16.05,0,Asian,Prime,1,7
2236,32.0,2.62,26.43,14.84,6,Vegan,Regular,1,7
2237,27.0,2.3,13.83,22.93,2,FastFood,Prime,1,9
2238,,1.01,11.72,22.66,3,FastFood,Regular,1,7
2239,31.0,1.16,12.92,21.04,6,Italian,Regular,1,6
2240,41.0,2.68,17.41,21.19,4,Italian,Regular,1,8
2241,37.0,1.31,16.41,23.37,5,FastFood,Regular,1,8
2242,36.0,0.74,18.57,23.49,1,FastFood,Prime,1,10
2243,35.0,2.87,25.51,20.09,3,Italian,Prime,1,10
2244,28.0,1.25,16.49,23.29,3,FastFood,Regular,1,9
2245,29.0,3.28,25.25,13.71,1,Italian,Prime,1,7
2246,34.0,1.8,18.19,17.7,2,FastFood,Regular,1,7
2247,30.0,1.76,23.0,17.21,5,FastFood,Regular,1,8
2248,42.0,2.07,18.56,21.8,6,Italian,Regular,1,8
2249,33.0,1.08,12.98,16.46,5,Italian,Regular,1,9
2250,35.0,1.28,19.1,19.13,6,FastFood,Regular,1,7
2251,19.0,1.75,19.96,18.52,6,Italian,Regular,1,7
2252,40.0,1.07,21.46,14.02,1,Asian,Regular,1,9
2253,27.0,3.43,19.74,19.49,5,Italian,Prime,1,9
2254,23.0,1.96,25.37,12.96,4,Italian,Prime,1,9
2255,47.0,,12.86,16.2,6,Vegan,Regular,1,6
2256,38.0,1.48,16.61,19.02,4,Italian,Regular,1,10
2257,41.0,2.45,18.18,16.02,0,Vegan,Prime,1,9
2258,36.0,1.58,20.68,20.12,3,Asian,Regular,1,7
2259,31.0,2.89,20.08,21.14,5,FastFood,Prime,1,9
2260,29.0,2.76,17.35,21.44,0,Italian,Regular,1,7
2261,39.0,7.55,43.5,17.86,3,Asian,Regular,1,6
2262,42.0,3.79,24.01,19.47,4,Vegan,Regular,1,8
2263,31.0,0.94,20.44,15.91,3,Italian,Prime,1,6
2264,51.0,1.9,15.45,23.79,5,FastFood,Prime,1,8
2265,30.0,1.74,18.55,,0,Italian,Regular,1,5
2266,19.0,3.18,18.52,27.25,2,FastFood,Prime,1,5
2267,17.0,1.39,15.69,18.99,6,Asian,Prime,1,9
2268,17.0,1.5,16.4,17.47,3,Italian,Regular,1,6
2269,28.0,1.17,18.49,17.69,1,Asian,Prime,1,9
2270,30.0,1.45,15.01,20.68,0,Vegan,Regular,1,8
2271,38.0,1.48,25.23,21.52,4,Italian,Regular,1,8
2272,32.0,,9.83,21.94,6,Italian,Regular,1,7
2273,40.0,1.21,16.59,16.61,0,Asian,Prime,0,6
2274,32.0,3.97,29.72,,0,Asian,Prime,1,7
2275,32.0,2.61,24.76,14.31,2,Vegan,Regular,1,9
2276,27.0,0.91,12.75,17.58,1,FastFood,Regular,1,7
2277,45.0,2.04,20.85,16.96,0,Italian,Regular,1,7
2278,18.0,0.98,9.71,25.51,2,FastFood,Prime,1,9
2279,,4.85,30.62,23.75,4,Vegan,Prime,1,7
2280,30.0,4.89,28.52,19.3,5,Asian,Regular,1,5
2281,39.0,1.95,15.86,21.7,2,Italian,Regular,1,6
2282,32.0,1.26,14.12,18.88,4,FastFood,Regular,1,9
2283,32.0,1.4,14.26,16.45,5,FastFood,Regular,1,8
2284,30.0,1.57,13.84,,0,Asian,Regular,1,8
2285,45.0,1.9,19.82,14.9,5,FastFood,Regular,1,8
2286,32.0,4.28,28.11,17.66,1,FastFood,Regular,0,7
2287,50.0,3.41,21.62,18.08,4,Vegan,Regular,1,5
2288,34.0,3.95,21.52,17.4,5,Asian,Prime,1,8
2289,32.0,2.21,17.69,21.41,5,FastFood,Regular,1,7
2290,31.0,1.07,15.57,18.93,2,FastFood,Regular,1,7
2291,37.0,1.52,12.5,21.09,4,Vegan,Prime,1,9
2292,27.0,2.39,20.93,15.39,0,Asian,Prime,1,9
2293,33.0,1.04,15.75,18.53,3,Italian,Regular,1,7
2294,32.0,2.38,18.79,17.67,6,FastFood,Regular,1,5
2295,35.0,3.14,20.76,24.27,1,FastFood,Regular,1,10
2296,35.0,2.72,21.07,21.06,1,FastFood,Regular,0,5
2297,36.0,,16.39,18.63,4,Asian,Regular,1,8
2298,33.0,0.72,21.91,17.35,3,FastFood,Regular,1,9
2299,46.0,4.19,27.24,21.52,3,FastFood,Regular,1,7
2300,36.0,0.85,14.72,18.37,1,Asian,Regular,1,9
2301,55.0,2.13,26.16,13.78,1,Vegan,Prime,1,8
2302,32.0,2.83,27.37,19.8,5,Asian,Regular,1,10
2303,41.0,2.45,25.0,15.25,2,Italian,Regular,1,8
2304,25.0,1.0,14.68,19.05,5,Italian,Regular,1,7
2305,45.0,1.27,12.79,23.15,3,Italian,Prime,1,10
2306,26.0,2.36,17.01,23.86,2,FastFood,Regular,1,8
2307,36.0,2.67,17.71,14.63,1,Italian,Regular,1,7
2308,30.0,1.1,17.84,18.04,4,Italian,Regular,1,6
2309,36.0,2.5,20.19,21.71,1,Italian,Regular,1,8
2310,30.0,1.01,18.64,17.21,6,Vegan,Prime,1,10
2311,25.0,3.26,22.4,18.49,2,Vegan,Prime,1,9
2312,30.0,1.24,18.13,19.84,5,FastFood,Regular,1,8
2313,46.0,2.1,17.81,19.98,3,Italian,Regular,1,9
2314,36.0,1.92,25.23,16.39,2,FastFood,Regular,0,6
2315,20.0,3.81,16.43,20.13,3,Italian,Regular,1,7
2316,42.0,2.3,16.1,19.13,3,FastFood,Regular,1,7
2317,24.0,1.67,25.46,20.97,3,FastFood,Prime,1,9
2318,39.0,2.82,21.55,16.46,6,Asian,Prime,1,9
2319,37.0,6.54,23.18,20.06,4,Italian,Regular,1,9
2320,38.0,3.03,20.07,19.44,0,Vegan,Regular,1,8
2321,49.0,1.95,12.37,25.32,0,FastFood,Regular,1,8
2322,25.0,1.27,14.02,23.97,0,FastFood,Regular,1,8
2323,37.0,1.43,15.59,16.43,4,Italian,Regular,1,9
2324,43.0,,23.3,25.1,1,FastFood,Prime,0,7
2325,26.0,1.42,19.38,21.96,2,FastFood,Prime,1,8
2326,25.0,2.02,18.16,19.98,5,Vegan,Regular,1,7
2327,29.0,4.44,28.37,23.54,0,FastFood,Regular,1,8
2328,35.0,2.19,16.72,17.88,1,FastFood,Regular,1,8
2329,,1.28,15.35,14.91,0,Italian,Prime,1,10
2330,37.0,6.67,39.77,18.56,1,Italian,Regular,1,8
2331,19.0,5.31,32.09,16.92,0,Italian,Regular,1,6
2332,44.0,2.65,22.07,23.89,4,Italian,Regular,1,6
2333,37.0,4.06,23.14,15.17,5,Asian,Regular,1,7
2334,49.0,1.74,17.66,21.12,1,FastFood,Regular,1,8
2335,38.0,3.0,17.34,19.0,3,Italian,Regular,0,4
2336,29.0,1.6,17.42,19.96,2,Asian,Regular,1,8
2337,25.0,1.1,9.1,16.72,0,Vegan,Prime,1,7
2338,34.0,8.38,49.33,14.31,3,Italian,Regular,1,8
2339,32.0,0.93,17.06,22.13,4,Italian,Regular,1,8
2340,43.0,2.73,14.66,21.24,1,FastFood,Prime,1,7
2341,24.0,2.36,19.29,23.43,5,FastFood,Regular,1,8
2342,50.0,2.67,16.62,23.57,6,FastFood,Regular,1,10
2343,43.0,1.92,11.81,19.47,0,Asian,Regular,1,7
2344,30.0,1.93,19.39,19.87,1,FastFood,Regular,1,7
2345,,2.5,19.08,15.44,2,Asian,Prime,1,9
2346,25.0,2.62,22.96,15.01,5,FastFood,Regular,0,5
2347,34.0,2.01,14.51,16.71,0,Vegan,Regular,0,5
2348,21.0,,15.19,17.15,3,Asian,Regular,1,7
2349,49.0,0.97,15.17,18.9,3,FastFood,Regular,1,5
2350,17.0,6.1,36.36,17.58,0,FastFood,Regular,1,8
2351,19.0,3.11,21.26,21.15,0,FastFood,Prime,1,7
2352,26.0,2.6,17.71,23.26,0,Vegan,Prime,1,9
2353,44.0,1.64,17.63,20.83,0,FastFood,Prime,1,9
2354,41.0,1.16,19.39,15.55,3,Italian,Regular,1,8
2355,33.0,3.23,16.61,21.81,6,Italian,Regular,1,6
2356,41.0,2.12,16.24,15.14,2,Asian,Prime,1,9
2357,31.0,2.83,25.23,22.35,1,Italian,Regular,1,7
2358,36.0,0.96,18.56,17.82,1,Italian,Regular,0,4
2359,47.0,5.42,27.62,19.79,6,Vegan,Prime,1,10
2360,30.0,3.31,18.56,25.68,6,FastFood,Regular,1,6
2361,25.0,1.93,13.56,13.76,4,Asian,Regular,1,8
2362,36.0,3.0,20.25,17.85,3,FastFood,Prime,1,10
2363,39.0,,23.92,17.65,1,Italian,Regular,0,5
2364,33.0,0.97,16.68,19.11,6,Vegan,Regular,1,7
2365,41.0,5.07,24.31,23.34,0,Asian,Regular,1,7
2366,30.0,3.02,24.09,14.87,1,Asian,Prime,1,6
2367,33.0,1.37,12.87,17.09,4,FastFood,Regular,1,8
2368,35.0,1.27,24.33,16.07,1,Italian,Prime,1,8
2369,35.0,3.47,20.55,19.1,0,Italian,Regular,1,7
2370,47.0,2.26,,19.78,4,Italian,Regular,1,9
2371,35.0,2.63,20.9,16.66,0,Italian,Regular,0,5
2372,29.0,2.04,16.79,21.06,1,FastFood,Regular,1,5
2373,37.0,1.16,21.29,26.84,4,FastFood,Regular,1,9
2374,41.0,2.66,13.17,21.11,1,FastFood,Regular,0,4
2375,39.0,1.81,14.62,19.33,5,Italian,Regular,1,8
2376,38.0,1.99,13.98,26.67,0,FastFood,Regular,1,8
2377,19.0,8.56,40.56,17.55,4,Vegan,Prime,0,6
2378,16.0,3.74,22.46,,0,Italian,Prime,1,10
2379,43.0,3.35,19.55,19.59,5,FastFood,Regular,1,8
2380,36.0,8.99,46.07,15.73,5,Asian,Regular,1,7
2381,32.0,2.49,30.85,12.63,5,Asian,Regular,1,5
2382,38.0,2.15,18.72,21.41,1,FastFood,Regular,1,5
2383,49.0,1.39,12.95,21.65,1,FastFood,Regular,1,10
2384,45.0,1.57,16.14,20.44,6,FastFood,Regular,0,6
2385,41.0,0.65,14.63,21.74,5,FastFood,Regular,1,9
2386,24.0,3.11,27.03,17.62,1,Asian,Regular,1,10
2387,25.0,1.15,16.78,15.81,0,Vegan,Prime,1,8
2388,16.0,3.31,20.76,21.87,2,FastFood,Regular,1,7
2389,38.0,1.97,20.54,18.34,4,Asian,Regular,1,5
2390,42.0,2.16,21.29,16.21,2,FastFood,Regular,1,7
2391,43.0,1.97,17.27,22.3,5,Italian,Regular,1,7
2392,38.0,4.32,,14.03,3,Asian,Regular,1,7
2393,31.0,3.92,23.79,15.54,6,Italian,Regular,1,9
2394,,2.28,23.3,21.61,6,FastFood,Prime,1,9
2395,25.0,1.23,19.9,19.89,3,Italian,Regular,1,9
2396,31.0,3.35,22.3,21.68,5,Vegan,Regular,1,6
2397,23.0,1.18,12.64,22.68,3,FastFood,Regular,1,8
2398,48.0,0.98,19.63,19.44,0,FastFood,Prime,1,9
2399,20.0,3.05,,21.33,2,FastFood,Prime,1,10
2400,30.0,4.53,28.12,17.68,2,Italian,Prime,1,9
2401,16.0,1.61,17.98,18.95,6,Italian,Regular,1,7
2402,35.0,2.52,18.31,17.16,5,Asian,Regular,1,9
2403,32.0,1.6,16.56,15.79,1,Asian,Regular,1,7
2404,29.0,3.44,20.63,18.53,0,Vegan,Prime,1,9
2405,24.0,4.23,32.55,12.55,3,Asian,Prime,1,9
2406,32.0,2.0,14.57,23.49,3,FastFood,Prime,1,8
2407,27.0,1.14,10.43,19.27,5,Italian,Regular,1,7
2408,31.0,1.04,17.29,14.08,1,FastFood,Prime,1,8
2409,50.0,3.85,22.85,23.38,5,FastFood,Prime,1,8
2410,34.0,1.08,17.09,19.35,2,Vegan,Regular,1,5
2411,37.0,2.47,24.29,14.75,2,Asian,Regular,1,8
2412,28.0,3.09,,16.63,2,Vegan,Regular,1,8
2413,25.0,1.53,14.17,16.71,6,Italian,Regular,1,6
2414,32.0,1.84,13.24,,2,Italian,Regular,1,6
2415,55.0,3.49,25.43,16.43,3,Italian,Regular,1,8
2416,29.0,1.48,24.06,26.1,6,FastFood,Prime,1,10
2417,35.0,1.4,13.52,22.11,0,FastFood,Prime,1,10
2418,25.0,2.04,19.01,23.79,3,Italian,Prime,1,10
2419,16.0,4.07,24.25,21.68,4,FastFood,Regular,1,7
2420,25.0,4.88,,21.12,6,Vegan,Regular,1,8
2421,53.0,1.91,18.58,18.36,0,FastFood,Regular,1,7
2422,37.0,1.57,,20.5,5,FastFood,Prime,1,7
2423,47.0,3.62,21.15,16.8,5,Asian,Regular,1,8
2424,29.0,0.92,12.43,22.86,2,FastFood,Prime,1,7
2425,16.0,2.31,20.34,19.36,5,Vegan,Regular,1,6
2426,22.0,1.97,16.59,17.84,3,Asian,Regular,1,7
2427,36.0,4.72,25.4,21.95,4,FastFood,Prime,1,8
2428,34.0,4.34,,16.27,2,Asian,Regular,1,7
2429,32.0,1.38,22.3,16.03,1,Asian,Prime,1,6
2430,27.0,2.21,24.55,15.39,5,Asian,Regular,1,6
2431,40.0,1.47,13.46,19.6,1,Asian,Regular,1,9
2432,27.0,1.71,15.35,16.27,1,Asian,Regular,1,7
2433,35.0,3.25,14.92,19.36,6,Italian,Prime,1,9
2434,34.0,1.67,21.28,20.53,6,FastFood,Regular,1,8
2435,29.0,2.58,21.82,19.55,4,Asian,Prime,1,8
2436,24.0,3.92,24.76,13.93,4,Vegan,Prime,1,7
2437,28.0,4.63,29.38,19.29,2,Italian,Regular,1,7
2438,49.0,2.71,17.94,13.99,4,Asian,Prime,1,10
2439,42.0,,24.3,,4,Italian,Prime,1,8
2440,41.0,1.1,15.42,16.65,3,Asian,Regular,1,10
2441,25.0,5.54,27.55,15.36,4,Vegan,Prime,1,8
2442,19.0,2.64,15.76,22.01,3,FastFood,Regular,1,7
2443,42.0,2.17,16.07,21.67,6,FastFood,Regular,1,7
2444,40.0,2.11,21.73,17.9,4,Italian,Regular,1,7
2445,33.0,2.82,24.47,18.23,2,Italian,Prime,1,7
2446,29.0,3.08,24.76,18.92,4,Italian,Regular,1,7
2447,19.0,3.3,,24.53,1,FastFood,Regular,1,5
2448,40.0,4.88,24.41,17.68,1,Italian,Regular,1,8
2449,43.0,2.3,18.31,21.13,5,Italian,Regular,0,5
2450,26.0,,28.93,18.4,4,Italian,Prime,1,9
2451,,4.14,25.72,20.11,0,Asian,Prime,1,8
2452,43.0,1.95,15.8,16.44,2,Asian,Regular,1,8
2453,26.0,0.8,17.18,15.4,6,Asian,Regular,1,8
2454,48.0,2.43,19.6,14.37,4,Asian,Prime,0,6
2455,31.0,4.75,27.68,18.41,6,Italian,Regular,1,10
2456,29.0,1.31,19.41,16.44,3,Italian,Regular,1,8
2457,32.0,2.42,16.39,22.15,0,Italian,Prime,1,8
2458,29.0,2.54,23.73,18.39,1,FastFood,Prime,1,10
2459,42.0,3.38,25.08,18.93,0,FastFood,Regular,1,8
2460,40.0,1.63,18.11,20.01,5,Italian,Regular,0,7
2461,42.0,1.44,13.83,22.82,5,Vegan,Prime,1,6
2462,34.0,2.76,24.13,18.75,3,Asian,Regular,1,7
2463,28.0,1.34,15.31,24.18,5,FastFood,Regular,1,7
2464,32.0,0.84,9.31,18.29,3,Italian,Prime,1,6
2465,28.0,5.54,25.34,20.8,5,FastFood,Regular,1,8
2466,45.0,3.35,23.47,21.83,4,Asian,Regular,0,5
2467,41.0,5.67,24.31,21.06,3,Asian,Regular,1,5
2468,31.0,3.26,19.05,20.36,4,Italian,Regular,1,6
2469,24.0,2.93,15.42,21.38,2,Italian,Regular,1,9
2470,46.0,2.47,24.04,23.58,5,FastFood,Regular,1,9
2471,33.0,1.82,16.28,15.36,6,Italian,Regular,0,4
2472,,3.07,25.16,19.39,1,Vegan,Prime,1,7
2473,46.0,1.49,22.62,20.59,4,Asian,Regular,1,9
2474,27.0,1.12,10.11,20.37,0,Italian,Regular,1,5
2475,29.0,1.68,17.87,18.33,2,Italian,Regular,1,8
2476,30.0,4.1,15.89,25.53,4,FastFood,Regular,1,5
2477,20.0,1.18,20.85,22.11,1,FastFood,Prime,1,10
2478,35.0,1.03,13.93,23.27,1,FastFood,Regular,1,8
2479,25.0,2.79,,,2,Italian,Regular,1,5
2480,27.0,1.84,19.7,21.02,0,Vegan,Prime,1,8
2481,26.0,2.63,14.83,20.09,4,Italian,Regular,1,8
2482,27.0,3.47,17.95,24.9,0,FastFood,Regular,1,5
2483,24.0,2.99,15.42,25.29,2,FastFood,Prime,0,6
2484,,1.42,21.95,19.65,2,FastFood,Regular,1,8
2485,31.0,4.69,25.18,17.85,6,Asian,Prime,1,6
2486,32.0,3.48,16.65,21.8,6,Italian,Prime,1,9
2487,53.0,2.35,16.61,16.68,0,Asian,Prime,0,6
2488,31.0,1.99,22.82,13.86,1,Asian,Regular,1,9
2489,37.0,,29.63,18.27,5,FastFood,Prime,0,6
2490,38.0,1.95,20.72,16.32,2,Italian,Prime,1,7
2491,31.0,0.82,,18.22,4,Vegan,Regular,1,6
2492,34.0,3.5,28.72,16.56,6,Italian,Prime,1,8
2493,32.0,2.94,13.18,24.09,1,FastFood,Regular,1,7
2494,34.0,0.65,10.77,18.72,6,Vegan,Prime,1,10
2495,27.0,2.67,11.16,23.03,0,Vegan,Regular,0,5
2496,28.0,5.29,32.24,15.56,1,Italian,Regular,1,5
2497,32.0,1.08,9.66,17.58,3,Italian,Regular,1,7
2498,16.0,2.22,23.22,21.31,6,FastFood,Prime,1,6
2499,45.0,1.82,11.68,18.95,3,Asian,Regular,1,8
2500,51.0,5.02,23.57,21.47,0,Italian,Regular,1,8
2501,34.0,3.73,21.65,19.39,1,FastFood,Regular,1,8
2502,38.0,1.43,19.27,19.38,5,Asian,Prime,1,8
2503,42.0,2.43,26.16,14.79,3,Vegan,Regular,1,6
2504,20.0,7.15,31.44,19.09,0,Asian,Regular,0,4
2505,40.0,1.43,12.38,16.98,3,FastFood,Regular,1,7
2506,28.0,2.0,16.31,22.34,2,FastFood,Regular,1,7
2507,53.0,2.67,19.8,22.66,0,Vegan,Regular,1,9
2508,30.0,1.44,12.69,21.98,1,Vegan,Regular,1,7
2509,40.0,6.11,44.12,14.24,6,Italian,Prime,1,8
2510,30.0,1.79,20.79,15.93,4,Asian,Prime,1,7
2511,52.0,0.94,12.28,20.36,0,Italian,Regular,1,6
2512,27.0,1.51,18.06,20.29,0,Italian,Regular,1,6
2513,42.0,2.88,21.76,21.83,2,FastFood,Regular,0,4
2514,38.0,1.49,17.93,14.4,3,FastFood,Prime,1,10
2515,36.0,2.38,14.33,24.59,3,FastFood,Regular,1,8
2516,34.0,2.74,,20.3,4,Asian,Regular,1,7
2517,26.0,1.19,12.2,21.49,1,FastFood,Prime,1,7
2518,16.0,1.48,14.68,21.69,0,FastFood,Regular,1,9
2519,42.0,2.44,22.23,19.81,4,Italian,Regular,1,6
2520,28.0,2.96,13.63,25.38,6,FastFood,Regular,1,5
2521,43.0,1.5,12.97,21.75,1,FastFood,Regular,1,8
2522,35.0,2.19,9.94,18.0,2,Italian,Regular,1,6
2523,43.0,1.98,18.34,19.49,4,Italian,Prime,1,7
2524,39.0,3.01,22.94,18.47,1,Italian,Regular,1,6
2525,16.0,2.68,19.73,19.5,6,Vegan,Regular,1,8
2526,38.0,1.89,18.19,15.7,1,FastFood,Prime,1,8
2527,29.0,3.01,,20.96,3,Vegan,Prime,1,7
2528,42.0,1.6,26.74,22.78,2,Vegan,Regular,1,8
2529,37.0,2.98,25.4,19.45,4,Asian,Prime,1,7
2530,37.0,2.61,21.27,19.28,1,Asian,Regular,1,5
2531,30.0,7.42,32.32,18.36,0,Italian,Regular,1,6
2532,24.0,1.67,19.69,17.35,3,Asian,Regular,1,7
2533,28.0,1.86,18.31,19.86,6,Asian,Regular,1,6
2534,16.0,1.62,17.17,,4,FastFood,Prime,1,8
2535,27.0,1.31,17.75,23.66,5,Vegan,Prime,1,10
2536,19.0,1.57,17.16,16.75,3,Italian,Regular,1,7
2537,19.0,2.9,19.59,15.37,0,Asian,Regular,1,10
2538,33.0,3.47,12.62,17.64,2,Italian,Prime,1,9
2539,37.0,,17.46,18.17,6,FastFood,Regular,0,5
2540,32.0,1.71,19.39,15.06,5,Italian,Regular,1,6
2541,28.0,1.54,15.8,19.72,4,Italian,Regular,1,7
2542,23.0,1.22,21.8,19.54,2,Italian,Regular,1,7
2543,29.0,1.48,18.14,21.74,4,FastFood,Regular,1,8
2544,25.0,1.14,8.19,22.06,4,FastFood,Prime,1,8
2545,31.0,4.25,32.74,14.69,4,Italian,Regular,1,8
2546,18.0,5.53,26.83,17.25,6,Italian,Regular,0,5
2547,38.0,0.8,15.74,18.68,4,Vegan,Prime,1,10
2548,27.0,2.36,,21.15,1,FastFood,Regular,1,9
2549,35.0,2.69,,16.62,1,FastFood,Prime,1,9
2550,40.0,2.26,21.8,18.22,4,FastFood,Regular,1,8
2551,35.0,1.45,21.55,17.37,6,Italian,Regular,1,9
2552,39.0,3.53,26.63,21.25,6,Italian,Regular,1,8
2553,16.0,2.9,21.57,17.63,4,Asian,Prime,1,9
2554,28.0,4.09,21.33,22.36,3,Vegan,Prime,1,9
2555,42.0,1.54,14.66,20.63,5,FastFood,Prime,1,10
2556,37.0,0.94,18.74,17.0,6,Asian,Regular,1,8
2557,49.0,2.56,19.33,22.5,0,FastFood,Regular,1,8
2558,47.0,1.36,13.38,20.47,2,FastFood,Prime,1,7
2559,35.0,3.6,21.79,16.88,2,Italian,Regular,1,9
2560,30.0,0.72,,16.53,3,FastFood,Prime,1,9
2561,,1.56,15.28,16.95,2,Italian,Regular,1,7
2562,28.0,1.44,16.31,19.01,2,Asian,Regular,1,7
2563,28.0,1.93,26.87,20.03,0,Asian,Prime,0,6
2564,27.0,2.32,27.03,16.49,0,Italian,Regular,1,7
2565,24.0,2.5,24.89,13.99,3,Italian,Regular,1,8
2566,36.0,2.86,18.04,20.91,6,Italian,Regular,1,7
2567,47.0,3.51,19.91,21.21,2,FastFood,Prime,1,6
2568,40.0,1.83,18.93,16.96,1,FastFood,Regular,1,10
2569,29.0,6.42,,9.53,1,Asian,Regular,1,8
2570,,4.97,28.05,16.8,6,Vegan,Prime,1,9
2571,35.0,1.7,15.1,19.61,4,FastFood,Regular,1,7
2572,,2.15,21.29,15.51,4,Italian,Prime,1,9
2573,,1.93,13.83,18.66,1,Asian,Prime,1,8
2574,30.0,2.46,19.97,15.05,6,Asian,Regular,1,7
2575,38.0,1.36,14.49,18.53,1,Italian,Prime,0,6
2576,33.0,1.3,16.97,24.67,6,Italian,Regular,1,9
2577,25.0,0.61,16.62,17.28,6,Asian,Regular,1,8
2578,25.0,1.62,20.9,19.18,3,Vegan,Regular,1,7
2579,35.0,3.62,15.19,20.72,6,FastFood,Regular,1,7
2580,36.0,1.85,14.25,21.37,6,Vegan,Regular,1,7
2581,29.0,1.91,15.01,22.64,4,FastFood,Regular,1,9
2582,22.0,2.35,12.72,14.59,5,Asian,Regular,1,6
2583,43.0,1.16,14.38,,4,FastFood,Regular,1,8
2584,41.0,2.04,22.28,19.0,3,FastFood,Regular,0,6
2585,16.0,3.78,22.27,20.15,2,FastFood,Prime,1,9
2586,44.0,2.38,19.34,23.25,4,Italian,Regular,1,7
2587,30.0,3.45,20.26,22.85,1,FastFood,Regular,1,5
2588,34.0,4.04,22.43,20.76,1,FastFood,Regular,1,8
2589,42.0,2.9,23.49,21.74,1,Italian,Regular,1,5
2590,47.0,1.36,11.38,18.99,0,Italian,Regular,1,8
2591,41.0,1.67,18.67,13.07,6,Asian,Regular,0,5
2592,34.0,5.83,30.42,24.16,1,Vegan,Regular,0,6
2593,20.0,2.75,28.92,16.62,5,Asian,Prime,1,7
2594,16.0,2.22,16.69,14.23,3,FastFood,Regular,1,6
2595,,1.25,16.74,16.2,2,FastFood,Regular,1,8
2596,44.0,2.2,15.24,22.66,1,Vegan,Prime,1,8
2597,25.0,,21.33,16.25,5,FastFood,Regular,1,5
2598,30.0,2.03,18.44,22.01,3,Italian,Regular,0,5
2599,27.0,1.51,18.38,19.73,3,Vegan,Regular,1,10
2600,27.0,1.72,19.25,21.5,4,Vegan,Regular,1,8
2601,42.0,3.88,29.94,17.83,5,Italian,Regular,1,6
2602,34.0,2.91,22.21,18.26,4,Asian,Regular,1,8
2603,30.0,2.7,13.59,,3,Italian,Regular,1,9
2604,56.0,2.95,26.52,16.91,6,Asian,Prime,1,6
2605,19.0,1.05,15.27,17.8,6,FastFood,Regular,1,7
2606,37.0,2.34,15.38,22.08,6,FastFood,Regular,1,9
2607,23.0,3.62,28.98,13.78,0,Italian,Regular,1,5
2608,31.0,2.01,10.16,23.79,6,FastFood,Prime,1,8
2609,33.0,3.45,,17.47,1,Asian,Regular,1,7
2610,40.0,2.72,21.73,19.71,4,Italian,Regular,1,7
2611,30.0,3.17,30.64,12.17,4,Vegan,Regular,1,9
2612,29.0,2.38,21.58,14.3,1,Asian,Prime,1,10
2613,29.0,3.28,24.81,17.19,0,Italian,Regular,1,7
2614,22.0,0.9,15.59,18.62,6,Asian,Regular,1,6
2615,38.0,2.05,21.4,18.17,6,FastFood,Regular,1,9
2616,35.0,2.98,18.96,25.12,1,Italian,Regular,1,8
2617,36.0,2.37,19.33,20.21,4,FastFood,Regular,1,7
2618,31.0,3.68,23.1,16.66,1,Vegan,Regular,1,8
2619,30.0,1.85,16.84,16.55,3,Asian,Regular,1,8
2620,43.0,1.71,20.81,16.84,2,Vegan,Prime,1,7
2621,41.0,0.94,11.2,16.18,5,Vegan,Prime,1,8
2622,45.0,1.73,17.01,22.33,4,Vegan,Regular,1,7
2623,35.0,2.68,17.46,22.54,3,FastFood,Regular,1,5
2624,44.0,3.06,18.46,20.95,4,Vegan,Regular,1,7
2625,28.0,0.93,12.18,21.82,3,Italian,Regular,1,6
2626,,3.84,26.21,19.77,0,Italian,Regular,1,8
2627,43.0,1.18,18.84,15.72,4,Italian,Regular,1,6
2628,40.0,2.17,13.18,23.13,5,FastFood,Prime,1,9
2629,29.0,1.47,12.74,17.62,3,FastFood,Regular,1,8
2630,23.0,2.91,29.94,19.57,1,FastFood,Prime,1,8
2631,30.0,2.12,20.07,20.86,0,FastFood,Regular,1,8
2632,26.0,2.92,25.75,,2,Italian,Regular,1,8
2633,48.0,5.55,40.55,14.48,5,Vegan,Regular,1,7
2634,39.0,2.51,20.23,14.68,2,Asian,Regular,0,5
2635,25.0,1.47,17.59,18.44,6,Italian,Regular,1,7
2636,23.0,2.6,28.67,16.91,2,Italian,Regular,1,7
2637,25.0,5.87,33.06,21.43,2,Italian,Regular,1,9
2638,27.0,2.89,20.35,24.89,5,FastFood,Regular,1,7
2639,30.0,,25.86,14.31,4,Asian,Regular,1,7
2640,,0.84,14.36,21.18,0,FastFood,Regular,1,7
2641,23.0,2.49,17.48,20.8,0,Asian,Regular,1,8
2642,53.0,,21.77,16.68,1,Asian,Prime,1,8
2643,24.0,1.39,19.39,17.44,6,Italian,Regular,1,7
2644,19.0,1.99,14.88,21.91,0,Vegan,Regular,1,9
2645,47.0,2.14,18.99,20.18,0,FastFood,Regular,1,5
2646,44.0,1.43,19.13,23.06,5,Vegan,Regular,1,8
2647,30.0,2.23,21.78,15.57,4,Asian,Regular,0,4
2648,35.0,1.83,19.47,15.86,6,Asian,Regular,1,5
2649,36.0,2.96,23.79,18.9,1,Asian,Regular,1,7
2650,33.0,2.28,20.75,17.24,4,Asian,Regular,1,6
2651,20.0,2.48,18.43,19.8,0,Vegan,Regular,1,6
2652,16.0,3.97,28.74,13.54,4,Italian,Prime,1,10
2653,24.0,3.14,24.24,16.15,0,Asian,Prime,0,7
2654,48.0,,19.79,19.07,6,Asian,Regular,1,8
2655,49.0,0.64,16.85,16.46,2,Italian,Regular,1,7
2656,30.0,2.67,21.02,21.46,1,Vegan,Regular,1,6
2657,23.0,1.22,19.59,19.2,6,Italian,Regular,1,7
2658,35.0,1.92,20.01,17.98,0,Italian,Regular,0,5
2659,36.0,2.47,,25.07,5,FastFood,Regular,1,5
2660,37.0,4.19,29.99,19.98,3,FastFood,Regular,0,7
2661,16.0,5.55,,16.35,4,Asian,Regular,1,7
2662,60.0,1.21,17.33,17.95,1,Italian,Regular,1,6
2663,42.0,1.12,16.41,18.71,6,Italian,Prime,0,6
2664,30.0,2.77,19.44,23.3,3,FastFood,Prime,0,4
2665,26.0,2.3,25.38,14.67,2,Italian,Regular,1,6
2666,41.0,1.04,14.1,19.08,3,Asian,Regular,1,9
2667,36.0,2.0,16.17,19.69,2,Vegan,Regular,1,7
2668,33.0,2.8,19.89,22.66,2,FastFood,Regular,1,7
2669,36.0,1.02,21.3,24.72,0,Italian,Regular,0,5
2670,31.0,1.34,,17.17,3,Italian,Prime,1,8
2671,36.0,1.41,17.09,15.32,3,Italian,Regular,1,7
2672,39.0,1.79,19.76,19.0,2,Italian,Regular,1,10
2673,35.0,3.39,22.47,19.42,6,Italian,Prime,0,5
2674,35.0,1.68,10.95,20.77,0,Italian,Regular,1,6
2675,45.0,2.08,16.84,17.1,6,Italian,Regular,1,8
2676,,7.97,40.73,16.34,6,Italian,Prime,1,7
2677,25.0,1.37,,14.51,0,Italian,Prime,1,10
2678,32.0,1.41,16.67,13.72,4,Asian,Regular,1,7
2679,25.0,3.36,27.45,16.0,1,Asian,Prime,0,6
2680,28.0,3.47,24.19,20.65,0,FastFood,Regular,1,8
2681,44.0,2.53,17.01,21.96,6,Asian,Regular,1,7
2682,,5.45,34.69,14.76,0,Vegan,Regular,1,9
2683,16.0,2.76,20.17,22.01,2,FastFood,Prime,1,9
2684,28.0,0.78,15.62,16.61,0,Italian,Prime,1,9
2685,33.0,,20.23,21.67,0,FastFood,Regular,0,3
2686,32.0,1.47,20.39,15.67,0,Asian,Regular,1,7
2687,37.0,4.96,,24.11,5,FastFood,Prime,1,8
2688,36.0,3.42,20.53,19.47,0,Asian,Regular,1,10
2689,31.0,0.84,18.14,20.66,5,FastFood,Regular,1,6
2690,21.0,4.87,28.62,22.24,1,Italian,Prime,1,7
2691,28.0,3.38,16.33,21.63,6,Vegan,Regular,1,9
2692,26.0,1.68,18.23,22.12,5,Italian,Regular,1,6
2693,29.0,1.93,15.49,19.38,4,Vegan,Regular,1,7
2694,38.0,4.33,23.49,22.17,5,Vegan,Regular,1,10
2695,36.0,0.78,14.37,17.35,2,Vegan,Prime,1,9
2696,39.0,2.57,14.71,18.39,5,FastFood,Regular,1,9
2697,29.0,3.67,25.24,22.23,1,Asian,Regular,1,8
2698,46.0,1.92,24.11,17.74,4,FastFood,Regular,1,8
2699,38.0,2.88,25.02,17.37,6,Italian,Regular,1,8
2700,33.0,2.13,16.72,14.19,5,Vegan,Regular,1,9
2701,37.0,1.31,14.51,14.97,1,Asian,Regular,1,6
2702,26.0,1.29,15.74,15.91,5,Italian,Regular,1,10
2703,16.0,2.98,19.44,16.76,6,Italian,Regular,1,7
2704,27.0,1.42,14.81,17.72,6,Asian,Regular,1,9
2705,39.0,0.87,11.65,18.3,5,Asian,Regular,1,8
2706,33.0,2.15,21.12,15.88,5,Italian,Regular,1,7
2707,31.0,1.52,12.84,17.29,5,Vegan,Regular,1,8
2708,24.0,1.04,13.43,24.25,5,FastFood,Regular,1,8
2709,16.0,2.09,18.7,26.12,0,FastFood,Regular,1,5
2710,45.0,3.07,24.41,20.01,5,Asian,Regular,1,7
2711,30.0,2.34,30.78,14.89,1,Vegan,Prime,1,7
2712,28.0,1.12,15.21,24.57,3,FastFood,Regular,1,8
2713,26.0,3.02,15.53,26.56,2,FastFood,Prime,1,8
2714,43.0,4.09,25.17,15.91,1,FastFood,Prime,1,9
2715,40.0,6.8,31.42,22.53,1,Vegan,Regular,1,6
2716,23.0,4.45,,21.68,0,FastFood,Regular,1,6
2717,42.0,1.16,20.36,17.65,3,Italian,Regular,1,6
2718,31.0,3.23,,19.8,2,Vegan,Regular,1,10
2719,27.0,2.32,17.35,22.33,2,FastFood,Regular,0,9
2720,29.0,1.07,10.16,21.51,0,Italian,Regular,1,10
2721,25.0,2.71,20.64,21.38,4,Italian,Prime,0,4
2722,20.0,5.79,37.13,13.38,1,Asian,Regular,1,6
2723,39.0,4.47,27.67,16.81,5,Italian,Prime,1,7
2724,30.0,1.33,,18.74,0,Italian,Prime,1,9
2725,38.0,2.03,12.82,25.72,0,FastFood,Regular,1,10
2726,35.0,3.03,29.63,10.45,2,Asian,Prime,1,9
2727,37.0,0.89,10.26,15.53,2,Asian,Prime,1,9
2728,16.0,0.79,,16.42,6,FastFood,Regular,0,4
2729,24.0,2.19,23.23,14.94,3,Italian,Regular,1,7
2730,37.0,2.21,23.62,22.26,2,Vegan,Regular,1,8
2731,21.0,0.73,13.78,19.4,5,FastFood,Regular,1,9
2732,35.0,2.49,19.92,14.0,1,FastFood,Regular,1,7
2733,19.0,3.66,21.1,18.09,6,Italian,Regular,0,6
2734,32.0,1.79,14.86,27.11,2,FastFood,Regular,1,8
2735,46.0,2.39,14.78,15.58,2,FastFood,Prime,1,8
2736,39.0,2.76,22.32,19.89,2,Italian,Regular,1,7
2737,16.0,2.56,12.2,25.7,0,FastFood,Regular,1,8
2738,40.0,0.8,15.69,18.37,4,Italian,Regular,1,7
2739,48.0,1.41,11.1,21.63,4,Asian,Prime,1,7
2740,57.0,1.62,10.86,16.78,4,Italian,Regular,0,6
2741,36.0,1.25,18.1,25.34,4,FastFood,Regular,0,7
2742,20.0,4.51,22.53,19.9,0,Asian,Regular,1,8
2743,36.0,2.85,14.24,20.9,6,FastFood,Regular,1,7
2744,46.0,1.26,15.69,13.43,3,Asian,Prime,1,9
2745,30.0,1.79,19.53,15.9,4,Italian,Regular,1,8
2746,41.0,3.75,30.02,11.37,0,Asian,Regular,1,9
2747,24.0,1.41,14.75,22.78,5,FastFood,Regular,1,8
2748,,3.7,23.29,22.42,4,FastFood,Prime,1,9
2749,16.0,4.96,27.84,18.71,2,Italian,Prime,1,10
2750,23.0,3.93,25.16,20.63,6,FastFood,Regular,0,7
2751,32.0,2.56,17.58,25.07,4,FastFood,Prime,1,8
2752,29.0,4.01,22.52,17.71,6,Asian,Regular,1,9
2753,20.0,1.74,21.3,15.67,5,Asian,Prime,1,7
2754,28.0,9.09,38.31,21.44,1,FastFood,Prime,0,6
2755,35.0,2.3,15.01,25.23,6,Vegan,Regular,1,8
2756,31.0,3.78,22.87,18.49,5,Asian,Regular,1,9
2757,33.0,1.65,13.97,18.41,1,Vegan,Regular,1,6
2758,39.0,2.65,20.08,16.89,5,Asian,Regular,0,5
2759,29.0,2.72,24.79,18.11,3,Asian,Regular,1,7
2760,44.0,1.21,15.87,17.41,6,Italian,Regular,0,5
2761,23.0,1.19,23.53,15.78,1,Asian,Regular,1,6
2762,49.0,1.8,15.03,19.47,1,Vegan,Regular,1,8
2763,42.0,,21.62,25.56,2,FastFood,Regular,1,6
2764,29.0,0.74,17.14,23.37,3,FastFood,Regular,1,9
2765,29.0,1.65,14.37,19.77,4,FastFood,Regular,0,7
2766,34.0,4.14,21.34,21.93,1,Vegan,Regular,1,7
2767,,1.18,8.79,18.52,4,Italian,Prime,1,7
2768,42.0,4.62,28.29,17.83,0,Asian,Prime,1,8
2769,20.0,1.08,20.76,17.61,2,Asian,Regular,1,7
2770,36.0,1.22,20.38,13.59,4,Vegan,Regular,1,7
2771,16.0,1.86,21.84,11.86,1,FastFood,Regular,1,8
2772,30.0,6.49,39.6,,3,Asian,Prime,1,7
2773,45.0,1.42,13.59,17.11,4,Vegan,Regular,1,10
2774,19.0,0.89,10.47,16.08,1,FastFood,Prime,1,7
2775,18.0,0.93,20.64,15.03,6,Asian,Regular,1,9
2776,34.0,3.36,23.25,20.9,5,Italian,Regular,0,4
2777,44.0,0.96,10.15,17.86,6,Asian,Regular,1,7
2778,35.0,4.45,21.13,20.51,3,Italian,Prime,1,9
2779,16.0,2.41,16.67,22.36,2,FastFood,Prime,1,8
2780,17.0,1.98,24.05,18.24,6,FastFood,Regular,1,7
2781,33.0,2.37,14.12,23.33,5,FastFood,Regular,0,4
2782,21.0,1.3,,22.76,5,FastFood,Regular,1,7
2783,33.0,2.5,17.43,16.72,1,Asian,Prime,1,7
2784,34.0,1.04,14.24,18.65,6,Italian,Regular,1,8
2785,28.0,4.86,20.34,23.38,3,FastFood,Prime,1,10
2786,48.0,1.14,8.05,15.2,5,Asian,Regular,1,8
2787,37.0,2.56,19.28,,5,Asian,Regular,1,8
2788,43.0,1.14,19.29,19.97,0,Italian,Regular,1,9
2789,40.0,1.5,17.57,19.51,0,Vegan,Regular,1,7
2790,31.0,1.89,21.56,22.48,0,Italian,Prime,0,4
2791,30.0,11.94,59.53,13.89,4,Asian,Prime,1,8
2792,29.0,2.3,12.94,19.62,6,FastFood,Prime,1,9
2793,38.0,1.28,15.52,15.36,0,Asian,Regular,1,10
2794,26.0,1.81,14.81,20.5,0,Vegan,Prime,1,7
2795,48.0,0.88,14.37,19.84,3,Asian,Regular,0,6
2796,25.0,1.84,17.87,15.94,2,Italian,Regular,1,8
2797,34.0,5.57,26.55,27.09,0,Italian,Regular,1,7
2798,30.0,2.42,23.29,16.78,4,Italian,Regular,1,6
2799,28.0,3.31,27.72,17.87,6,Asian,Regular,1,7
2800,52.0,1.22,16.12,17.01,1,Asian,Regular,1,8
2801,28.0,1.8,,19.63,0,Vegan,Regular,1,9
2802,29.0,2.25,21.14,16.44,1,Italian,Regular,1,4
2803,26.0,1.35,16.35,24.2,1,FastFood,Regular,1,8
2804,32.0,2.51,19.85,16.28,3,Italian,Regular,1,7
2805,31.0,3.25,,15.69,0,FastFood,Prime,1,8
2806,22.0,2.71,23.4,17.63,2,FastFood,Regular,1,8
2807,28.0,1.85,19.92,25.34,0,FastFood,Regular,1,10
2808,37.0,4.22,23.95,20.0,4,Asian,Prime,1,7
2809,41.0,2.01,19.28,14.98,3,FastFood,Prime,1,8
2810,32.0,1.91,9.55,23.44,0,FastFood,Prime,1,6
2811,33.0,5.12,33.25,15.05,0,FastFood,Prime,1,9
2812,29.0,,14.64,19.42,3,Vegan,Prime,1,7
2813,27.0,0.79,19.53,14.1,4,Asian,Regular,0,7
2814,24.0,1.44,12.62,23.67,1,FastFood,Prime,1,9
2815,18.0,2.87,19.19,22.66,2,FastFood,Prime,0,6
2816,26.0,4.08,20.42,21.05,4,Italian,Regular,1,7
2817,40.0,1.61,20.13,20.11,3,FastFood,Prime,1,9
2818,28.0,6.28,36.36,18.0,0,Italian,Prime,1,9
2819,29.0,2.35,29.59,14.6,2,Italian,Prime,1,7
2820,29.0,2.17,18.62,16.61,1,Vegan,Prime,1,8
2821,43.0,1.26,16.34,23.85,6,FastFood,Regular,1,7
2822,24.0,5.89,33.81,17.88,5,Asian,Regular,1,8
2823,,1.85,21.68,21.31,2,FastFood,Regular,1,9
2824,31.0,1.11,14.42,23.03,1,Vegan,Prime,1,6
2825,33.0,8.95,47.25,15.86,0,Vegan,Prime,0,7
2826,34.0,2.88,25.32,18.73,5,Asian,Prime,0,6
2827,33.0,3.59,25.64,15.43,6,Italian,Prime,1,8
2828,39.0,5.84,27.13,25.43,1,FastFood,Prime,1,9
2829,32.0,2.82,24.68,18.31,4,Asian,Regular,1,7
2830,48.0,3.96,23.33,19.31,1,Asian,Prime,1,6
2831,32.0,2.07,17.87,18.9,6,FastFood,Regular,1,3
2832,17.0,3.01,19.05,24.17,2,Italian,Regular,1,6
2833,38.0,1.98,17.54,23.7,0,Italian,Regular,1,7
2834,36.0,1.99,23.98,18.03,6,Asian,Regular,0,5
2835,32.0,2.15,22.79,19.82,6,Asian,Regular,1,8
2836,30.0,1.62,18.46,16.28,2,Asian,Regular,1,7
2837,16.0,2.66,24.84,13.96,6,Asian,Regular,1,6
2838,16.0,3.05,21.69,23.39,1,FastFood,Prime,1,8
2839,47.0,3.16,24.83,16.11,1,Italian,Regular,1,7
2840,27.0,2.86,22.28,24.93,3,FastFood,Regular,1,10
2841,41.0,6.05,26.5,19.51,4,Asian,Regular,1,8
2842,18.0,3.59,26.16,19.11,2,Italian,Regular,0,3
2843,23.0,1.8,26.91,18.97,5,Italian,Regular,0,5
2844,38.0,2.58,20.56,23.97,5,FastFood,Regular,1,8
2845,31.0,5.04,,21.82,0,FastFood,Prime,1,8
2846,37.0,1.19,15.83,17.45,6,Italian,Regular,1,5
2847,32.0,7.01,,16.46,1,FastFood,Prime,0,7
2848,30.0,1.32,10.91,23.88,3,FastFood,Regular,1,8
2849,26.0,3.8,20.14,17.88,2,Asian,Prime,1,8
2850,21.0,2.32,13.26,25.66,3,Italian,Prime,1,7
2851,45.0,1.96,22.82,18.25,0,Italian,Regular,1,9
2852,46.0,0.98,20.58,19.29,2,Italian,Regular,1,5
2853,23.0,3.32,23.39,17.78,0,Asian,Regular,1,5
2854,22.0,0.99,16.04,22.95,6,FastFood,Regular,1,6
2855,29.0,0.91,20.22,14.68,1,Asian,Regular,1,8
2856,35.0,3.81,26.63,19.28,3,Vegan,Regular,1,6
2857,30.0,6.2,25.55,18.99,1,Asian,Prime,1,8
2858,36.0,1.6,18.61,17.63,1,Italian,Prime,1,8
2859,32.0,3.5,21.31,18.9,2,Asian,Regular,1,8
2860,31.0,3.12,25.47,18.75,6,Italian,Regular,1,7
2861,54.0,1.91,18.2,19.54,3,Italian,Regular,1,7
2862,27.0,4.2,21.85,21.49,6,Italian,Regular,1,6
2863,47.0,2.12,12.07,20.32,5,FastFood,Prime,1,10
2864,45.0,2.68,18.28,16.64,3,FastFood,Regular,1,8
2865,37.0,1.01,10.07,17.81,6,Italian,Regular,1,8
2866,16.0,1.03,12.75,18.52,2,FastFood,Regular,1,6
2867,32.0,3.83,25.27,12.97,3,Italian,Regular,1,7
2868,27.0,2.73,16.77,18.22,4,Italian,Regular,1,8
2869,32.0,1.86,18.06,20.06,4,Vegan,Regular,1,7
2870,22.0,5.75,21.66,24.06,5,FastFood,Regular,1,6
2871,39.0,5.72,26.44,15.54,1,Italian,Regular,0,5
2872,41.0,2.95,19.93,18.73,3,Italian,Prime,1,7
2873,43.0,0.9,11.06,24.38,4,FastFood,Regular,1,7
2874,29.0,2.18,,19.28,2,FastFood,Prime,1,9
2875,22.0,1.27,14.27,22.61,6,FastFood,Regular,0,5
2876,35.0,2.12,12.27,25.79,2,FastFood,Regular,1,6
2877,48.0,1.38,18.5,15.41,2,FastFood,Prime,1,9
2878,33.0,1.04,13.63,19.21,2,Italian,Regular,1,7
2879,36.0,0.58,13.05,21.52,4,Italian,Regular,1,8
2880,30.0,2.21,26.63,19.95,0,FastFood,Regular,0,6
2881,27.0,0.65,10.35,25.16,1,FastFood,Prime,1,8
2882,38.0,1.94,17.56,22.9,5,FastFood,Prime,1,7
2883,31.0,2.95,21.08,23.1,1,Italian,Regular,1,6
2884,36.0,1.35,17.77,22.75,0,FastFood,Regular,1,10
2885,37.0,1.11,15.18,23.32,1,Italian,Regular,1,4
2886,35.0,1.94,15.18,21.9,2,FastFood,Regular,1,5
2887,37.0,1.28,13.83,16.9,0,FastFood,Regular,1,9
2888,24.0,2.23,12.24,17.73,5,Vegan,Regular,1,9
2889,24.0,1.31,18.36,24.06,0,FastFood,Prime,1,9
2890,32.0,1.9,19.99,24.0,2,FastFood,Regular,1,5
2891,32.0,1.91,11.56,20.07,1,FastFood,Prime,1,9
2892,27.0,2.3,15.06,24.55,2,Vegan,Prime,1,7
2893,34.0,5.69,35.76,17.58,0,Italian,Prime,1,8
2894,40.0,2.25,15.23,19.7,6,Italian,Regular,1,8
2895,43.0,2.66,,20.72,6,Vegan,Regular,1,8
2896,45.0,1.43,19.96,17.01,0,FastFood,Regular,1,7
2897,20.0,2.28,21.08,19.19,1,Vegan,Regular,1,9
2898,22.0,1.73,13.88,28.14,6,FastFood,Regular,1,8
2899,29.0,2.05,22.33,16.1,2,Italian,Regular,1,6
2900,33.0,2.88,21.18,20.13,0,Italian,Regular,1,7
2901,30.0,1.53,18.06,15.5,0,Italian,Regular,1,6
2902,27.0,1.86,19.54,16.89,2,Vegan,Prime,1,8
2903,29.0,1.77,18.8,16.76,3,FastFood,Prime,1,9
2904,36.0,1.52,17.14,22.13,4,Vegan,Regular,1,5
2905,20.0,2.55,12.78,16.23,1,Italian,Prime,1,6
2906,53.0,1.65,20.71,20.04,2,Asian,Regular,1,6
2907,32.0,4.59,,18.01,1,Vegan,Regular,1,9
2908,41.0,10.11,43.03,21.38,3,FastFood,Prime,0,6
2909,27.0,1.47,22.05,20.65,2,Vegan,Regular,1,9
2910,37.0,2.37,18.92,14.3,1,Italian,Regular,1,7
2911,33.0,3.56,17.53,17.49,5,Asian,Regular,1,6
2912,40.0,1.74,16.79,22.05,3,FastFood,Regular,1,5
2913,30.0,1.17,12.05,21.46,3,Italian,Regular,1,6
2914,46.0,5.24,39.62,14.7,0,Asian,Regular,1,7
2915,19.0,2.94,23.83,16.38,0,Italian,Regular,1,4
2916,41.0,2.4,21.4,22.98,5,FastFood,Regular,1,6
2917,33.0,4.47,21.0,25.24,6,FastFood,Regular,0,4
2918,23.0,3.08,20.8,17.84,4,Vegan,Regular,1,7
2919,50.0,2.26,,17.29,0,FastFood,Prime,1,8
2920,49.0,1.35,12.04,16.24,3,Asian,Prime,1,9
2921,16.0,1.54,20.95,16.66,1,Vegan,Regular,1,5
2922,34.0,4.49,25.96,22.19,0,FastFood,Prime,1,7
2923,38.0,2.93,22.7,17.76,0,FastFood,Regular,1,9
2924,36.0,1.82,15.32,19.33,3,Asian,Regular,1,7
2925,46.0,5.32,,21.64,2,FastFood,Regular,1,9
2926,44.0,1.85,23.8,21.11,3,Italian,Regular,1,7
2927,34.0,3.99,37.51,11.18,4,Asian,Prime,1,9
2928,52.0,2.61,21.71,13.93,1,Italian,Prime,1,9
2929,40.0,5.83,,21.86,2,Italian,Regular,1,7
2930,29.0,3.05,23.12,15.27,4,Asian,Regular,1,7
2931,27.0,2.07,20.95,14.69,1,Italian,Regular,1,7
2932,43.0,1.83,13.92,20.39,0,FastFood,Regular,1,7
2933,25.0,2.0,13.51,19.13,5,Italian,Regular,1,8
2934,28.0,1.55,15.01,19.06,1,Vegan,Prime,1,8
2935,30.0,1.09,11.38,18.12,0,Asian,Prime,0,7
2936,35.0,2.74,23.82,19.36,5,Italian,Prime,1,10
2937,30.0,1.5,15.35,21.84,3,FastFood,Regular,1,6
2938,20.0,1.5,12.13,25.05,1,FastFood,Regular,1,9
2939,42.0,1.92,15.49,20.96,5,FastFood,Regular,1,7
2940,28.0,2.38,10.93,20.87,1,FastFood,Prime,1,9
2941,50.0,2.02,13.48,21.75,4,Vegan,Regular,1,7
2942,35.0,5.24,,22.66,4,FastFood,Regular,1,9
2943,43.0,2.9,23.6,14.83,5,Asian,Regular,1,8
2944,38.0,7.38,31.71,20.72,5,FastFood,Prime,1,8
2945,44.0,1.82,16.46,22.31,4,FastFood,Prime,1,8
2946,37.0,3.1,,16.97,0,Italian,Regular,0,3
2947,34.0,1.63,23.98,19.38,6,FastFood,Regular,1,7
2948,42.0,1.7,,13.66,0,Asian,Prime,1,10
2949,,6.55,46.79,11.43,1,Vegan,Regular,0,6
2950,30.0,1.32,21.04,18.45,3,Vegan,Regular,1,7
2951,39.0,0.59,6.92,21.38,2,FastFood,Regular,1,6
2952,32.0,1.36,12.92,14.37,4,Asian,Regular,1,9
2953,37.0,0.67,12.06,25.13,0,FastFood,Regular,1,8
2954,32.0,1.37,19.62,,3,Vegan,Prime,0,3
2955,16.0,1.26,14.92,20.87,2,Italian,Regular,1,10
2956,30.0,2.05,16.88,22.26,4,FastFood,Regular,1,7
2957,41.0,0.65,7.49,27.53,3,FastFood,Regular,1,10
2958,25.0,,,22.62,5,FastFood,Regular,1,8
2959,,0.72,10.08,16.66,1,FastFood,Regular,1,6
2960,34.0,1.88,12.79,22.45,6,Vegan,Regular,1,8
2961,30.0,1.68,14.99,21.07,2,Asian,Regular,1,5
2962,40.0,3.17,26.18,14.54,2,Vegan,Regular,1,7
2963,38.0,2.81,16.32,22.92,3,FastFood,Prime,1,7
2964,36.0,3.87,,20.74,1,Italian,Regular,1,7
2965,41.0,1.65,11.47,20.36,5,FastFood,Regular,1,8
2966,34.0,1.56,20.05,12.2,1,Italian,Regular,1,8
2967,17.0,2.53,21.14,20.11,6,FastFood,Regular,1,6
2968,29.0,3.55,21.44,19.26,1,FastFood,Regular,1,7
2969,16.0,3.65,19.08,22.48,6,Italian,Prime,1,6
2970,38.0,,19.26,20.73,2,FastFood,Regular,1,8
2971,40.0,2.63,15.94,17.43,4,Italian,Prime,1,9
2972,40.0,1.97,19.98,15.59,6,Asian,Regular,1,6
2973,36.0,2.9,13.91,21.98,0,FastFood,Prime,1,10
2974,41.0,6.17,29.73,19.66,2,Vegan,Regular,1,8
2975,18.0,1.76,19.07,16.45,6,Italian,Regular,1,7
2976,31.0,1.65,19.54,17.63,1,Asian,Regular,1,7
2977,19.0,1.58,21.1,15.66,0,Asian,Regular,1,7
2978,29.0,2.87,29.92,10.78,3,Asian,Prime,1,7
2979,47.0,0.72,16.46,18.6,0,Asian,Prime,0,7
2980,42.0,1.87,17.1,21.1,6,Vegan,Regular,1,8
2981,38.0,3.27,23.86,19.02,6,Italian,Regular,1,6
2982,30.0,1.51,19.78,19.67,1,FastFood,Regular,1,9
2983,,2.23,19.08,20.78,1,FastFood,Regular,1,7
2984,34.0,7.39,34.58,20.63,5,Italian,Prime,1,7
2985,42.0,2.42,18.31,19.1,3,FastFood,Regular,1,10
2986,36.0,0.68,17.16,23.58,5,FastFood,Prime,1,7
2987,18.0,0.93,14.84,16.58,6,FastFood,Regular,1,6
2988,33.0,,17.3,18.94,2,Italian,Prime,1,8
2989,16.0,1.29,14.3,21.08,1,FastFood,Regular,1,8
2990,39.0,2.13,18.45,21.11,4,Italian,Regular,1,6
2991,26.0,1.97,28.27,,4,Asian,Prime,1,5
2992,21.0,3.82,29.17,15.06,3,Asian,Regular,1,7
2993,39.0,1.1,16.39,16.82,2,FastFood,Regular,1,6
2994,37.0,1.8,25.95,17.03,1,Italian,Regular,1,7
2995,34.0,2.27,17.69,19.16,3,Italian,Regular,1,6
2996,52.0,2.79,25.85,13.83,2,Italian,Prime,1,7
2997,38.0,2.51,,15.94,3,Asian,Prime,1,8
2998,26.0,0.53,,22.83,0,FastFood,Regular,1,7
2999,,2.42,24.05,19.21,6,Vegan,Prime,1,7
3000,29.0,1.85,18.5,21.23,4,FastFood,Regular,1,9
3001,43.0,3.72,30.43,13.39,6,Asian,Prime,1,7
3002,35.0,3.0,27.4,18.24,5,Italian,Regular,1,7
3003,35.0,2.3,9.27,21.09,4,FastFood,Regular,1,7
3004,19.0,2.39,21.83,16.61,2,Asian,Regular,1,5
3005,33.0,4.24,19.63,21.46,4,FastFood,Regular,1,6
3006,31.0,4.36,29.06,16.26,3,Asian,Prime,1,8
3007,23.0,2.34,15.21,17.31,6,Italian,Regular,1,7
3008,30.0,6.55,31.77,17.88,1,FastFood,Regular,1,6
3009,36.0,1.43,14.51,23.92,0,FastFood,Regular,1,7
3010,32.0,,19.03,14.06,0,Asian,Regular,1,8
3011,19.0,2.0,,21.47,1,FastFood,Regular,1,8
3012,30.0,1.64,10.36,24.58,4,Vegan,Regular,1,8
3013,28.0,0.6,14.07,19.64,1,Asian,Prime,1,10
3014,34.0,1.41,15.99,18.22,0,Asian,Regular,1,8
3015,33.0,2.8,18.72,21.75,2,FastFood,Prime,1,6
3016,28.0,2.24,21.03,16.69,5,Asian,Prime,1,8
3017,28.0,1.31,13.35,16.98,2,Vegan,Regular,1,6
3018,33.0,2.06,12.66,20.24,1,FastFood,Regular,1,8
3019,41.0,2.48,19.32,22.72,1,FastFood,Prime,1,10
3020,35.0,3.43,21.4,22.17,5,FastFood,Prime,0,6
3021,45.0,1.42,14.63,20.55,3,Italian,Regular,1,9
3022,42.0,3.74,21.35,19.93,2,Asian,Prime,1,10
3023,45.0,1.27,18.03,18.09,5,Italian,Prime,1,9
3024,44.0,1.53,16.27,19.0,2,Italian,Regular,1,8
3025,46.0,5.9,32.43,15.3,2,FastFood,Prime,1,10
3026,22.0,1.15,,27.77,5,FastFood,Regular,1,6
3027,38.0,1.61,16.28,19.76,2,FastFood,Prime,1,9
3028,43.0,1.16,12.28,21.32,3,Vegan,Prime,0,7
3029,45.0,1.28,21.78,17.42,4,Italian,Regular,0,3
3030,,2.17,13.07,17.36,1,Italian,Regular,1,10
3031,38.0,2.97,21.89,16.43,0,Asian,Regular,1,9
3032,33.0,2.29,22.09,17.26,5,FastFood,Prime,1,10
3033,49.0,1.68,20.77,13.56,2,FastFood,Regular,1,8
3034,20.0,1.17,17.25,24.48,2,FastFood,Prime,1,7
3035,25.0,,16.46,21.03,4,Vegan,Regular,0,3
3036,,0.86,12.82,14.8,0,Asian,Regular,1,7
3037,33.0,3.47,18.69,19.67,0,Italian,Prime,1,9
3038,52.0,3.14,20.2,23.47,2,FastFood,Regular,0,6
3039,32.0,1.97,20.55,18.92,6,FastFood,Regular,1,10
3040,33.0,2.57,17.41,17.99,4,Asian,Regular,1,7
3041,37.0,3.26,20.95,21.12,4,Italian,Regular,1,7
3042,31.0,2.13,20.91,15.47,4,Vegan,Regular,1,7
3043,35.0,,21.59,18.28,6,Asian,Regular,1,6
3044,36.0,1.15,13.52,19.45,5,Italian,Regular,1,9
3045,24.0,1.66,10.58,21.51,0,Asian,Regular,0,5
3046,31.0,,17.07,21.06,3,Vegan,Regular,1,8
3047,39.0,2.87,24.57,17.43,3,Italian,Regular,1,8
3048,40.0,0.92,12.08,16.29,1,Asian,Regular,1,6
3049,44.0,5.14,21.54,25.17,6,Vegan,Prime,1,9
3050,35.0,2.74,23.19,19.94,1,FastFood,Regular,1,7
3051,35.0,5.27,23.34,21.14,5,Vegan,Regular,0,6
3052,39.0,1.97,18.16,20.28,0,FastFood,Regular,1,7
3053,27.0,1.71,16.33,19.6,4,Asian,Prime,1,5
3054,26.0,3.32,20.63,19.71,5,Asian,Prime,1,7
3055,31.0,4.08,26.74,18.44,3,Italian,Prime,1,6
3056,21.0,1.56,18.68,17.44,0,Italian,Prime,1,10
3057,36.0,0.67,14.78,17.38,0,Italian,Regular,1,9
3058,41.0,0.85,10.46,15.82,4,FastFood,Prime,1,6
3059,26.0,2.33,22.5,21.3,6,FastFood,Regular,1,6
3060,36.0,5.4,31.5,21.24,4,FastFood,Prime,1,6
3061,26.0,1.13,9.76,16.38,0,Italian,Prime,1,9
3062,,1.99,21.73,13.73,5,Italian,Prime,1,7
3063,51.0,1.66,20.88,21.62,3,FastFood,Regular,1,7
3064,23.0,6.66,26.7,20.43,0,Vegan,Prime,1,7
3065,20.0,6.97,35.85,19.53,2,Italian,Regular,1,8
3066,34.0,2.54,17.48,15.93,1,Italian,Regular,1,5
3067,34.0,3.3,17.1,19.53,6,Italian,Regular,1,10
3068,38.0,3.25,22.77,20.46,6,FastFood,Regular,1,9
3069,50.0,1.0,14.49,19.07,0,Asian,Regular,1,10
3070,25.0,2.96,19.15,15.97,4,Italian,Regular,1,8
3071,27.0,1.15,10.79,24.45,0,FastFood,Regular,1,9
3072,46.0,1.83,17.37,23.73,3,Vegan,Regular,1,9
3073,40.0,3.77,22.05,,1,Asian,Regular,1,6
3074,39.0,2.11,21.99,17.97,5,Asian,Regular,1,7
3075,27.0,4.25,23.58,21.69,0,Vegan,Prime,1,9
3076,42.0,4.11,28.79,16.63,6,Vegan,Regular,1,9
3077,39.0,0.88,15.7,19.54,1,FastFood,Prime,1,8
3078,34.0,0.61,9.67,18.98,1,Italian,Regular,1,8
3079,27.0,3.82,21.49,23.77,6,Italian,Regular,1,7
3080,33.0,3.9,22.77,17.41,6,FastFood,Regular,1,7
3081,47.0,2.32,18.11,25.91,0,FastFood,Regular,1,5
3082,22.0,2.5,15.84,20.42,0,FastFood,Regular,1,8
3083,25.0,3.29,22.77,16.92,5,Asian,Regular,1,7
3084,26.0,3.26,19.8,19.92,6,Asian,Regular,1,6
3085,28.0,1.7,16.41,21.85,3,Asian,Regular,1,7
3086,,3.41,21.65,22.27,1,FastFood,Regular,0,5
3087,41.0,1.66,17.8,24.49,1,FastFood,Regular,0,6
3088,36.0,2.65,20.98,16.11,1,Italian,Prime,0,6
3089,33.0,2.25,25.04,17.12,4,Italian,Regular,1,9
3090,34.0,1.26,20.76,15.71,0,Vegan,Regular,1,9
3091,38.0,1.34,18.63,,4,Vegan,Regular,1,7
3092,17.0,6.88,,21.08,5,Vegan,Regular,1,9
3093,42.0,1.23,19.67,20.09,1,Vegan,Regular,1,7
3094,25.0,2.47,19.33,24.34,6,Vegan,Regular,1,6
3095,28.0,2.77,17.86,23.84,6,Italian,Regular,1,6
3096,35.0,1.95,13.06,20.59,2,FastFood,Regular,0,4
3097,31.0,2.91,26.61,18.96,0,FastFood,Regular,1,7
3098,36.0,2.41,18.28,21.52,2,Italian,Regular,1,10
3099,33.0,1.25,16.03,24.79,1,FastFood,Regular,0,4
3100,29.0,3.11,28.03,22.32,1,FastFood,Prime,1,8
3101,46.0,1.49,18.1,21.48,6,Vegan,Regular,1,8
3102,38.0,5.25,22.4,22.65,1,FastFood,Regular,1,6
3103,35.0,2.55,21.43,16.73,2,Vegan,Regular,1,8
3104,38.0,1.58,22.31,14.08,5,Asian,Prime,1,9
3105,26.0,2.8,22.9,16.88,0,Asian,Prime,1,10
3106,52.0,1.39,21.19,16.52,0,Asian,Prime,1,10
3107,22.0,2.32,17.01,21.83,2,FastFood,Regular,1,8
3108,33.0,1.78,14.84,16.69,6,Asian,Regular,1,7
3109,29.0,1.47,21.61,15.89,5,FastFood,Prime,1,8
3110,29.0,1.27,12.33,13.59,6,Vegan,Regular,1,8
3111,28.0,8.84,26.4,23.21,6,FastFood,Prime,1,8
3112,25.0,2.12,,19.01,0,FastFood,Regular,1,7
3113,43.0,1.59,19.93,16.44,2,Asian,Regular,1,6
3114,21.0,1.44,23.88,15.66,3,Asian,Regular,0,6
3115,41.0,2.61,27.04,16.13,1,Italian,Regular,0,5
3116,38.0,1.63,18.24,14.74,6,Asian,Prime,1,7
3117,29.0,,15.46,24.06,4,FastFood,Regular,1,9
3118,37.0,1.98,21.1,16.43,5,Asian,Regular,1,8
3119,31.0,1.97,17.87,,1,FastFood,Regular,1,6
3120,22.0,1.84,15.27,23.31,5,FastFood,Prime,1,10
3121,22.0,1.23,18.23,21.95,0,FastFood,Regular,1,7
3122,38.0,1.87,16.71,23.41,0,FastFood,Prime,1,8
3123,37.0,1.79,21.32,21.04,4,FastFood,Prime,1,8
3124,34.0,1.44,6.05,22.05,0,Italian,Regular,1,9
3125,28.0,2.7,20.44,23.47,1,FastFood,Prime,1,8
3126,30.0,7.88,30.71,23.87,5,FastFood,Prime,1,9
3127,29.0,4.19,26.47,16.06,3,Italian,Regular,0,3
3128,16.0,5.86,,21.79,2,FastFood,Regular,1,6
3129,33.0,1.47,15.85,12.6,2,Asian,Regular,1,7
3130,37.0,5.06,27.95,23.42,4,Vegan,Regular,1,6
3131,33.0,2.28,28.55,16.88,6,Italian,Regular,0,5
3132,48.0,3.98,24.67,18.14,5,Vegan,Prime,1,9
3133,23.0,2.59,26.0,16.9,2,FastFood,Regular,1,6
3134,26.0,1.67,16.31,20.89,2,FastFood,Regular,1,6
3135,33.0,2.99,22.96,16.36,0,Asian,Regular,1,8
3136,34.0,2.63,22.8,21.37,1,Asian,Regular,1,5
3137,16.0,0.76,12.44,19.06,1,Asian,Regular,1,9
3138,37.0,1.88,21.82,19.46,2,FastFood,Regular,1,8
3139,34.0,3.25,23.87,13.0,6,Asian,Regular,1,8
3140,16.0,2.35,20.72,12.56,6,Italian,Regular,0,4
3141,31.0,2.61,23.9,17.92,0,FastFood,Regular,1,8
3142,25.0,1.53,25.39,,2,FastFood,Prime,1,8
3143,28.0,2.32,21.53,20.48,0,Vegan,Regular,1,9
3144,20.0,1.91,12.36,20.57,0,FastFood,Regular,1,5
3145,36.0,1.8,23.89,17.04,2,Asian,Regular,1,7
3146,48.0,1.59,19.38,14.72,6,Asian,Prime,1,8
3147,34.0,3.33,23.55,17.36,1,Asian,Regular,1,8
3148,16.0,2.44,19.41,13.59,4,Asian,Regular,1,9
3149,35.0,2.3,19.55,19.25,2,Vegan,Regular,1,6
3150,30.0,6.22,25.46,23.49,3,FastFood,Regular,1,6
3151,22.0,,26.33,19.9,6,FastFood,Regular,1,7
3152,,3.9,26.63,19.65,5,Italian,Regular,0,3
3153,40.0,2.34,31.7,13.36,5,Italian,Regular,0,8
3154,26.0,1.91,16.53,14.83,2,FastFood,Prime,1,10
3155,17.0,1.12,10.64,21.98,0,FastFood,Regular,0,6
3156,16.0,2.64,18.62,24.14,6,FastFood,Prime,1,9
3157,26.0,0.47,17.9,20.29,6,FastFood,Regular,1,9
3158,31.0,2.34,18.79,27.44,6,FastFood,Regular,1,7
3159,27.0,2.4,25.6,15.46,3,Vegan,Regular,0,5
3160,26.0,1.79,14.87,18.96,1,FastFood,Regular,1,8
3161,37.0,1.91,17.18,19.89,1,Vegan,Regular,1,7
3162,36.0,1.16,15.02,20.8,2,Vegan,Prime,1,7
3163,34.0,4.31,33.35,19.25,2,FastFood,Regular,1,7
3164,39.0,1.67,18.85,14.46,1,Asian,Regular,1,8
3165,26.0,1.18,10.83,20.11,6,Italian,Regular,1,9
3166,22.0,2.72,23.75,17.32,4,Asian,Regular,1,6
3167,27.0,2.14,15.34,19.97,1,FastFood,Regular,1,7
3168,27.0,1.65,12.84,22.5,4,FastFood,Regular,1,7
3169,16.0,1.56,17.68,20.59,4,FastFood,Regular,0,3
3170,27.0,2.01,22.4,18.14,3,Italian,Regular,1,8
3171,42.0,4.22,27.32,19.01,6,Vegan,Regular,1,7
3172,39.0,2.61,,15.03,6,Asian,Regular,1,6
3173,37.0,1.98,23.9,14.79,3,Asian,Regular,1,7
3174,33.0,3.22,,18.03,3,Vegan,Regular,1,8
3175,45.0,2.35,16.41,17.08,1,Asian,Prime,1,10
3176,22.0,2.89,27.99,15.39,5,FastFood,Prime,1,9
3177,23.0,2.19,14.76,22.15,6,Vegan,Regular,1,10
3178,42.0,2.79,21.94,18.55,4,Italian,Regular,1,9
3179,32.0,1.81,16.77,17.8,1,FastFood,Prime,1,9
3180,26.0,,11.72,22.7,3,Italian,Regular,0,4
3181,37.0,3.32,21.5,19.62,5,Vegan,Regular,0,6
3182,28.0,4.61,30.95,16.99,0,FastFood,Regular,0,4
3183,24.0,,14.75,22.59,4,Italian,Regular,1,8
3184,24.0,2.56,18.74,25.06,4,FastFood,Prime,0,3
3185,35.0,1.81,24.71,18.27,3,FastFood,Prime,1,8
3186,34.0,3.76,26.38,20.03,4,FastFood,Prime,1,6
3187,46.0,2.65,26.89,15.9,6,Asian,Prime,1,8
3188,29.0,12.55,65.53,14.21,0,Vegan,Regular,0,3
3189,29.0,1.96,14.27,21.97,3,FastFood,Prime,0,6
3190,45.0,4.69,24.39,23.54,5,FastFood,Regular,1,8
3191,41.0,4.95,,22.97,5,FastFood,Regular,1,7
3192,33.0,2.7,20.09,21.1,3,FastFood,Regular,1,7
3193,18.0,2.06,15.2,20.95,6,Italian,Regular,1,8
3194,25.0,2.12,23.97,14.28,2,Asian,Regular,1,7
3195,23.0,2.03,22.11,21.36,3,Asian,Regular,1,9
3196,,3.76,20.88,16.49,5,Italian,Regular,1,7
3197,27.0,1.25,17.86,16.78,3,Italian,Regular,1,8
3198,46.0,1.84,16.95,19.27,2,FastFood,Regular,1,8
3199,18.0,,19.78,19.06,3,FastFood,Regular,1,5
3200,22.0,0.78,15.14,18.96,4,Vegan,Regular,1,8
3201,34.0,3.23,23.68,16.44,6,Asian,Regular,1,7
3202,37.0,4.16,23.99,19.86,4,Vegan,Prime,1,8
3203,16.0,1.42,19.0,17.21,1,Vegan,Regular,1,10
3204,16.0,3.55,30.38,17.4,0,Asian,Regular,1,9
3205,30.0,0.84,19.65,16.45,6,Vegan,Regular,1,6
3206,44.0,2.35,17.11,20.4,2,Italian,Prime,1,9
3207,49.0,1.88,17.45,23.16,1,FastFood,Regular,1,8
3208,28.0,2.11,14.45,20.98,1,FastFood,Regular,1,8
3209,30.0,2.11,19.01,19.05,0,FastFood,Regular,1,6
3210,24.0,2.22,16.85,21.93,1,FastFood,Prime,1,7
3211,38.0,1.87,15.04,16.19,5,Italian,Prime,1,9
3212,46.0,1.9,20.24,17.08,4,Asian,Regular,0,6
3213,43.0,4.26,26.08,16.64,4,Asian,Regular,1,7
3214,32.0,1.46,16.99,25.34,0,Italian,Regular,1,9
3215,24.0,6.96,41.0,17.32,4,FastFood,Regular,1,9
3216,32.0,,20.42,10.6,6,Asian,Prime,1,10
3217,44.0,2.64,24.84,16.84,6,Italian,Prime,1,10
3218,28.0,3.17,28.54,15.85,2,FastFood,Prime,1,8
3219,16.0,1.97,15.6,,4,FastFood,Prime,1,7
3220,29.0,4.31,24.97,17.11,2,FastFood,Regular,1,7
3221,29.0,3.13,20.62,18.29,6,FastFood,Prime,1,8
3222,16.0,1.8,15.84,14.44,6,Asian,Regular,1,7
3223,34.0,4.28,22.08,19.31,1,Asian,Regular,1,7
3224,37.0,1.15,19.79,16.88,3,Asian,Regular,1,6
3225,49.0,1.48,17.43,24.23,1,FastFood,Regular,1,8
3226,,3.16,22.38,17.1,4,Asian,Prime,1,10
3227,39.0,3.6,19.12,19.23,2,Asian,Prime,1,10
3228,41.0,2.77,19.1,20.09,4,FastFood,Prime,1,9
3229,37.0,2.16,23.49,20.83,6,Asian,Prime,1,8
3230,23.0,1.75,14.94,19.72,6,Italian,Regular,1,7
3231,22.0,3.75,26.69,16.47,1,Italian,Regular,1,9
3232,33.0,2.64,27.03,,0,FastFood,Prime,1,10
3233,33.0,1.25,12.49,18.57,5,Italian,Regular,0,5
3234,27.0,1.39,8.72,20.39,0,FastFood,Prime,1,10
3235,44.0,4.63,19.05,21.29,2,FastFood,Regular,1,8
3236,28.0,1.36,15.73,23.25,6,FastFood,Regular,1,6
3237,16.0,2.34,21.52,13.57,3,Vegan,Regular,1,7
3238,30.0,4.23,25.02,19.95,0,FastFood,Regular,1,10
3239,36.0,3.12,20.32,20.27,6,Italian,Prime,1,9
3240,35.0,1.53,10.82,21.74,4,FastFood,Prime,1,8
3241,35.0,1.15,17.97,16.35,2,Vegan,Regular,1,9
3242,45.0,5.63,47.91,12.34,4,Italian,Regular,1,8
3243,22.0,1.14,21.95,24.26,4,Vegan,Regular,1,7
3244,28.0,1.49,,20.44,3,FastFood,Regular,1,6
3245,46.0,2.47,14.58,25.54,6,FastFood,Regular,1,6
3246,16.0,1.79,16.28,20.57,5,Italian,Regular,1,5
3247,,2.76,18.94,18.62,1,FastFood,Regular,1,7
3248,43.0,0.9,19.12,11.0,6,Asian,Regular,1,7
3249,43.0,1.79,15.61,18.21,6,Vegan,Regular,1,9
3250,38.0,3.36,22.68,18.4,0,Italian,Prime,1,9
3251,38.0,2.93,23.64,20.76,2,Vegan,Regular,0,5
3252,23.0,1.47,14.86,15.61,4,Italian,Regular,1,5
3253,44.0,1.32,14.83,21.53,6,FastFood,Prime,1,9
3254,21.0,2.6,23.72,18.96,5,Italian,Prime,1,6
3255,22.0,1.13,17.11,23.96,4,FastFood,Prime,1,9
3256,35.0,4.08,22.71,16.26,2,Asian,Regular,1,9
3257,28.0,2.2,21.36,22.33,0,FastFood,Regular,1,7
3258,,1.58,14.1,21.87,6,FastFood,Prime,1,9
3259,36.0,1.13,15.7,20.78,3,Italian,Regular,0,6
3260,48.0,1.42,17.23,18.54,3,FastFood,Regular,1,8
3261,36.0,0.98,15.37,11.79,6,FastFood,Prime,1,8
3262,26.0,2.64,24.25,16.43,1,Asian,Regular,1,6
3263,38.0,1.49,20.35,20.31,1,FastFood,Prime,1,8
3264,25.0,2.89,20.26,15.49,5,Italian,Prime,1,7
3265,40.0,2.71,27.96,16.48,1,FastFood,Regular,1,6
3266,33.0,3.94,22.72,19.28,6,FastFood,Prime,1,7
3267,36.0,2.31,21.17,20.66,6,FastFood,Regular,0,2
3268,16.0,4.3,24.49,17.23,0,Asian,Prime,1,10
3269,16.0,4.96,,13.1,3,Vegan,Prime,1,9
3270,18.0,2.67,24.05,15.74,5,FastFood,Prime,1,10
3271,48.0,2.4,16.24,22.66,3,Vegan,Regular,1,8
3272,22.0,1.7,10.08,18.01,1,Italian,Prime,1,9
3273,39.0,1.35,19.97,16.99,0,Asian,Prime,1,9
3274,26.0,4.08,33.86,13.8,0,Asian,Regular,1,8
3275,30.0,2.81,23.25,16.99,1,Asian,Regular,1,9
3276,32.0,2.94,23.98,16.1,1,Asian,Regular,1,7
3277,47.0,1.67,14.55,16.89,2,Italian,Prime,1,8
3278,37.0,4.92,25.4,14.7,5,Italian,Regular,1,7
3279,35.0,,9.89,18.39,3,FastFood,Regular,1,10
3280,44.0,1.49,15.14,26.92,0,FastFood,Prime,1,7
3281,26.0,1.69,24.21,16.16,0,Asian,Prime,1,10
3282,42.0,5.5,26.14,23.37,0,FastFood,Prime,1,7
3283,40.0,1.09,14.31,20.41,2,FastFood,Regular,0,5
3284,40.0,1.33,18.23,20.06,5,FastFood,Regular,0,5
3285,31.0,9.92,43.98,19.09,0,FastFood,Regular,1,6
3286,28.0,3.38,23.74,20.23,2,Asian,Regular,1,7
3287,24.0,1.55,16.95,19.47,3,Italian,Prime,1,9
3288,,1.11,15.96,16.45,1,Italian,Regular,1,7
3289,24.0,0.8,12.17,19.82,0,FastFood,Regular,1,6
3290,35.0,2.12,18.4,21.3,1,Italian,Regular,0,6
3291,30.0,3.01,31.65,11.12,1,Italian,Regular,1,7
3292,36.0,5.34,21.72,17.75,5,Asian,Prime,1,9
3293,36.0,0.82,12.4,19.9,6,Italian,Prime,1,10
3294,22.0,0.97,11.71,16.55,4,Italian,Regular,1,9
3295,22.0,1.89,,18.9,5,Italian,Regular,1,4
3296,30.0,9.33,33.81,20.91,5,Vegan,Regular,0,5
3297,25.0,3.28,14.26,14.05,6,Asian,Regular,1,5
3298,24.0,2.84,22.89,20.69,0,Italian,Prime,1,10
3299,47.0,1.03,19.47,19.27,6,Italian,Regular,1,8
3300,18.0,0.63,10.64,20.54,3,FastFood,Regular,1,9
3301,50.0,2.37,14.46,19.79,3,Vegan,Prime,1,7
3302,35.0,1.91,20.23,23.12,5,FastFood,Regular,1,7
3303,41.0,1.74,10.03,27.95,3,FastFood,Regular,1,9
3304,40.0,1.63,15.74,21.21,1,Vegan,Regular,1,8
3305,38.0,1.33,20.23,18.95,0,Asian,Regular,1,10
3306,47.0,1.18,9.69,21.58,1,FastFood,Regular,0,4
3307,22.0,4.97,20.62,26.7,0,FastFood,Prime,1,8
3308,31.0,1.42,10.57,16.6,2,FastFood,Prime,1,9
3309,24.0,1.73,21.86,13.98,5,Italian,Regular,0,6
3310,17.0,1.97,11.0,21.46,2,FastFood,Regular,1,8
3311,26.0,2.97,19.97,21.35,4,Vegan,Regular,1,6
3312,49.0,1.26,18.5,12.29,1,Vegan,Regular,1,6
3313,30.0,,24.26,18.49,4,Italian,Regular,1,8
3314,,1.46,25.84,18.03,6,Italian,Regular,1,5
3315,51.0,1.84,14.13,23.23,2,FastFood,Regular,1,6
3316,59.0,5.72,25.62,22.29,3,FastFood,Prime,1,8
3317,49.0,1.36,17.18,12.66,6,Asian,Prime,1,7
3318,53.0,2.99,17.86,,4,FastFood,Regular,1,8
3319,35.0,4.02,23.2,18.58,2,FastFood,Prime,1,8
3320,34.0,2.39,16.39,23.22,0,FastFood,Regular,1,6
3321,35.0,2.17,18.07,22.12,6,FastFood,Prime,1,7
3322,32.0,6.48,33.68,16.89,4,Italian,Regular,1,9
3323,33.0,2.0,18.45,17.35,0,Asian,Regular,1,8
3324,39.0,2.25,26.13,14.46,3,Asian,Regular,0,5
3325,28.0,1.67,16.03,23.83,6,Italian,Regular,1,7
3326,20.0,2.19,14.45,18.38,6,Asian,Regular,1,6
3327,35.0,,21.3,20.54,1,Italian,Regular,1,7
3328,,1.73,17.79,20.3,2,Asian,Regular,1,4
3329,27.0,0.63,17.35,21.14,6,Italian,Regular,1,7
3330,,2.67,22.32,21.09,5,FastFood,Regular,1,7
3331,29.0,1.11,,18.98,3,Vegan,Regular,1,8
3332,42.0,3.03,20.56,24.86,2,FastFood,Regular,1,7
3333,30.0,,17.99,21.08,5,FastFood,Regular,1,8
3334,42.0,3.38,19.34,18.75,4,FastFood,Regular,1,7
3335,,1.2,19.0,23.61,3,Italian,Regular,1,8
3336,31.0,1.73,15.69,16.07,6,Italian,Prime,1,8
3337,33.0,1.67,22.45,13.99,2,Italian,Regular,1,8
3338,20.0,0.89,12.94,22.28,4,Vegan,Regular,1,9
3339,35.0,3.71,21.01,18.81,0,FastFood,Regular,1,6
3340,40.0,0.82,18.9,19.63,4,Italian,Regular,1,10
3341,41.0,3.68,15.71,26.45,3,FastFood,Regular,1,6
3342,20.0,2.54,15.47,13.7,6,Asian,Regular,0,5
3343,18.0,2.08,,20.88,2,FastFood,Prime,1,8
3344,27.0,2.43,14.95,25.45,6,FastFood,Regular,1,9
3345,44.0,2.4,19.84,20.27,4,Italian,Regular,0,4
3346,34.0,1.62,17.82,16.57,1,Asian,Regular,1,8
3347,25.0,2.37,22.38,22.73,1,Asian,Regular,1,5
3348,19.0,3.46,28.8,18.25,1,Italian,Prime,0,7
3349,26.0,1.2,8.2,17.95,2,Asian,Regular,1,7
3350,25.0,2.44,18.54,22.79,3,Italian,Regular,1,7
3351,40.0,0.55,14.49,23.94,6,FastFood,Prime,1,7
3352,41.0,0.7,10.5,24.97,6,FastFood,Regular,1,7
3353,23.0,2.75,28.74,18.3,4,FastFood,Regular,1,7
3354,,1.84,,24.68,3,FastFood,Prime,1,6
3355,38.0,1.26,20.41,18.94,4,Italian,Regular,1,6
3356,21.0,1.96,21.58,16.56,2,Italian,Regular,1,8
3357,31.0,1.86,17.57,19.08,1,Italian,Prime,1,8
3358,35.0,1.17,15.87,18.99,3,Italian,Regular,1,6
3359,33.0,0.82,18.73,21.48,5,Asian,Regular,1,7
3360,17.0,0.68,9.55,17.92,0,Asian,Regular,1,8
3361,33.0,3.02,16.77,18.66,0,FastFood,Regular,0,6
3362,38.0,1.6,14.86,17.97,1,FastFood,Regular,1,8
3363,46.0,3.43,26.4,,1,Italian,Regular,1,9
3364,26.0,,19.38,15.0,1,Italian,Regular,1,7
3365,,2.82,18.24,18.85,0,FastFood,Prime,0,6
3366,30.0,1.88,19.44,20.27,0,FastFood,Regular,1,9
3367,35.0,2.37,18.77,15.99,2,Asian,Prime,1,7
3368,33.0,2.44,25.16,18.74,5,Asian,Prime,1,8
3369,37.0,1.81,19.71,18.79,1,FastFood,Prime,1,6
3370,22.0,1.18,15.96,12.08,2,Italian,Prime,1,10
3371,,3.53,22.54,14.78,6,Vegan,Prime,1,10
3372,25.0,4.84,25.01,20.95,1,FastFood,Regular,1,7
3373,31.0,5.02,27.74,17.86,6,Vegan,Regular,0,6
3374,,1.71,15.6,17.29,3,FastFood,Prime,1,9
3375,19.0,1.35,14.9,23.59,5,Italian,Regular,1,8
3376,,1.48,16.32,20.65,2,Italian,Regular,1,9
3377,21.0,2.1,11.43,20.82,2,FastFood,Prime,1,7
3378,33.0,1.96,22.2,20.15,2,Vegan,Regular,1,7
3379,41.0,1.16,8.71,17.81,0,Italian,Regular,1,5
3380,34.0,0.89,19.62,15.99,2,Vegan,Regular,1,6
3381,31.0,2.07,15.41,24.09,6,FastFood,Regular,1,5
3382,44.0,0.29,13.79,21.88,0,Vegan,Regular,1,5
3383,35.0,1.91,17.65,13.96,4,Vegan,Regular,1,7
3384,39.0,1.38,15.34,19.09,4,Italian,Prime,1,9
3385,38.0,3.09,19.86,22.01,0,FastFood,Regular,1,7
3386,16.0,3.58,29.27,16.23,0,Asian,Regular,1,7
3387,31.0,4.17,26.82,23.95,3,Italian,Prime,1,7
3388,22.0,1.91,19.32,25.07,1,Vegan,Prime,1,8
3389,25.0,1.08,18.54,17.52,6,Italian,Regular,1,7
3390,45.0,1.29,15.73,20.33,1,FastFood,Regular,1,6
3391,29.0,2.36,19.16,19.98,0,FastFood,Regular,1,9
3392,,0.94,15.81,15.53,2,Asian,Prime,1,7
3393,19.0,4.33,34.43,16.92,2,Vegan,Regular,1,6
3394,22.0,1.68,12.68,22.52,1,FastFood,Regular,1,8
3395,39.0,3.05,17.06,21.71,4,Asian,Prime,1,6
3396,29.0,0.76,7.48,23.84,2,Vegan,Regular,1,9
3397,35.0,1.21,17.21,23.37,3,FastFood,Regular,1,6
3398,31.0,0.81,14.37,13.78,1,FastFood,Prime,1,8
3399,31.0,4.06,33.83,12.53,0,Asian,Prime,1,7
3400,29.0,1.84,12.29,19.55,0,Asian,Regular,1,7
3401,34.0,2.76,20.06,25.86,0,FastFood,Regular,1,7
3402,38.0,2.09,22.64,18.33,6,Asian,Regular,1,6
3403,47.0,2.61,22.95,17.71,1,Italian,Regular,1,5
3404,30.0,1.67,15.65,23.29,2,Vegan,Regular,1,7
3405,28.0,2.07,17.96,21.61,4,Vegan,Prime,1,9
3406,27.0,1.91,12.43,19.73,0,Asian,Regular,1,8
3407,45.0,2.52,18.64,13.67,4,Italian,Regular,1,6
3408,38.0,2.55,19.96,22.03,3,FastFood,Regular,1,6
3409,16.0,10.87,40.26,23.11,5,Italian,Prime,0,6
3410,16.0,5.08,25.59,22.58,0,FastFood,Regular,1,7
3411,25.0,0.76,17.15,19.28,0,Asian,Regular,1,7
3412,34.0,1.86,,21.11,5,FastFood,Regular,1,7
3413,32.0,1.61,14.58,18.78,2,Italian,Regular,1,7
3414,37.0,4.68,20.66,25.21,0,FastFood,Prime,1,8
3415,30.0,1.95,19.74,18.99,3,FastFood,Prime,1,5
3416,45.0,2.6,23.01,18.7,3,FastFood,Regular,1,7
3417,39.0,0.56,13.49,17.26,6,Italian,Regular,1,8
3418,33.0,1.01,21.16,17.06,6,Asian,Prime,1,10
3419,42.0,6.36,,16.17,3,FastFood,Regular,1,9
3420,17.0,2.38,21.94,21.55,1,Vegan,Prime,1,8
3421,31.0,1.16,,19.04,5,Vegan,Regular,1,6
3422,33.0,,21.11,23.56,1,FastFood,Regular,1,7
3423,37.0,1.13,15.98,11.91,5,Asian,Regular,0,4
3424,17.0,1.72,14.06,20.73,4,Italian,Regular,1,6
3425,30.0,0.91,16.59,25.01,2,FastFood,Regular,1,6
3426,36.0,1.5,14.68,,6,Italian,Prime,1,7
3427,36.0,1.6,15.35,21.09,3,FastFood,Regular,1,6
3428,43.0,3.73,24.99,21.92,2,Vegan,Regular,1,9
3429,39.0,2.6,20.96,23.06,1,Vegan,Regular,1,8
3430,31.0,3.29,18.63,18.26,4,Asian,Prime,1,8
3431,38.0,1.99,15.64,20.05,1,Italian,Regular,1,8
3432,30.0,3.17,24.01,22.81,1,Italian,Regular,1,8
3433,33.0,1.25,16.37,21.63,0,Vegan,Regular,1,6
3434,39.0,1.35,19.44,18.6,4,FastFood,Regular,1,10
3435,32.0,2.9,19.41,24.8,6,FastFood,Prime,1,7
3436,35.0,1.73,,18.18,1,Italian,Regular,1,5
3437,41.0,2.0,21.55,21.1,1,FastFood,Regular,1,8
3438,38.0,2.12,19.22,21.32,4,FastFood,Prime,1,9
3439,43.0,4.01,24.27,23.91,1,FastFood,Regular,1,7
3440,53.0,4.13,22.82,23.05,0,Italian,Regular,1,9
3441,38.0,1.43,18.81,21.07,4,FastFood,Regular,1,8
3442,28.0,0.88,12.22,26.19,3,FastFood,Prime,1,7
3443,37.0,1.57,17.97,21.49,0,FastFood,Prime,1,8
3444,36.0,1.23,14.55,22.15,1,Italian,Regular,1,8
3445,38.0,3.66,21.78,20.06,1,Vegan,Prime,0,6
3446,45.0,3.34,25.03,19.52,4,FastFood,Regular,1,9
3447,17.0,1.14,13.4,21.61,4,Asian,Regular,1,8
3448,46.0,1.33,16.79,15.59,5,Asian,Regular,1,5
3449,49.0,0.89,16.38,19.04,0,FastFood,Regular,1,7
3450,37.0,2.17,20.61,13.99,5,Asian,Regular,1,6
3451,37.0,2.26,24.12,20.04,1,Asian,Prime,1,10
3452,30.0,3.11,16.78,22.41,6,Italian,Regular,1,6
3453,32.0,3.04,16.33,22.12,6,FastFood,Prime,1,9
3454,38.0,2.82,21.57,18.05,3,FastFood,Regular,1,6
3455,38.0,0.86,18.23,19.48,5,Vegan,Regular,1,5
3456,38.0,1.43,22.13,16.27,4,Asian,Regular,1,6
3457,,3.39,24.16,16.61,5,Vegan,Regular,1,7
3458,40.0,1.5,20.63,18.13,0,Vegan,Regular,1,8
3459,39.0,0.82,11.24,22.52,0,FastFood,Regular,1,8
3460,23.0,3.61,25.57,15.55,6,Asian,Prime,1,7
3461,39.0,1.69,13.85,19.26,5,Italian,Prime,1,9
3462,49.0,3.61,30.71,12.74,4,Asian,Regular,1,9
3463,32.0,1.99,13.32,26.04,2,FastFood,Regular,1,8
3464,45.0,1.73,19.42,19.83,2,FastFood,Regular,1,7
3465,24.0,4.9,26.95,19.09,2,Asian,Prime,1,8
3466,32.0,0.98,12.72,17.45,3,Asian,Regular,1,8
3467,26.0,4.43,17.23,19.55,4,Italian,Regular,1,9
3468,44.0,1.42,23.69,17.6,5,FastFood,Regular,1,10
3469,47.0,2.2,16.08,18.72,2,FastFood,Regular,1,8
3470,31.0,2.21,,17.43,5,Vegan,Regular,1,7
3471,43.0,1.59,17.73,18.57,0,Italian,Regular,1,7
3472,47.0,1.32,16.58,21.95,5,Italian,Regular,0,5
3473,32.0,1.64,15.92,19.63,4,Italian,Regular,1,8
3474,33.0,1.15,13.64,16.16,3,Italian,Regular,0,4
3475,39.0,5.92,29.98,18.73,2,Italian,Regular,1,10
3476,24.0,1.78,13.07,18.29,2,Italian,Prime,1,7
3477,33.0,3.81,27.73,16.16,2,Asian,Regular,1,9
3478,51.0,4.07,25.48,19.46,6,Vegan,Prime,1,5
3479,27.0,2.46,21.9,21.64,0,Vegan,Regular,0,5
3480,40.0,2.15,,16.63,4,Italian,Prime,1,8
3481,37.0,2.58,20.6,17.6,6,Italian,Prime,1,9
3482,31.0,2.76,21.06,19.36,3,Asian,Regular,1,7
3483,34.0,2.45,14.35,18.13,4,Asian,Prime,1,10
3484,48.0,0.85,14.3,21.83,4,Italian,Regular,1,7
3485,37.0,0.85,12.53,20.45,3,Asian,Prime,1,7
3486,38.0,4.62,31.28,13.73,4,Asian,Regular,1,6
3487,46.0,0.47,15.97,17.69,6,Asian,Regular,1,7
3488,29.0,2.24,17.31,15.78,4,Asian,Regular,0,6
3489,23.0,2.04,15.6,17.4,5,FastFood,Prime,1,9
3490,48.0,2.53,28.13,16.45,3,Italian,Prime,1,7
3491,,1.08,6.93,17.72,5,Italian,Regular,1,6
3492,40.0,2.81,17.11,20.12,6,FastFood,Prime,1,7
3493,25.0,2.59,18.08,17.8,1,Vegan,Prime,1,8
3494,35.0,9.19,38.33,18.46,6,Italian,Regular,1,9
3495,22.0,2.16,22.33,28.34,4,FastFood,Regular,1,8
3496,33.0,4.23,24.2,12.86,3,Asian,Regular,1,8
3497,26.0,0.88,,19.73,5,Asian,Regular,1,8
3498,24.0,3.53,24.11,16.96,1,Asian,Regular,1,7
3499,29.0,2.62,18.66,17.36,4,Italian,Prime,1,7
3500,16.0,2.34,15.61,13.85,4,Vegan,Regular,1,7
3501,22.0,2.35,19.98,20.48,6,Italian,Regular,1,8
3502,39.0,5.15,,14.75,4,Italian,Regular,0,6
3503,35.0,2.32,18.85,23.48,3,FastFood,Regular,1,8
3504,22.0,1.31,14.51,21.18,3,Asian,Regular,1,9
3505,37.0,1.44,22.25,13.92,3,Asian,Regular,1,8
3506,24.0,3.16,21.35,21.54,6,Italian,Regular,0,5
3507,38.0,2.58,17.06,18.57,5,Italian,Regular,1,5
3508,31.0,0.87,19.67,11.97,0,Asian,Regular,1,9
3509,29.0,3.07,26.71,14.11,3,Asian,Prime,1,8
3510,31.0,1.11,20.05,21.53,2,FastFood,Regular,1,7
3511,55.0,2.56,21.08,20.62,1,Vegan,Regular,1,7
3512,25.0,1.29,17.95,13.21,6,Asian,Regular,1,9
3513,34.0,1.72,16.76,19.59,6,Vegan,Regular,1,9
3514,39.0,1.72,19.61,21.81,6,Vegan,Prime,1,8
3515,23.0,4.64,15.2,22.3,2,Vegan,Regular,1,8
3516,18.0,2.89,22.5,16.01,2,Asian,Prime,0,7
3517,27.0,4.63,26.04,19.64,5,Italian,Prime,1,9
3518,39.0,9.9,35.9,24.22,1,FastFood,Regular,1,8
3519,29.0,2.07,18.2,20.72,0,Italian,Regular,1,5
3520,30.0,4.6,26.93,19.14,2,Asian,Regular,1,9
3521,40.0,1.58,15.8,18.8,4,Italian,Prime,1,7
3522,25.0,4.02,18.79,19.24,3,Vegan,Regular,1,5
3523,31.0,1.29,13.1,21.82,1,FastFood,Regular,1,5
3524,18.0,1.99,23.78,16.51,3,Italian,Regular,1,6
3525,35.0,2.71,14.63,21.39,6,Italian,Regular,0,6
3526,34.0,2.95,29.36,14.52,1,Italian,Regular,1,9
3527,39.0,1.0,19.06,19.49,2,FastFood,Regular,1,8
3528,22.0,1.25,14.92,20.89,2,FastFood,Regular,1,10
3529,30.0,3.24,27.51,18.13,2,Asian,Prime,1,8
3530,20.0,1.65,19.77,20.21,4,Italian,Regular,1,7
3531,30.0,0.93,16.83,25.47,2,FastFood,Regular,1,5
3532,45.0,1.94,19.97,21.23,4,FastFood,Regular,1,7
3533,29.0,2.17,22.46,16.63,0,Italian,Prime,1,6
3534,20.0,2.22,11.33,20.56,4,FastFood,Regular,1,6
3535,26.0,3.1,22.77,16.23,0,Asian,Prime,1,9
3536,18.0,2.6,16.93,18.25,2,Asian,Regular,1,5
3537,20.0,1.52,14.7,17.8,6,FastFood,Prime,0,4
3538,38.0,1.61,23.58,18.04,2,Italian,Regular,0,3
3539,19.0,3.86,22.9,25.87,4,FastFood,Prime,1,9
3540,35.0,1.49,17.9,21.54,2,FastFood,Regular,1,10
3541,32.0,1.86,16.69,16.55,6,Vegan,Prime,0,6
3542,,1.01,15.45,17.62,6,Italian,Prime,1,10
3543,34.0,1.98,19.18,13.25,6,Vegan,Regular,1,6
3544,24.0,2.43,17.72,20.82,2,FastFood,Regular,0,7
3545,40.0,0.68,11.55,25.94,2,FastFood,Regular,1,6
3546,26.0,1.12,8.98,15.41,4,Italian,Regular,1,8
3547,29.0,0.92,17.17,,5,Italian,Regular,1,7
3548,27.0,3.11,25.3,17.67,3,Vegan,Regular,1,5
3549,38.0,,12.22,23.76,5,FastFood,Regular,1,6
3550,37.0,1.93,14.33,24.27,6,Vegan,Regular,1,8
3551,16.0,3.44,21.28,20.75,5,Vegan,Prime,1,6
3552,34.0,2.23,21.41,15.16,2,Italian,Regular,1,8
3553,16.0,1.58,11.0,20.93,1,FastFood,Regular,1,6
3554,29.0,2.44,16.12,23.15,3,Italian,Regular,1,8
3555,31.0,3.56,28.3,20.07,4,FastFood,Regular,1,6
3556,29.0,1.9,20.72,17.34,5,Asian,Regular,1,8
3557,37.0,0.59,17.73,19.13,2,Italian,Regular,1,8
3558,38.0,3.79,32.63,15.17,1,Vegan,Regular,1,7
3559,25.0,2.51,24.89,21.09,2,Italian,Regular,1,7
3560,25.0,1.98,18.73,20.72,4,Italian,Regular,1,9
3561,32.0,0.68,21.82,12.22,1,Asian,Regular,1,6
3562,18.0,1.71,16.17,15.04,2,Italian,Regular,1,7
3563,28.0,1.24,27.38,,1,Vegan,Regular,1,8
3564,44.0,1.03,18.03,23.25,6,FastFood,Regular,0,6
3565,18.0,1.87,20.16,17.4,3,Vegan,Regular,1,7
3566,29.0,1.5,19.72,17.96,5,Asian,Regular,1,6
3567,27.0,1.55,12.05,18.99,3,Vegan,Regular,1,9
3568,50.0,3.48,19.71,18.69,0,Italian,Prime,1,7
3569,27.0,2.32,19.82,18.19,1,Asian,Regular,1,10
3570,28.0,1.53,16.67,21.82,5,FastFood,Regular,1,6
3571,23.0,1.43,22.92,16.95,3,Asian,Regular,1,6
3572,32.0,1.57,11.29,21.98,4,FastFood,Regular,1,8
3573,34.0,1.76,20.48,21.65,5,FastFood,Regular,1,8
3574,24.0,3.19,18.99,17.95,3,Italian,Prime,1,7
3575,41.0,1.13,15.35,19.71,4,FastFood,Regular,1,10
3576,34.0,4.49,23.17,23.39,1,Italian,Regular,1,8
3577,40.0,2.78,21.33,15.94,1,Asian,Regular,1,7
3578,29.0,0.45,16.13,25.1,1,FastFood,Regular,1,8
3579,34.0,2.11,17.5,15.36,2,Asian,Regular,0,7
3580,30.0,3.57,15.63,23.43,4,FastFood,Regular,1,9
3581,45.0,2.87,16.62,21.28,6,Asian,Prime,1,9
3582,33.0,1.61,21.18,16.19,3,Asian,Regular,0,3
3583,32.0,1.95,15.86,16.76,4,Italian,Regular,1,6
3584,28.0,2.55,25.72,,6,Asian,Prime,1,6
3585,27.0,3.54,29.31,19.45,4,Vegan,Prime,1,7
3586,34.0,1.06,19.26,17.77,1,Asian,Prime,1,8
3587,39.0,1.44,16.43,18.4,1,Italian,Regular,1,8
3588,26.0,4.96,20.45,17.41,4,Italian,Regular,0,6
3589,33.0,2.36,18.49,21.69,2,Asian,Prime,1,6
3590,34.0,4.67,28.05,20.4,1,FastFood,Regular,1,7
3591,35.0,11.96,52.47,15.51,4,Asian,Prime,1,9
3592,17.0,1.54,13.78,23.49,4,FastFood,Regular,1,4
3593,24.0,1.2,17.09,19.03,1,Asian,Prime,0,6
3594,20.0,1.74,23.11,25.24,0,FastFood,Regular,1,10
3595,32.0,3.69,18.21,26.78,5,FastFood,Regular,1,8
3596,24.0,3.98,26.57,20.47,2,Vegan,Regular,1,8
3597,28.0,7.03,38.87,18.69,4,Vegan,Regular,1,7
3598,21.0,1.97,17.69,14.17,1,Vegan,Regular,1,8
3599,28.0,3.03,28.72,16.87,2,Vegan,Prime,1,10
3600,22.0,1.36,14.48,19.04,4,Italian,Regular,1,7
3601,39.0,0.51,16.72,17.46,0,FastFood,Regular,1,9
3602,36.0,1.97,21.1,16.24,2,FastFood,Regular,1,8
3603,33.0,1.07,9.72,18.67,5,Italian,Regular,1,10
3604,29.0,2.87,23.08,23.33,5,FastFood,Regular,1,9
3605,16.0,0.72,14.15,18.81,2,Vegan,Regular,1,8
3606,28.0,1.54,15.06,23.69,0,FastFood,Prime,1,8
3607,25.0,2.33,,22.85,0,FastFood,Regular,1,7
3608,34.0,2.47,18.61,24.45,3,FastFood,Regular,1,9
3609,38.0,2.26,20.47,27.52,4,FastFood,Prime,1,8
3610,35.0,5.62,26.7,28.84,4,FastFood,Regular,1,8
3611,43.0,,26.77,18.76,2,Asian,Prime,1,8
3612,27.0,1.38,16.73,19.62,0,FastFood,Regular,1,6
3613,27.0,4.88,28.14,18.66,1,Italian,Regular,1,8
3614,41.0,5.31,20.17,23.91,0,Vegan,Regular,1,5
3615,33.0,1.88,19.7,16.18,3,Italian,Regular,1,7
3616,30.0,2.06,15.87,20.47,2,Asian,Regular,1,8
3617,49.0,1.96,14.14,18.06,0,Italian,Regular,1,8
3618,37.0,1.41,23.61,21.68,4,FastFood,Regular,1,8
3619,30.0,,20.7,18.58,2,FastFood,Regular,1,6
3620,26.0,4.78,29.62,15.79,6,Vegan,Prime,1,10
3621,44.0,2.56,21.64,17.78,2,Italian,Regular,1,6
3622,34.0,1.71,21.4,24.91,0,FastFood,Prime,1,9
3623,32.0,,12.36,16.67,4,Italian,Prime,1,10
3624,38.0,,17.45,20.87,4,Asian,Prime,0,4
3625,40.0,2.12,20.3,15.63,6,Asian,Prime,1,8
3626,37.0,3.83,28.65,15.72,4,Italian,Prime,1,8
3627,40.0,1.25,19.1,20.21,2,Vegan,Regular,1,8
3628,36.0,3.31,26.73,18.63,4,Asian,Regular,1,6
3629,37.0,2.58,21.53,17.45,5,Asian,Prime,1,7
3630,25.0,2.18,25.79,21.45,3,FastFood,Regular,1,7
3631,48.0,4.07,,25.81,5,FastFood,Prime,1,8
3632,21.0,3.68,28.23,19.77,6,Vegan,Prime,1,8
3633,35.0,0.93,11.13,17.28,5,Italian,Regular,1,9
3634,20.0,1.11,12.69,15.55,3,Italian,Regular,1,5
3635,31.0,1.77,21.77,21.81,3,Italian,Regular,1,7
3636,27.0,2.45,20.49,19.72,5,FastFood,Regular,0,4
3637,,4.27,29.76,16.21,6,Asian,Regular,1,7
3638,35.0,2.4,16.1,24.16,1,FastFood,Prime,1,8
3639,23.0,5.14,24.08,,0,Asian,Regular,1,6
3640,32.0,1.37,18.56,19.15,5,Italian,Regular,1,8
3641,45.0,1.72,18.66,20.59,1,FastFood,Prime,1,10
3642,20.0,1.7,18.83,20.98,6,FastFood,Regular,1,7
3643,24.0,1.48,12.68,15.91,0,Asian,Prime,1,7
3644,40.0,3.81,28.69,19.93,6,FastFood,Regular,0,4
3645,33.0,0.5,13.19,,4,FastFood,Prime,0,7
3646,33.0,1.53,21.36,19.19,2,Asian,Regular,1,6
3647,41.0,3.79,23.88,18.27,0,Italian,Regular,1,9
3648,25.0,1.7,17.2,22.03,5,Italian,Regular,1,5
3649,27.0,3.63,23.11,20.65,0,FastFood,Regular,1,8
3650,26.0,6.74,,18.47,0,Vegan,Regular,1,8
3651,29.0,2.42,17.87,24.83,5,FastFood,Prime,0,7
3652,44.0,4.4,24.04,21.06,4,FastFood,Prime,1,9
3653,17.0,7.62,37.44,20.62,0,FastFood,Regular,1,8
3654,21.0,2.51,21.1,21.1,2,FastFood,Regular,1,9
3655,20.0,2.26,13.6,25.4,4,FastFood,Prime,1,7
3656,45.0,3.8,22.71,21.92,4,FastFood,Prime,1,7
3657,,3.86,20.69,,2,FastFood,Regular,1,7
3658,29.0,1.97,18.73,17.89,2,Italian,Regular,1,9
3659,17.0,1.77,21.62,22.55,0,Vegan,Prime,1,9
3660,30.0,5.18,27.54,21.71,0,FastFood,Regular,1,8
3661,40.0,1.74,,23.65,6,FastFood,Regular,0,5
3662,34.0,4.47,26.63,22.21,1,Vegan,Prime,0,7
3663,31.0,2.33,18.74,16.86,6,Vegan,Regular,1,5
3664,18.0,6.33,39.99,17.17,0,Asian,Prime,1,8
3665,29.0,1.26,9.66,23.87,6,FastFood,Regular,1,7
3666,33.0,1.45,12.59,21.4,2,Italian,Prime,1,8
3667,23.0,3.71,22.65,24.76,5,FastFood,Prime,1,8
3668,38.0,1.24,11.49,21.31,5,FastFood,Prime,1,9
3669,40.0,2.47,19.24,22.5,2,Italian,Prime,1,9
3670,27.0,5.43,31.72,16.79,5,Italian,Prime,1,10
3671,39.0,0.75,11.65,14.61,2,Italian,Regular,1,5
3672,31.0,2.89,14.89,17.78,5,Italian,Prime,1,10
3673,42.0,4.51,,24.59,6,FastFood,Prime,1,7
3674,50.0,1.99,27.21,17.74,5,FastFood,Regular,1,9
3675,22.0,1.21,18.52,13.47,5,Asian,Regular,0,4
3676,39.0,1.74,24.63,14.68,2,Vegan,Regular,1,8
3677,44.0,1.27,12.58,23.21,0,FastFood,Regular,1,6
3678,23.0,2.41,25.84,14.74,3,Italian,Prime,1,7
3679,27.0,1.73,10.96,22.65,0,FastFood,Regular,1,8
3680,27.0,1.52,20.48,20.02,3,FastFood,Regular,1,4
3681,31.0,2.6,20.56,15.15,6,Asian,Regular,1,6
3682,29.0,4.8,30.89,18.0,0,FastFood,Regular,0,6
3683,,2.77,22.77,19.04,6,Italian,Prime,1,8
3684,40.0,4.22,30.43,16.54,4,Italian,Regular,1,6
3685,16.0,4.8,25.43,20.99,0,FastFood,Regular,1,9
3686,23.0,1.46,,22.2,5,FastFood,Regular,1,10
3687,38.0,2.69,18.1,22.84,0,FastFood,Prime,1,8
3688,37.0,1.83,,22.12,4,Vegan,Prime,1,10
3689,22.0,0.89,20.32,18.93,3,Italian,Regular,1,9
3690,37.0,2.45,22.86,15.77,5,Italian,Regular,1,7
3691,44.0,1.13,13.81,22.4,2,FastFood,Regular,1,7
3692,32.0,2.63,25.75,20.21,0,Italian,Regular,1,8
3693,23.0,,18.31,20.46,2,FastFood,Prime,1,6
3694,40.0,2.21,12.56,17.75,5,Italian,Regular,1,8
3695,,0.85,18.19,22.94,6,Asian,Regular,1,7
3696,24.0,2.92,22.8,15.14,1,Italian,Regular,1,7
3697,32.0,1.62,19.9,22.48,2,FastFood,Regular,1,7
3698,42.0,1.54,16.39,24.14,6,FastFood,Regular,1,6
3699,33.0,3.74,19.87,19.98,2,FastFood,Regular,0,5
3700,16.0,1.69,13.21,18.06,1,Italian,Regular,1,6
3701,36.0,2.14,15.9,18.38,5,Vegan,Regular,1,7
3702,23.0,1.81,18.56,21.0,3,FastFood,Regular,0,4
3703,21.0,3.06,27.91,20.84,4,Italian,Prime,1,7
3704,16.0,3.57,27.49,16.52,3,Asian,Regular,1,4
3705,43.0,3.19,14.57,30.33,4,FastFood,Regular,1,7
3706,24.0,1.56,19.18,19.64,1,FastFood,Regular,1,8
3707,35.0,4.5,17.33,25.13,5,FastFood,Prime,0,6
3708,37.0,,20.87,18.31,2,Asian,Prime,1,10
3709,33.0,1.54,18.45,18.78,3,Italian,Prime,1,7
3710,35.0,1.88,22.0,20.53,1,Asian,Regular,1,7
3711,35.0,4.12,28.33,15.02,0,Vegan,Prime,1,9
3712,33.0,1.06,18.58,18.02,3,Asian,Regular,1,7
3713,25.0,3.78,,17.49,0,Vegan,Prime,1,9
3714,24.0,2.25,18.34,,6,Asian,Prime,1,10
3715,31.0,1.59,17.64,18.15,6,Vegan,Regular,1,7
3716,31.0,3.68,24.5,14.69,2,Asian,Regular,1,7
3717,36.0,1.3,17.04,13.03,2,Asian,Regular,1,6
3718,42.0,7.08,39.97,17.93,3,Asian,Regular,1,7
3719,35.0,2.1,18.57,,1,Vegan,Prime,1,10
3720,25.0,2.19,23.31,17.72,6,Italian,Regular,1,8
3721,16.0,5.41,28.2,18.82,0,Asian,Prime,1,10
3722,25.0,2.55,20.57,19.68,3,Italian,Prime,1,9
3723,20.0,3.87,18.46,18.75,1,Vegan,Regular,1,4
3724,25.0,0.69,9.31,26.43,5,Italian,Regular,1,8
3725,34.0,1.58,14.38,19.44,1,Asian,Regular,1,8
3726,33.0,2.88,22.26,22.87,3,Asian,Prime,1,8
3727,49.0,3.65,24.76,,5,Vegan,Regular,1,9
3728,36.0,3.08,29.53,21.75,3,FastFood,Regular,1,7
3729,49.0,2.92,25.51,14.03,1,Asian,Regular,1,8
3730,38.0,4.15,25.57,16.21,1,Asian,Prime,1,7
3731,42.0,2.61,19.94,17.86,4,Vegan,Regular,1,5
3732,29.0,0.62,6.26,27.89,0,Vegan,Regular,1,7
3733,22.0,5.12,28.21,16.7,2,Italian,Prime,1,8
3734,28.0,,10.75,17.89,4,Italian,Regular,1,8
3735,32.0,2.39,22.63,16.64,2,FastFood,Regular,1,6
3736,26.0,2.22,19.83,20.99,5,Vegan,Regular,0,7
3737,23.0,2.07,17.1,18.3,4,FastFood,Regular,1,6
3738,36.0,1.1,13.7,19.2,0,Asian,Regular,1,7
3739,23.0,0.69,13.8,12.71,5,Asian,Regular,1,7
3740,18.0,1.16,18.69,18.18,6,Italian,Regular,0,5
3741,22.0,3.17,18.44,15.46,1,FastFood,Regular,1,8
3742,30.0,0.91,14.44,19.53,2,FastFood,Regular,1,10
3743,23.0,1.24,14.52,18.7,2,Vegan,Regular,1,7
3744,30.0,2.53,17.49,16.94,2,Italian,Regular,1,8
3745,37.0,1.32,18.63,19.5,3,FastFood,Prime,1,8
3746,37.0,1.72,22.42,19.33,6,Asian,Prime,1,10
3747,26.0,2.11,17.14,27.52,4,FastFood,Regular,1,8
3748,20.0,,17.65,20.45,6,Vegan,Prime,1,9
3749,27.0,1.3,12.89,18.42,2,FastFood,Prime,1,6
3750,38.0,2.18,13.38,21.19,3,FastFood,Regular,0,4
3751,40.0,2.88,17.55,19.94,0,FastFood,Prime,1,7
3752,35.0,1.15,15.86,20.81,1,Italian,Prime,1,8
3753,43.0,2.27,25.23,19.25,4,Italian,Regular,1,6
3754,48.0,1.36,17.08,13.21,1,Asian,Regular,1,7
3755,28.0,2.16,20.65,21.35,6,Italian,Regular,1,7
3756,45.0,3.0,21.81,23.9,1,FastFood,Regular,1,7
3757,30.0,2.1,10.56,25.49,1,FastFood,Prime,0,6
3758,41.0,,24.48,19.45,5,FastFood,Regular,1,6
3759,,3.11,22.42,20.34,0,Vegan,Regular,1,7
3760,16.0,3.32,29.37,17.45,2,FastFood,Regular,1,6
3761,23.0,2.89,24.28,19.36,1,Vegan,Prime,0,5
3762,21.0,3.69,22.9,22.19,4,FastFood,Regular,0,5
3763,16.0,2.86,25.93,19.09,5,FastFood,Prime,1,5
3764,40.0,0.8,13.38,22.03,1,FastFood,Regular,1,10
3765,51.0,1.3,17.73,21.5,2,FastFood,Regular,1,8
3766,30.0,1.79,17.72,15.92,3,Asian,Regular,1,8
3767,40.0,1.92,19.26,22.13,4,Italian,Regular,1,7
3768,45.0,2.45,,20.3,2,FastFood,Regular,1,8
3769,34.0,1.29,23.78,17.32,3,Asian,Regular,1,6
3770,32.0,6.08,33.32,13.48,3,Asian,Regular,1,8
3771,30.0,1.9,14.41,20.95,0,Vegan,Regular,1,5
3772,37.0,2.31,22.96,,3,Vegan,Prime,1,7
3773,40.0,1.6,18.43,19.3,3,Asian,Prime,1,7
3774,36.0,1.16,16.87,13.85,6,Asian,Regular,1,9
3775,36.0,2.16,18.96,18.03,3,Asian,Prime,1,7
3776,32.0,2.04,,12.83,6,Italian,Regular,1,8
3777,18.0,1.92,16.91,18.48,2,Asian,Regular,1,5
3778,40.0,5.0,27.49,20.48,4,FastFood,Regular,1,7
3779,20.0,1.88,21.11,17.96,6,Asian,Regular,1,10
3780,38.0,2.21,16.92,17.82,1,Vegan,Prime,1,9
3781,39.0,3.15,24.83,,3,FastFood,Regular,0,2
3782,22.0,1.83,22.89,15.96,6,Asian,Regular,1,7
3783,27.0,2.71,14.7,20.04,3,Vegan,Regular,0,4
3784,51.0,1.0,8.8,22.73,6,FastFood,Regular,1,9
3785,31.0,1.0,15.48,19.29,2,Italian,Regular,1,7
3786,21.0,2.15,13.88,16.88,6,Vegan,Regular,1,6
3787,39.0,1.77,20.51,24.65,4,Vegan,Regular,1,7
3788,25.0,,12.24,,3,FastFood,Regular,1,6
3789,16.0,2.15,16.49,19.13,1,FastFood,Regular,1,5
3790,37.0,2.6,25.26,18.02,1,Asian,Prime,1,8
3791,24.0,1.36,14.73,21.77,2,FastFood,Regular,1,7
3792,35.0,1.51,20.49,20.47,5,FastFood,Regular,1,8
3793,25.0,2.27,16.81,,3,FastFood,Regular,1,9
3794,38.0,1.15,16.1,23.95,2,FastFood,Regular,1,7
3795,,1.44,19.16,22.99,3,Italian,Regular,1,5
3796,16.0,2.7,22.07,12.11,2,Asian,Regular,1,6
3797,35.0,1.99,21.07,19.95,5,Asian,Regular,1,7
3798,29.0,1.55,8.01,17.05,2,Asian,Regular,1,9
3799,45.0,1.23,18.66,19.12,3,Italian,Regular,1,7
3800,36.0,1.15,12.34,25.05,3,FastFood,Regular,0,5
3801,39.0,1.87,21.03,13.04,4,FastFood,Regular,1,7
3802,26.0,6.14,28.56,23.44,2,FastFood,Regular,1,7
3803,25.0,2.75,14.25,24.85,0,FastFood,Regular,0,7
3804,32.0,,10.64,18.93,4,FastFood,Prime,1,8
3805,29.0,2.97,24.3,16.82,3,FastFood,Regular,1,7
3806,44.0,1.53,14.48,25.92,4,FastFood,Prime,1,8
3807,31.0,2.01,20.59,12.78,3,Asian,Regular,1,7
3808,21.0,1.46,17.69,19.59,3,Italian,Regular,1,5
3809,25.0,6.13,28.02,22.36,6,Vegan,Regular,1,5
3810,41.0,1.24,12.87,17.95,0,Asian,Prime,0,5
3811,30.0,2.39,15.86,19.97,0,Italian,Regular,0,7
3812,30.0,1.38,16.5,20.2,6,FastFood,Regular,1,9
3813,42.0,3.02,20.91,19.7,6,Italian,Regular,1,6
3814,24.0,2.37,19.15,18.87,2,FastFood,Regular,1,7
3815,16.0,4.62,24.51,16.99,3,Italian,Prime,0,6
3816,24.0,2.99,22.59,18.59,3,Italian,Regular,1,6
3817,34.0,1.38,24.16,14.5,6,Italian,Regular,1,9
3818,30.0,10.01,39.95,22.73,3,FastFood,Regular,0,6
3819,18.0,2.73,25.55,11.05,5,Asian,Regular,0,5
3820,41.0,1.71,26.75,17.87,2,Asian,Prime,1,8
3821,33.0,2.59,22.16,18.1,2,Asian,Prime,1,6
3822,36.0,3.28,17.08,16.43,4,Italian,Prime,1,10
3823,36.0,2.79,19.45,15.29,2,Italian,Regular,1,8
3824,20.0,2.65,13.6,19.78,0,FastFood,Regular,0,6
3825,35.0,3.43,25.05,18.54,1,Asian,Regular,1,6
3826,,3.25,26.48,19.4,6,Italian,Regular,1,7
3827,42.0,1.45,16.93,17.67,2,FastFood,Prime,0,7
3828,38.0,6.42,35.72,21.32,0,FastFood,Regular,0,6
3829,37.0,5.95,29.73,20.23,6,Vegan,Regular,1,10
3830,16.0,3.13,19.85,19.07,6,Italian,Regular,1,6
3831,32.0,2.37,19.17,15.93,3,Italian,Prime,1,8
3832,23.0,2.08,16.31,18.9,4,Italian,Regular,1,5
3833,44.0,1.94,13.95,20.89,5,Italian,Prime,1,5
3834,42.0,2.08,,19.9,0,Italian,Prime,0,7
3835,23.0,0.7,12.32,22.23,2,FastFood,Prime,1,7
3836,,4.67,26.39,,3,Italian,Regular,1,5
3837,34.0,3.85,24.24,17.4,3,Asian,Regular,1,6
3838,40.0,0.8,18.92,18.47,2,FastFood,Regular,1,8
3839,17.0,3.78,25.66,14.99,0,Asian,Prime,1,9
3840,16.0,2.31,19.84,21.53,6,FastFood,Prime,1,6
3841,32.0,1.8,21.87,13.55,4,Asian,Regular,0,7
3842,16.0,2.64,26.78,16.25,5,Asian,Regular,1,6
3843,33.0,0.77,9.99,18.11,3,Asian,Regular,1,8
3844,37.0,2.0,18.8,21.54,3,Italian,Regular,1,7
3845,43.0,2.1,19.52,15.18,3,Vegan,Regular,1,7
3846,26.0,2.1,23.39,18.76,3,Italian,Regular,1,6
3847,33.0,1.09,16.9,16.84,4,Asian,Prime,1,8
3848,38.0,2.57,25.11,17.09,6,Asian,Regular,1,8
3849,21.0,3.61,14.77,21.42,5,FastFood,Regular,1,7
3850,40.0,2.52,19.73,20.9,4,FastFood,Regular,1,8
3851,34.0,1.78,14.39,22.12,0,Italian,Regular,1,9
3852,27.0,8.84,36.36,24.73,3,FastFood,Regular,1,7
3853,33.0,1.21,16.5,24.07,6,Italian,Regular,1,8
3854,31.0,3.08,19.37,18.47,2,Italian,Regular,1,7
3855,39.0,2.3,20.62,17.43,3,Italian,Regular,1,9
3856,29.0,6.09,31.24,18.1,2,FastFood,Regular,0,3
3857,34.0,2.49,15.95,15.75,1,Asian,Regular,1,9
3858,26.0,2.8,18.68,20.36,4,Italian,Regular,1,7
3859,24.0,2.66,22.05,19.08,2,Asian,Regular,1,10
3860,,,15.3,23.03,4,FastFood,Regular,1,8
3861,24.0,1.25,16.29,16.77,4,Italian,Regular,1,9
3862,39.0,1.73,21.76,19.02,5,FastFood,Regular,1,7
3863,37.0,3.41,22.51,21.7,6,Asian,Regular,1,8
3864,25.0,2.63,21.49,18.5,3,FastFood,Prime,1,9
3865,34.0,1.8,20.89,23.47,0,Vegan,Regular,1,7
3866,25.0,4.28,26.98,22.21,4,FastFood,Regular,1,8
3867,18.0,0.68,14.22,16.6,6,Italian,Regular,1,3
3868,27.0,1.14,15.23,17.45,3,FastFood,Prime,1,7
3869,32.0,0.51,18.6,16.71,3,Italian,Regular,1,7
3870,37.0,4.5,24.91,19.59,5,Italian,Prime,1,9
3871,33.0,1.91,18.33,16.13,3,Italian,Regular,1,9
3872,40.0,3.94,23.83,25.66,2,FastFood,Prime,1,8
3873,23.0,1.9,21.56,20.38,3,FastFood,Regular,1,7
3874,29.0,3.54,22.02,23.1,5,FastFood,Regular,1,9
3875,47.0,1.88,10.08,21.24,3,Vegan,Regular,1,9
3876,16.0,2.52,22.7,22.72,2,Italian,Regular,1,8
3877,28.0,2.68,18.92,19.69,4,FastFood,Prime,1,8
3878,22.0,2.79,,19.8,4,Vegan,Prime,0,9
3879,30.0,5.09,32.4,16.8,6,FastFood,Regular,1,8
3880,28.0,0.82,7.52,18.77,6,Italian,Regular,1,8
3881,37.0,1.94,19.7,19.74,5,Asian,Regular,1,10
3882,34.0,2.25,,20.11,5,Vegan,Regular,0,7
3883,20.0,2.07,21.59,22.55,3,Asian,Regular,1,8
3884,27.0,1.62,12.88,19.85,2,Italian,Regular,1,6
3885,32.0,1.5,13.83,17.99,3,Vegan,Regular,1,8
3886,39.0,5.37,30.89,22.37,4,FastFood,Prime,0,7
3887,54.0,2.23,12.18,15.4,3,Vegan,Prime,1,10
3888,38.0,8.85,49.74,15.08,1,Asian,Prime,1,10
3889,23.0,2.69,18.21,16.09,0,Vegan,Regular,1,7
3890,31.0,1.97,18.19,21.05,0,FastFood,Prime,1,9
3891,34.0,2.73,17.82,20.82,2,FastFood,Regular,1,6
3892,27.0,2.14,20.75,19.89,5,Asian,Regular,1,7
3893,36.0,4.21,29.81,18.24,5,Italian,Regular,1,6
3894,16.0,1.22,11.1,15.89,5,Italian,Prime,1,10
3895,37.0,0.75,14.47,23.87,4,Vegan,Regular,1,8
3896,28.0,2.82,,10.84,0,Italian,Prime,0,6
3897,31.0,3.19,18.22,21.12,6,FastFood,Regular,1,7
3898,45.0,2.71,17.86,19.07,6,Italian,Prime,1,9
3899,21.0,2.91,19.82,20.97,5,FastFood,Regular,1,8
3900,34.0,3.09,22.78,22.5,3,FastFood,Prime,1,7
3901,39.0,0.89,20.06,21.33,1,FastFood,Regular,1,5
3902,34.0,2.35,12.38,18.2,6,Asian,Regular,1,6
3903,17.0,4.78,27.95,15.55,1,Asian,Prime,1,6
3904,44.0,2.21,27.08,14.71,5,Italian,Regular,0,5
3905,30.0,0.98,11.95,18.38,6,Italian,Regular,1,6
3906,27.0,1.93,15.16,14.54,6,Asian,Prime,1,10
3907,29.0,2.74,20.54,15.25,3,Asian,Regular,1,8
3908,29.0,6.22,26.18,22.75,5,Vegan,Prime,1,6
3909,21.0,0.69,17.14,22.55,5,Italian,Regular,1,7
3910,33.0,2.82,18.69,19.74,6,Asian,Prime,1,6
3911,27.0,1.21,20.92,20.99,2,Italian,Regular,1,6
3912,38.0,2.66,24.36,18.66,4,Italian,Regular,1,7
3913,37.0,3.2,22.37,22.34,5,Vegan,Prime,1,7
3914,47.0,1.77,11.55,,1,Italian,Regular,1,10
3915,30.0,2.85,15.61,23.56,1,Italian,Regular,1,8
3916,25.0,3.77,23.04,18.25,2,FastFood,Regular,1,7
3917,19.0,1.84,23.58,20.25,2,Italian,Regular,1,9
3918,52.0,0.97,,15.21,5,Italian,Regular,1,6
3919,38.0,4.41,26.02,18.63,6,Asian,Regular,1,7
3920,26.0,3.65,26.32,14.03,1,Italian,Prime,1,9
3921,47.0,2.75,17.04,17.36,2,FastFood,Regular,0,4
3922,44.0,1.38,18.51,15.91,6,Vegan,Regular,1,8
3923,20.0,3.46,17.24,21.76,4,FastFood,Regular,0,5
3924,25.0,,39.76,20.49,1,Vegan,Regular,0,6
3925,31.0,1.88,13.57,28.35,4,FastFood,Regular,1,10
3926,22.0,2.44,28.19,18.26,6,Italian,Prime,0,6
3927,31.0,1.12,12.96,20.51,2,Italian,Regular,1,8
3928,38.0,1.36,17.19,17.39,3,Asian,Regular,1,5
3929,20.0,1.28,17.25,23.07,4,FastFood,Prime,1,9
3930,35.0,2.16,19.42,19.9,5,Vegan,Regular,1,7
3931,43.0,1.67,20.57,21.36,3,Italian,Regular,1,7
3932,36.0,2.47,24.14,15.76,6,Italian,Regular,1,7
3933,31.0,1.23,19.08,12.14,5,Italian,Regular,1,8
3934,26.0,1.84,16.09,22.25,2,FastFood,Regular,1,6
3935,39.0,1.37,16.27,13.81,3,Italian,Prime,1,9
3936,21.0,2.23,14.83,24.94,4,FastFood,Regular,1,6
3937,34.0,0.82,13.32,19.36,0,FastFood,Regular,1,5
3938,32.0,2.19,18.64,14.51,1,Asian,Regular,1,7
3939,42.0,1.99,15.32,,1,Italian,Prime,1,9
3940,27.0,2.56,16.55,20.94,5,FastFood,Prime,0,5
3941,28.0,0.93,11.7,20.37,5,FastFood,Prime,1,8
3942,21.0,2.89,20.62,23.24,5,FastFood,Regular,1,7
3943,36.0,1.96,9.99,23.45,0,FastFood,Prime,1,7
3944,28.0,2.27,21.49,21.46,2,Italian,Regular,1,8
3945,24.0,0.72,12.96,17.0,2,FastFood,Regular,1,7
3946,25.0,1.02,17.21,21.0,0,Vegan,Regular,1,8
3947,37.0,1.87,19.29,20.12,1,FastFood,Prime,1,6
3948,22.0,4.29,22.54,18.24,3,FastFood,Regular,1,8
3949,23.0,2.69,,19.63,6,Vegan,Regular,1,8
3950,40.0,2.16,23.8,15.57,1,FastFood,Regular,1,8
3951,31.0,1.21,17.43,20.9,6,Italian,Regular,1,9
3952,41.0,1.26,20.34,18.69,5,Vegan,Prime,1,9
3953,29.0,2.7,27.67,18.16,1,Vegan,Prime,1,9
3954,32.0,2.96,20.88,16.67,1,Asian,Regular,1,8
3955,33.0,2.26,18.21,20.5,3,FastFood,Regular,1,7
3956,44.0,5.16,24.49,21.47,6,Italian,Regular,1,8
3957,44.0,1.59,14.35,16.43,5,Vegan,Prime,1,8
3958,42.0,2.22,18.62,,6,Vegan,Regular,1,10
3959,26.0,0.79,15.47,20.35,2,FastFood,Regular,1,8
3960,23.0,2.26,23.73,15.73,6,Italian,Regular,1,6
3961,39.0,4.52,20.48,21.48,6,FastFood,Regular,0,5
3962,44.0,1.14,14.46,18.83,4,FastFood,Regular,0,4
3963,42.0,3.2,30.11,13.63,1,Asian,Regular,1,8
3964,32.0,5.12,,22.58,1,FastFood,Prime,1,9
3965,39.0,1.38,11.41,25.64,0,FastFood,Regular,0,4
3966,39.0,2.6,22.71,21.15,5,FastFood,Regular,1,6
3967,33.0,4.8,32.87,18.23,2,Italian,Regular,1,8
3968,34.0,2.29,22.28,20.63,4,FastFood,Regular,1,6
3969,33.0,3.1,22.82,17.16,1,Italian,Regular,1,6
3970,25.0,0.76,14.2,24.51,6,FastFood,Regular,1,7
3971,26.0,3.22,19.83,19.76,5,Vegan,Prime,1,9
3972,26.0,2.68,22.72,14.46,2,FastFood,Regular,1,5
3973,18.0,1.12,12.05,21.62,3,Italian,Prime,1,7
3974,33.0,1.18,7.44,23.86,0,FastFood,Regular,1,10
3975,32.0,2.81,21.35,22.8,0,FastFood,Regular,1,10
3976,39.0,1.7,19.18,12.73,6,FastFood,Regular,1,9
3977,43.0,4.27,22.0,20.99,5,FastFood,Prime,0,6
3978,44.0,2.75,19.02,23.68,5,FastFood,Prime,1,9
3979,45.0,2.08,22.36,19.49,4,Italian,Regular,1,7
3980,25.0,1.83,22.48,17.49,1,Asian,Regular,1,4
3981,19.0,2.37,18.63,23.69,0,FastFood,Regular,1,7
3982,40.0,3.13,,18.86,5,Italian,Regular,1,7
3983,44.0,,21.24,21.63,2,Italian,Prime,1,8
3984,46.0,1.6,16.01,21.49,0,FastFood,Regular,1,8
3985,36.0,3.98,20.66,18.71,0,Italian,Regular,1,10
3986,16.0,3.33,19.94,23.68,3,FastFood,Prime,1,8
3987,35.0,2.86,25.93,19.8,5,FastFood,Prime,0,5
3988,37.0,2.44,16.59,15.65,2,Italian,Prime,1,8
3989,43.0,2.65,18.31,19.51,6,Vegan,Regular,1,8
3990,45.0,0.74,14.77,21.15,2,Vegan,Regular,1,7
3991,40.0,2.3,18.95,22.09,5,Vegan,Regular,1,6
3992,27.0,4.96,26.1,20.92,1,Italian,Regular,1,8
3993,23.0,2.27,19.27,20.79,4,FastFood,Regular,1,6
3994,37.0,2.11,25.89,20.49,1,FastFood,Regular,1,6
3995,25.0,1.45,14.97,19.22,5,FastFood,Regular,1,8
3996,45.0,2.64,16.93,21.75,3,FastFood,Regular,1,6
3997,17.0,1.81,17.4,16.08,0,FastFood,Regular,1,7
3998,37.0,4.14,30.18,18.56,1,Italian,Regular,1,7
3999,35.0,1.25,9.77,29.55,2,FastFood,Regular,1,7
4000,30.0,1.57,17.06,16.49,3,FastFood,Regular,1,6
4001,24.0,1.66,16.04,17.38,1,Asian,Prime,1,9
4002,16.0,6.35,35.37,19.48,4,Italian,Prime,1,7
4003,27.0,1.81,21.31,20.92,6,Vegan,Regular,1,10
4004,27.0,1.49,15.18,18.1,4,FastFood,Regular,1,7
4005,42.0,0.64,13.72,19.84,2,Italian,Regular,1,8
4006,25.0,1.22,15.05,19.4,4,FastFood,Regular,1,8
4007,36.0,2.69,24.58,14.79,6,Italian,Regular,0,5
4008,20.0,3.09,24.92,23.86,1,FastFood,Prime,1,7
4009,36.0,1.41,15.22,22.99,1,FastFood,Regular,1,8
4010,16.0,1.45,17.26,15.99,0,Italian,Regular,1,6
4011,51.0,6.44,29.04,19.37,5,FastFood,Prime,1,7
4012,31.0,8.87,42.99,19.26,5,FastFood,Regular,0,6
4013,16.0,3.79,23.36,14.9,2,Vegan,Regular,1,7
4014,26.0,4.75,22.3,23.29,6,FastFood,Regular,1,6
4015,24.0,6.14,32.7,20.58,4,Italian,Prime,1,8
4016,26.0,6.81,33.01,17.64,6,Italian,Regular,1,6
4017,29.0,1.71,18.6,20.92,6,FastFood,Regular,1,10
4018,26.0,1.43,7.89,18.8,6,Italian,Prime,1,10
4019,25.0,5.52,30.03,21.73,2,FastFood,Regular,1,6
4020,,1.36,18.32,13.77,4,Asian,Prime,1,8
4021,39.0,1.14,10.5,22.47,1,FastFood,Regular,1,8
4022,43.0,1.16,15.54,17.47,6,FastFood,Regular,0,4
4023,30.0,1.87,14.0,23.04,2,FastFood,Regular,1,7
4024,32.0,0.78,12.73,16.52,3,Vegan,Prime,1,8
4025,22.0,0.92,15.01,13.88,4,Asian,Regular,1,6
4026,33.0,1.43,10.29,19.42,5,Vegan,Regular,1,9
4027,34.0,1.2,22.14,16.88,5,Asian,Prime,1,7
4028,30.0,3.61,22.75,17.25,6,Asian,Regular,1,7
4029,36.0,2.32,25.95,16.18,4,Italian,Prime,0,6
4030,35.0,2.77,22.34,20.07,5,Vegan,Regular,1,9
4031,23.0,2.6,27.4,19.27,4,Italian,Regular,1,7
4032,43.0,2.07,17.86,21.53,2,Italian,Prime,1,10
4033,30.0,3.99,22.16,17.44,6,Asian,Prime,1,8
4034,47.0,2.58,20.33,16.94,2,Italian,Regular,1,7
4035,36.0,1.94,19.55,16.96,4,FastFood,Prime,1,10
4036,50.0,0.92,13.66,14.52,2,Italian,Prime,1,10
4037,43.0,3.08,19.23,21.97,3,FastFood,Prime,1,8
4038,34.0,1.01,16.18,18.9,2,Asian,Regular,1,9
4039,25.0,2.48,12.65,16.19,1,Italian,Regular,1,9
4040,26.0,2.1,13.91,17.61,5,Asian,Regular,1,6
4041,37.0,0.95,7.9,18.05,5,Italian,Regular,1,7
4042,33.0,2.32,19.06,18.72,4,Asian,Regular,1,7
4043,27.0,2.24,,23.6,0,FastFood,Regular,1,6
4044,39.0,,30.11,13.15,1,Vegan,Regular,1,8
4045,32.0,2.18,16.8,21.18,1,Italian,Regular,1,8
4046,40.0,1.41,13.9,21.76,4,FastFood,Regular,1,8
4047,23.0,2.79,15.53,19.41,6,FastFood,Regular,1,7
4048,41.0,1.38,14.93,19.49,2,FastFood,Regular,1,7
4049,37.0,1.28,18.61,18.58,2,Italian,Prime,1,10
4050,43.0,3.36,22.37,15.79,3,Asian,Prime,1,9
4051,41.0,3.37,28.72,16.88,6,Vegan,Regular,1,9
4052,31.0,2.81,24.76,15.3,2,Asian,Regular,1,8
4053,31.0,1.8,17.45,15.8,1,Italian,Regular,0,7
4054,48.0,0.69,7.3,22.0,3,Italian,Regular,1,6
4055,29.0,5.23,24.55,,6,Asian,Prime,1,8
4056,39.0,0.69,14.92,22.41,5,Asian,Regular,1,7
4057,29.0,2.78,15.81,22.11,3,FastFood,Regular,1,7
4058,,6.43,26.98,21.15,5,Vegan,Regular,1,8
4059,21.0,2.51,15.83,15.74,0,Italian,Prime,1,8
4060,36.0,2.72,26.88,16.48,5,Asian,Prime,1,6
4061,38.0,2.85,20.63,19.7,0,Vegan,Prime,1,8
4062,36.0,2.25,19.24,15.47,2,Asian,Regular,1,7
4063,42.0,8.44,36.27,19.61,2,FastFood,Prime,1,9
4064,36.0,1.27,18.21,19.59,4,Italian,Regular,0,3
4065,25.0,1.18,10.54,22.32,1,FastFood,Regular,1,7
4066,37.0,1.93,22.12,13.79,1,Asian,Prime,1,7
4067,34.0,5.25,28.66,21.85,6,FastFood,Regular,1,8
4068,27.0,1.69,22.2,18.33,3,Asian,Prime,1,8
4069,36.0,2.55,19.43,17.85,5,Vegan,Regular,1,9
4070,33.0,3.63,22.41,18.92,4,FastFood,Regular,1,7
4071,27.0,3.09,16.8,19.65,4,Italian,Regular,1,8
4072,30.0,4.05,32.43,10.82,4,Asian,Prime,0,7
4073,45.0,4.39,23.42,18.51,4,Italian,Regular,1,6
4074,44.0,2.74,15.4,25.9,6,FastFood,Prime,1,8
4075,34.0,1.57,15.93,13.21,5,FastFood,Regular,1,8
4076,33.0,2.51,21.47,20.64,2,Italian,Prime,1,9
4077,19.0,1.67,19.44,18.31,1,Asian,Regular,1,6
4078,47.0,8.06,49.49,14.76,5,Italian,Regular,1,8
4079,41.0,1.73,18.83,,2,FastFood,Prime,1,8
4080,39.0,3.02,16.39,21.1,2,Italian,Prime,1,8
4081,16.0,0.88,14.93,,0,Italian,Regular,1,7
4082,32.0,2.17,18.82,18.88,3,FastFood,Regular,1,3
4083,31.0,1.72,24.61,17.06,3,Asian,Regular,0,6
4084,,3.36,19.93,23.93,5,FastFood,Prime,1,9
4085,28.0,2.96,18.97,17.09,5,Italian,Regular,1,7
4086,30.0,5.05,30.82,19.38,5,Vegan,Prime,1,6
4087,38.0,4.2,23.81,16.77,3,Italian,Regular,0,4
4088,25.0,2.23,14.86,18.56,6,Italian,Prime,1,10
4089,27.0,1.2,9.8,24.14,6,FastFood,Regular,1,7
4090,34.0,1.28,20.15,21.32,5,FastFood,Regular,1,7
4091,44.0,2.38,12.33,19.93,2,FastFood,Regular,1,7
4092,39.0,2.2,20.31,16.92,1,Asian,Regular,0,5
4093,42.0,2.32,23.73,15.08,0,Asian,Regular,1,6
4094,33.0,1.5,8.21,18.02,6,FastFood,Regular,1,7
4095,45.0,5.11,23.38,24.61,5,FastFood,Prime,1,10
4096,16.0,0.9,8.65,25.91,6,FastFood,Regular,1,6
4097,50.0,1.46,21.36,13.84,5,Italian,Regular,1,7
4098,51.0,1.28,24.34,20.01,3,Italian,Prime,1,10
4099,36.0,1.8,17.37,19.06,1,Asian,Regular,1,8
4100,39.0,4.0,27.88,16.11,0,Vegan,Regular,1,8
4101,32.0,1.98,16.74,19.58,5,FastFood,Prime,1,9
4102,30.0,2.45,18.93,15.62,2,Asian,Prime,1,9
4103,27.0,3.34,14.88,23.44,2,Italian,Prime,0,6
4104,32.0,1.93,25.57,25.96,5,FastFood,Prime,1,10
4105,37.0,2.49,17.71,16.92,3,Vegan,Regular,0,4
4106,36.0,2.31,21.27,16.62,6,FastFood,Regular,1,6
4107,50.0,,14.66,18.86,3,Asian,Regular,1,6
4108,33.0,1.79,20.51,18.31,5,Asian,Prime,1,7
4109,19.0,2.81,20.3,22.98,0,Vegan,Prime,1,7
4110,47.0,4.08,21.91,15.75,2,Italian,Regular,1,6
4111,21.0,4.07,20.75,23.17,1,FastFood,Regular,1,6
4112,27.0,6.38,34.09,15.24,0,Asian,Regular,1,8
4113,34.0,2.63,20.19,18.5,6,Asian,Regular,0,4
4114,36.0,1.84,22.27,18.4,3,Italian,Prime,1,9
4115,19.0,1.94,15.38,21.56,2,Asian,Regular,1,8
4116,25.0,1.89,16.49,22.34,2,FastFood,Regular,1,10
4117,19.0,1.85,23.6,17.68,1,Italian,Prime,1,8
4118,38.0,2.49,24.55,19.89,0,Vegan,Regular,1,7
4119,43.0,,24.32,20.7,6,FastFood,Regular,1,6
4120,21.0,1.06,9.27,15.5,0,Italian,Regular,1,6
4121,41.0,3.66,22.6,24.89,2,Vegan,Regular,1,7
4122,40.0,0.73,12.72,20.84,1,Asian,Regular,1,6
4123,26.0,1.78,9.84,19.01,6,Vegan,Regular,1,6
4124,16.0,3.79,19.1,20.32,1,Italian,Regular,1,8
4125,,2.81,17.68,25.24,2,Vegan,Regular,1,6
4126,27.0,1.65,12.94,24.71,5,FastFood,Regular,1,8
4127,,5.95,29.48,17.7,3,Italian,Regular,0,6
4128,31.0,1.82,15.75,18.27,2,Italian,Prime,1,7
4129,23.0,0.67,11.54,12.88,3,Asian,Regular,1,9
4130,33.0,2.58,17.97,21.67,3,Vegan,Regular,1,8
4131,20.0,0.87,13.65,19.98,2,Asian,Prime,1,8
4132,37.0,1.27,20.04,21.75,4,Italian,Regular,1,5
4133,23.0,2.84,15.14,20.32,2,Italian,Regular,1,5
4134,25.0,1.8,20.31,19.42,6,Italian,Prime,1,10
4135,35.0,2.77,22.62,15.91,3,Italian,Regular,0,7
4136,48.0,1.07,16.1,21.96,5,FastFood,Regular,1,9
4137,52.0,3.71,24.13,16.86,1,Italian,Prime,1,10
4138,23.0,0.79,12.25,20.97,4,Vegan,Regular,1,9
4139,27.0,4.16,33.76,15.17,3,Asian,Regular,1,8
4140,37.0,1.55,15.39,18.25,5,Asian,Regular,1,8
4141,43.0,4.67,21.9,21.94,3,Italian,Regular,1,7
4142,16.0,1.46,16.21,19.48,5,Italian,Prime,1,9
4143,33.0,5.8,27.23,21.99,0,FastFood,Regular,1,8
4144,28.0,1.19,15.56,20.87,4,Italian,Regular,1,8
4145,16.0,0.75,12.02,23.1,5,Italian,Regular,1,7
4146,20.0,2.37,25.28,20.68,3,FastFood,Prime,1,6
4147,27.0,3.97,22.69,22.56,0,FastFood,Regular,1,5
4148,33.0,3.11,19.74,20.63,3,Asian,Regular,1,8
4149,41.0,3.82,29.16,20.24,5,Italian,Regular,1,7
4150,35.0,3.14,24.0,13.29,3,Italian,Regular,1,8
4151,41.0,1.28,13.61,18.85,0,FastFood,Regular,1,6
4152,32.0,3.53,26.1,20.45,2,Italian,Prime,1,10
4153,26.0,2.12,19.44,17.46,6,Italian,Regular,1,6
4154,30.0,1.36,13.25,22.24,1,Italian,Regular,1,9
4155,38.0,2.22,9.54,23.33,3,Italian,Regular,1,5
4156,41.0,1.95,17.8,19.23,2,FastFood,Regular,1,8
4157,31.0,4.39,26.91,16.61,4,Vegan,Regular,0,4
4158,24.0,1.74,16.55,19.92,2,FastFood,Prime,1,8
4159,35.0,1.48,13.53,17.41,2,Italian,Regular,1,9
4160,36.0,1.58,12.68,25.61,4,FastFood,Prime,1,9
4161,43.0,5.72,31.8,15.81,4,Italian,Regular,1,6
4162,26.0,1.41,14.97,23.23,3,FastFood,Regular,1,7
4163,26.0,4.11,23.7,23.39,1,Vegan,Regular,1,5
4164,39.0,1.14,19.58,20.63,0,Italian,Regular,0,3
4165,28.0,2.66,27.67,18.05,4,Asian,Regular,1,6
4166,28.0,2.68,17.13,20.51,2,FastFood,Prime,1,7
4167,43.0,4.56,20.41,26.55,4,FastFood,Prime,1,6
4168,20.0,4.21,25.57,17.86,2,Italian,Prime,1,8
4169,51.0,2.42,22.78,20.97,5,Italian,Prime,0,6
4170,26.0,1.5,19.7,18.09,4,Italian,Regular,1,7
4171,40.0,4.92,36.28,14.34,2,Vegan,Regular,1,6
4172,31.0,1.42,17.51,16.35,2,Asian,Regular,1,7
4173,34.0,0.67,16.03,19.06,5,Vegan,Prime,1,8
4174,30.0,0.72,15.4,20.57,0,FastFood,Regular,1,8
4175,40.0,,12.56,15.42,0,Asian,Regular,1,7
4176,29.0,2.79,18.8,20.13,0,Italian,Regular,1,5
4177,27.0,,34.48,20.42,2,Italian,Regular,1,7
4178,48.0,0.75,18.23,18.64,3,Vegan,Prime,1,8
4179,32.0,1.31,14.04,16.25,2,Asian,Regular,1,5
4180,26.0,2.11,17.11,16.56,1,Vegan,Regular,1,7
4181,19.0,5.42,28.37,17.61,2,Asian,Prime,1,7
4182,49.0,1.31,13.55,25.13,3,FastFood,Regular,1,7
4183,27.0,2.79,18.56,20.31,2,Asian,Regular,1,8
4184,51.0,1.75,11.99,16.94,4,Italian,Regular,1,7
4185,36.0,8.45,33.7,25.08,2,Vegan,Regular,0,6
4186,33.0,2.18,24.69,16.13,6,Asian,Regular,1,7
4187,34.0,2.45,25.19,17.95,6,FastFood,Regular,1,7
4188,52.0,2.11,,16.91,4,FastFood,Regular,1,7
4189,16.0,1.6,10.1,17.77,3,FastFood,Regular,1,7
4190,34.0,3.4,23.01,19.37,0,Italian,Regular,1,6
4191,30.0,1.22,12.63,20.23,4,FastFood,Prime,1,6
4192,30.0,0.67,13.88,15.48,2,Asian,Regular,1,9
4193,33.0,1.85,22.11,16.3,2,Italian,Regular,1,8
4194,30.0,3.15,29.75,14.39,5,Asian,Regular,1,7
4195,34.0,1.46,12.69,18.33,0,FastFood,Regular,1,9
4196,32.0,2.57,12.85,21.14,1,Italian,Prime,1,10
4197,20.0,,18.28,26.41,5,FastFood,Regular,1,5
4198,35.0,3.61,16.03,24.72,6,Vegan,Regular,1,7
4199,38.0,2.88,24.7,23.06,3,FastFood,Regular,1,8
4200,27.0,2.34,24.49,19.52,3,FastFood,Prime,1,6
4201,49.0,2.21,18.96,19.0,6,FastFood,Regular,1,5
4202,44.0,1.08,15.91,18.81,0,Asian,Prime,1,10
4203,40.0,0.96,12.81,20.26,3,FastFood,Regular,1,7
4204,39.0,1.88,15.74,19.57,1,Italian,Regular,1,6
4205,,3.07,23.57,21.63,3,Asian,Prime,1,6
4206,42.0,2.75,13.62,17.52,6,Asian,Regular,1,8
4207,46.0,1.65,19.98,27.83,4,FastFood,Regular,1,6
4208,39.0,3.03,22.53,17.62,6,FastFood,Regular,1,6
4209,27.0,4.4,27.05,19.66,3,Italian,Regular,0,4
4210,32.0,1.92,14.96,21.94,6,FastFood,Regular,1,7
4211,37.0,2.39,26.23,14.64,1,Asian,Regular,1,6
4212,40.0,1.8,14.33,20.58,2,Italian,Regular,1,6
4213,31.0,1.88,16.05,22.48,1,Italian,Regular,1,9
4214,27.0,2.21,23.44,27.61,5,FastFood,Regular,1,8
4215,46.0,5.91,28.9,19.57,3,Italian,Prime,1,8
4216,22.0,3.33,25.67,15.3,1,FastFood,Regular,1,8
4217,24.0,3.17,,18.14,1,Asian,Regular,1,6
4218,20.0,1.57,18.76,23.23,2,FastFood,Regular,1,8
4219,24.0,1.23,14.69,18.84,1,Vegan,Regular,0,6
4220,43.0,2.49,19.89,17.52,4,Asian,Regular,1,6
4221,44.0,,28.68,19.55,5,FastFood,Prime,1,9
4222,31.0,5.98,28.0,20.6,6,FastFood,Prime,1,9
4223,36.0,0.52,14.3,24.05,1,FastFood,Regular,1,8
4224,32.0,8.89,35.8,25.17,3,FastFood,Prime,1,10
4225,21.0,2.91,19.7,17.19,3,FastFood,Prime,1,8
4226,52.0,3.82,27.99,18.07,3,Vegan,Prime,0,5
4227,44.0,0.89,14.94,14.37,3,Italian,Prime,1,8
4228,35.0,1.77,18.2,26.51,1,FastFood,Regular,0,5
4229,24.0,3.17,22.01,20.76,0,Italian,Regular,1,6
4230,30.0,1.06,19.71,15.0,2,FastFood,Regular,1,5
4231,26.0,0.41,14.72,19.32,0,Vegan,Regular,0,5
4232,33.0,2.79,17.27,20.15,0,FastFood,Prime,1,10
4233,35.0,1.96,18.32,15.19,3,Asian,Regular,1,9
4234,29.0,4.45,21.85,19.49,6,Asian,Regular,1,8
4235,19.0,2.12,21.09,24.04,3,FastFood,Prime,1,10
4236,51.0,1.92,13.36,21.81,0,FastFood,Regular,1,8
4237,34.0,3.4,24.71,16.83,5,Italian,Prime,0,6
4238,36.0,3.56,25.16,17.73,4,Vegan,Regular,1,8
4239,28.0,1.36,9.61,18.61,2,Italian,Regular,1,6
4240,18.0,3.39,29.54,15.9,1,Asian,Regular,1,6
4241,31.0,1.51,9.5,16.99,6,Asian,Regular,1,6
4242,29.0,2.03,17.08,18.34,3,Asian,Regular,1,7
4243,38.0,2.91,24.55,14.51,0,Italian,Regular,1,9
4244,,3.21,15.96,16.53,1,Italian,Regular,1,6
4245,39.0,2.4,22.07,16.92,1,Asian,Regular,1,6
4246,41.0,1.28,12.86,25.7,2,FastFood,Prime,1,9
4247,48.0,0.72,14.89,21.87,2,Vegan,Regular,1,7
4248,36.0,1.82,20.11,20.99,3,FastFood,Regular,1,7
4249,,,24.01,22.21,2,FastFood,Regular,1,7
4250,36.0,2.97,24.47,16.76,4,Asian,Prime,1,10
4251,16.0,2.65,18.51,24.23,3,FastFood,Prime,0,7
4252,31.0,2.31,22.12,22.3,6,FastFood,Prime,1,9
4253,24.0,2.74,19.76,24.84,5,FastFood,Prime,1,9
4254,34.0,1.17,13.81,14.98,2,Italian,Regular,1,8
4255,25.0,3.09,26.03,15.07,0,Asian,Regular,1,10
4256,37.0,3.21,17.07,21.82,4,FastFood,Regular,1,7
4257,41.0,1.9,,22.48,2,FastFood,Prime,1,9
4258,43.0,2.56,23.23,24.74,6,Italian,Regular,0,5
4259,47.0,0.78,14.82,14.44,2,Vegan,Regular,1,9
4260,17.0,2.56,,20.9,2,FastFood,Prime,1,10
4261,21.0,2.15,19.51,19.28,2,Vegan,Prime,1,8
4262,58.0,4.63,26.2,20.17,6,Vegan,Prime,1,9
4263,41.0,1.81,16.51,26.2,0,FastFood,Regular,1,8
4264,34.0,3.25,23.21,19.1,6,Asian,Regular,1,6
4265,32.0,1.62,26.32,13.15,1,Asian,Regular,0,6
4266,,0.57,9.72,22.49,5,Italian,Regular,1,9
4267,16.0,1.78,15.44,22.42,3,Italian,Regular,0,6
4268,25.0,2.24,24.32,17.63,3,Asian,Regular,1,7
4269,31.0,2.52,19.08,13.12,1,Asian,Prime,1,7
4270,26.0,2.21,18.31,16.64,5,Asian,Regular,0,6
4271,27.0,1.52,18.57,20.81,4,Vegan,Regular,0,4
4272,55.0,1.94,10.72,21.09,3,Italian,Prime,1,7
4273,30.0,1.08,21.04,12.75,3,Asian,Regular,1,8
4274,,0.67,9.81,17.35,4,Vegan,Regular,1,8
4275,34.0,1.9,10.83,24.29,3,FastFood,Regular,1,7
4276,37.0,1.34,9.89,25.51,6,FastFood,Regular,1,7
4277,28.0,4.19,22.51,19.62,0,Italian,Prime,1,8
4278,43.0,0.61,10.26,22.72,1,Vegan,Regular,1,6
4279,36.0,2.36,22.3,22.37,5,FastFood,Regular,1,7
4280,20.0,7.44,32.8,19.31,5,Asian,Prime,1,6
4281,31.0,1.82,14.43,21.44,2,FastFood,Regular,1,8
4282,30.0,2.31,11.74,19.75,3,Italian,Prime,1,10
4283,30.0,2.55,25.18,15.32,0,Italian,Regular,0,5
4284,37.0,3.06,26.29,23.17,1,FastFood,Prime,1,10
4285,38.0,1.61,16.49,15.99,6,Vegan,Regular,1,7
4286,37.0,1.16,11.29,23.16,4,FastFood,Regular,1,6
4287,35.0,3.32,,18.27,0,Vegan,Prime,1,10
4288,33.0,0.81,20.46,22.11,5,FastFood,Prime,1,7
4289,16.0,3.18,26.24,16.83,2,Vegan,Regular,1,9
4290,39.0,1.62,15.45,17.19,3,Italian,Regular,1,8
4291,36.0,2.02,16.68,22.1,5,FastFood,Regular,1,9
4292,23.0,1.73,14.95,23.26,5,FastFood,Prime,1,8
4293,35.0,5.09,25.28,24.28,0,FastFood,Prime,1,7
4294,38.0,2.31,25.19,15.51,2,Italian,Regular,0,4
4295,43.0,1.69,21.43,13.4,1,Asian,Regular,0,8
4296,37.0,1.66,20.86,15.96,6,Italian,Regular,1,8
4297,35.0,2.13,,15.73,5,Italian,Prime,1,10
4298,41.0,7.53,24.26,,4,Italian,Regular,1,7
4299,29.0,0.98,17.97,21.98,0,Italian,Regular,1,8
4300,36.0,4.2,29.06,14.61,5,Asian,Prime,1,7
4301,,2.75,20.53,22.95,3,Italian,Regular,1,7
4302,42.0,4.7,24.12,20.07,1,Asian,Regular,1,10
4303,18.0,2.85,20.87,14.94,3,Vegan,Regular,1,6
4304,39.0,2.02,20.47,15.82,3,Italian,Regular,1,7
4305,32.0,4.06,24.85,16.02,2,FastFood,Prime,1,9
4306,41.0,2.29,16.88,20.74,6,FastFood,Regular,1,8
4307,25.0,3.05,21.35,18.55,6,Italian,Regular,1,10
4308,33.0,,,21.05,0,FastFood,Regular,1,7
4309,33.0,2.44,22.37,13.83,6,Vegan,Prime,1,8
4310,36.0,1.59,21.73,14.79,2,Italian,Regular,1,8
4311,23.0,1.41,17.0,19.18,5,Italian,Regular,1,6
4312,38.0,2.58,13.25,18.49,5,Asian,Regular,0,3
4313,16.0,1.24,15.3,14.94,4,FastFood,Regular,1,6
4314,26.0,1.91,28.74,13.93,5,Asian,Prime,1,4
4315,18.0,1.36,14.69,,4,FastFood,Prime,1,8
4316,39.0,3.06,29.1,15.32,5,Italian,Prime,0,4
4317,36.0,1.33,22.05,19.46,2,Vegan,Regular,1,7
4318,36.0,0.99,14.54,13.83,5,Asian,Regular,1,9
4319,45.0,1.26,10.01,21.83,6,Vegan,Prime,1,7
4320,29.0,1.47,17.28,13.26,6,Italian,Regular,1,8
4321,37.0,1.78,22.23,16.27,1,Asian,Prime,1,6
4322,33.0,2.31,10.93,20.94,3,Italian,Regular,1,7
4323,31.0,1.84,15.75,20.09,3,Italian,Regular,1,10
4324,44.0,2.47,12.75,19.61,4,FastFood,Regular,1,7
4325,51.0,2.58,21.21,18.9,4,FastFood,Regular,1,9
4326,28.0,3.03,19.52,17.89,5,Italian,Regular,0,8
4327,40.0,0.71,,17.13,3,FastFood,Regular,1,7
4328,35.0,1.08,13.79,16.76,4,Asian,Regular,1,7
4329,35.0,2.73,24.2,16.8,6,Asian,Regular,1,5
4330,,2.6,19.59,18.33,0,Vegan,Prime,1,9
4331,29.0,3.45,21.94,24.0,4,FastFood,Regular,1,8
4332,16.0,0.99,11.01,16.5,2,Vegan,Prime,1,9
4333,46.0,,18.19,15.89,6,FastFood,Regular,1,9
4334,26.0,1.71,19.18,17.13,3,Italian,Regular,0,4
4335,30.0,2.21,22.0,17.3,4,Asian,Regular,1,10
4336,30.0,2.36,21.8,20.68,5,FastFood,Prime,1,8
4337,25.0,2.61,19.45,20.55,1,FastFood,Regular,1,8
4338,34.0,2.17,21.91,17.62,3,FastFood,Prime,1,8
4339,32.0,4.28,31.21,15.95,5,Italian,Regular,0,4
4340,26.0,5.87,37.59,15.83,5,Asian,Prime,1,7
4341,33.0,1.25,9.35,19.3,1,FastFood,Prime,1,9
4342,32.0,2.37,16.2,24.29,5,FastFood,Prime,1,7
4343,40.0,3.12,15.94,19.19,1,Italian,Regular,1,7
4344,20.0,3.2,22.76,19.4,1,FastFood,Prime,1,8
4345,25.0,1.61,20.61,19.63,5,Asian,Regular,1,7
4346,39.0,2.66,24.62,20.75,4,Vegan,Prime,1,6
4347,26.0,0.84,14.18,13.74,3,Asian,Regular,1,3
4348,,1.99,22.06,10.42,3,Vegan,Regular,1,8
4349,27.0,0.9,14.24,15.05,6,Italian,Regular,1,9
4350,,3.06,24.83,18.43,1,Asian,Prime,1,5
4351,31.0,1.09,10.53,23.67,2,FastFood,Regular,1,8
4352,30.0,2.2,23.48,16.02,3,FastFood,Regular,1,8
4353,23.0,2.4,18.25,18.58,5,Asian,Regular,1,6
4354,39.0,2.41,16.95,22.86,3,FastFood,Prime,1,9
4355,44.0,1.42,16.37,23.41,5,Vegan,Regular,1,9
4356,16.0,1.79,14.42,19.28,5,Asian,Regular,0,6
4357,18.0,3.86,23.31,23.29,6,Vegan,Regular,1,10
4358,41.0,1.59,20.26,22.47,3,FastFood,Regular,0,6
4359,46.0,2.04,19.93,19.68,3,Italian,Regular,0,4
4360,16.0,1.7,17.96,16.19,0,Asian,Prime,1,8
4361,39.0,4.06,22.62,23.46,0,FastFood,Prime,1,9
4362,47.0,2.1,20.69,15.04,3,Italian,Regular,1,9
4363,24.0,,10.43,16.67,5,Asian,Regular,1,7
4364,46.0,2.02,13.16,21.01,5,Vegan,Regular,1,7
4365,30.0,1.76,21.23,20.38,2,Asian,Regular,1,5
4366,35.0,4.33,31.6,19.57,3,FastFood,Regular,1,9
4367,26.0,2.26,21.43,21.01,5,Italian,Prime,1,9
4368,41.0,0.94,19.6,17.99,2,Italian,Regular,1,6
4369,40.0,2.65,18.92,23.96,1,FastFood,Regular,1,8
4370,48.0,6.18,29.78,16.42,6,Italian,Prime,0,5
4371,45.0,3.89,21.37,23.18,3,FastFood,Regular,1,6
4372,32.0,1.1,10.12,20.71,1,FastFood,Regular,1,9
4373,60.0,1.74,16.32,15.42,1,Italian,Regular,1,5
4374,44.0,1.98,21.93,,2,FastFood,Regular,0,5
4375,37.0,2.29,17.43,21.94,1,Italian,Prime,1,8
4376,23.0,2.86,19.38,17.94,3,FastFood,Prime,1,6
4377,18.0,1.67,13.66,13.44,5,Asian,Regular,0,5
4378,19.0,1.22,18.28,22.2,5,FastFood,Regular,1,6
4379,24.0,3.4,26.42,14.8,6,Vegan,Regular,1,10
4380,44.0,1.09,14.59,25.69,5,FastFood,Regular,1,9
4381,36.0,1.3,19.54,22.5,2,Italian,Regular,1,8
4382,26.0,1.08,25.26,24.11,0,FastFood,Regular,1,4
4383,31.0,2.82,25.73,20.97,1,FastFood,Regular,1,7
4384,30.0,2.46,16.91,22.83,5,Italian,Prime,1,7
4385,39.0,3.76,21.87,20.23,2,Asian,Prime,1,10
4386,24.0,1.31,14.05,18.01,5,Vegan,Regular,0,5
4387,35.0,1.01,11.05,25.32,3,FastFood,Regular,1,8
4388,35.0,1.58,23.24,18.26,6,FastFood,Regular,1,9
4389,24.0,1.82,21.69,16.53,3,Asian,Regular,1,10
4390,46.0,2.26,19.12,13.84,6,Italian,Regular,1,9
4391,29.0,0.8,12.94,21.44,1,FastFood,Regular,1,8
4392,23.0,3.01,27.89,16.29,5,Asian,Prime,1,8
4393,40.0,1.23,14.47,17.32,3,Italian,Regular,0,6
4394,32.0,1.41,18.73,16.6,1,Asian,Regular,1,7
4395,36.0,3.84,26.42,16.99,1,Italian,Regular,1,8
4396,21.0,0.61,18.54,18.61,2,Italian,Regular,1,7
4397,39.0,2.4,20.78,24.85,1,FastFood,Regular,1,9
4398,52.0,2.4,21.89,14.45,6,Asian,Regular,1,7
4399,21.0,1.48,19.48,23.59,1,FastFood,Prime,1,9
4400,35.0,1.81,19.43,17.52,4,Asian,Prime,0,4
4401,25.0,4.53,24.71,17.9,3,Asian,Prime,1,8
4402,56.0,5.93,26.56,16.93,3,Asian,Regular,1,8
4403,43.0,3.62,26.75,18.85,4,FastFood,Regular,1,7
4404,,5.68,27.71,,6,FastFood,Regular,1,4
4405,21.0,1.38,17.63,19.85,6,Italian,Regular,1,6
4406,23.0,0.84,12.72,16.42,6,Italian,Regular,1,8
4407,39.0,2.25,20.82,15.75,3,Vegan,Prime,1,10
4408,20.0,3.14,20.74,18.72,5,Italian,Regular,1,7
4409,20.0,0.73,15.14,21.61,1,Vegan,Regular,1,7
4410,32.0,1.21,,24.02,6,FastFood,Regular,1,9
4411,33.0,1.29,13.9,21.63,1,Italian,Regular,1,7
4412,35.0,2.45,15.8,22.11,0,FastFood,Regular,1,8
4413,28.0,2.28,19.42,16.37,5,Asian,Regular,1,7
4414,40.0,1.31,8.82,20.99,5,FastFood,Regular,1,7
4415,24.0,2.22,24.35,17.27,0,FastFood,Regular,1,8
4416,38.0,1.23,17.53,15.36,6,Asian,Prime,1,9
4417,34.0,1.59,19.85,18.36,0,Italian,Regular,1,7
4418,37.0,1.0,13.74,20.2,0,FastFood,Regular,1,6
4419,43.0,1.85,11.27,21.28,6,FastFood,Regular,1,5
4420,28.0,1.49,12.31,14.93,1,Italian,Prime,1,6
4421,26.0,2.94,22.39,17.55,1,FastFood,Regular,1,7
4422,17.0,1.98,18.38,23.33,5,FastFood,Regular,1,8
4423,16.0,1.78,21.74,16.33,4,Italian,Regular,1,5
4424,30.0,5.33,27.05,18.97,3,FastFood,Regular,1,5
4425,31.0,2.49,20.53,18.75,6,Italian,Regular,1,8
4426,22.0,1.64,17.01,16.08,0,Italian,Regular,1,9
4427,24.0,1.46,19.78,24.32,6,FastFood,Regular,1,9
4428,46.0,1.21,13.33,17.23,1,FastFood,Prime,1,6
4429,40.0,1.94,13.05,21.0,4,FastFood,Regular,1,8
4430,21.0,2.38,15.36,18.75,2,FastFood,Regular,1,9
4431,28.0,0.7,20.16,21.47,2,FastFood,Regular,1,7
4432,36.0,0.95,18.84,18.11,2,Vegan,Regular,1,7
4433,,1.52,13.54,16.94,3,Asian,Regular,1,8
4434,25.0,1.1,18.68,21.68,6,Italian,Regular,0,6
4435,,2.06,,16.71,0,Italian,Regular,1,8
4436,42.0,2.56,20.98,16.69,4,Italian,Prime,1,9
4437,43.0,1.88,21.47,16.24,6,Asian,Regular,1,8
4438,25.0,3.13,18.36,25.42,5,FastFood,Prime,1,7
4439,36.0,1.68,16.48,20.73,6,FastFood,Prime,1,8
4440,32.0,1.96,7.41,24.7,0,FastFood,Regular,1,6
4441,23.0,1.16,21.24,20.47,2,FastFood,Regular,1,7
4442,29.0,2.36,16.21,24.57,2,FastFood,Regular,1,8
4443,21.0,2.41,13.59,20.64,3,Vegan,Prime,1,7
4444,42.0,1.04,16.75,21.05,2,Vegan,Regular,1,9
4445,46.0,1.85,15.84,16.69,1,FastFood,Regular,0,4
4446,28.0,1.97,16.89,14.38,5,Italian,Regular,1,8
4447,26.0,2.7,20.21,21.28,1,Italian,Prime,1,9
4448,41.0,,23.69,21.25,6,Italian,Regular,1,8
4449,43.0,1.35,11.97,24.8,0,Italian,Regular,1,5
4450,22.0,3.06,23.96,16.54,2,FastFood,Regular,1,8
4451,31.0,2.68,21.9,18.17,4,Asian,Regular,0,4
4452,31.0,1.55,16.0,16.63,6,Vegan,Prime,1,7
4453,25.0,1.24,25.02,,5,Asian,Prime,1,9
4454,35.0,1.41,14.56,15.79,0,Asian,Regular,1,6
4455,26.0,0.9,16.68,,5,Italian,Regular,1,8
4456,27.0,2.6,19.0,,2,FastFood,Prime,1,10
4457,31.0,3.86,28.28,21.1,6,FastFood,Regular,1,8
4458,19.0,4.4,22.68,20.66,5,Italian,Regular,1,7
4459,16.0,1.11,13.71,24.38,1,FastFood,Regular,1,7
4460,40.0,3.1,22.87,18.66,2,Asian,Regular,1,9
4461,25.0,2.43,24.03,19.67,5,Italian,Prime,1,8
4462,51.0,0.54,15.44,18.13,6,Italian,Regular,1,7
4463,50.0,1.68,17.53,,4,FastFood,Regular,1,6
4464,,1.81,17.77,21.01,1,Vegan,Prime,1,7
4465,53.0,3.92,19.89,17.85,2,FastFood,Regular,0,6
4466,40.0,1.43,16.87,21.36,5,FastFood,Prime,1,8
4467,26.0,2.74,18.4,17.77,4,FastFood,Regular,1,8
4468,16.0,1.9,22.95,16.9,1,Asian,Regular,1,8
4469,38.0,0.91,12.83,16.55,1,Vegan,Regular,1,6
4470,32.0,1.49,15.86,19.8,1,FastFood,Regular,1,6
4471,36.0,4.68,22.75,17.61,3,Vegan,Regular,1,8
4472,30.0,1.83,17.08,18.61,3,FastFood,Regular,0,5
4473,22.0,3.81,24.74,16.79,3,Asian,Prime,1,8
4474,28.0,3.7,22.36,13.73,6,FastFood,Prime,1,9
4475,38.0,1.57,17.5,13.81,4,Italian,Regular,1,9
4476,29.0,0.99,10.74,18.93,4,Asian,Regular,1,7
4477,29.0,1.07,,18.88,2,Italian,Regular,1,7
4478,18.0,4.47,31.53,18.83,4,FastFood,Regular,1,8
4479,33.0,2.19,11.44,19.34,6,Asian,Regular,1,6
4480,22.0,0.89,13.33,17.71,0,Vegan,Prime,1,8
4481,40.0,3.66,26.45,16.99,2,Italian,Prime,1,8
4482,,0.75,8.6,15.12,0,Asian,Regular,0,4
4483,29.0,1.47,19.5,21.58,1,Asian,Prime,1,8
4484,51.0,2.11,18.81,21.71,0,FastFood,Regular,1,7
4485,29.0,8.05,42.99,20.05,4,Vegan,Regular,0,6
4486,28.0,3.15,17.45,22.4,5,FastFood,Regular,1,6
4487,,1.54,18.8,12.55,6,Asian,Regular,0,4
4488,16.0,2.05,19.12,19.22,1,FastFood,Regular,0,5
4489,43.0,,23.91,,4,FastFood,Prime,1,9
4490,41.0,4.4,22.97,18.49,2,Italian,Regular,1,8
4491,37.0,1.76,18.44,24.23,2,Italian,Regular,1,8
4492,16.0,1.79,10.7,18.0,4,Vegan,Regular,1,8
4493,30.0,1.47,,22.14,4,Vegan,Prime,1,10
4494,21.0,2.9,19.68,,4,FastFood,Regular,1,8
4495,42.0,4.07,17.33,21.43,0,FastFood,Prime,1,7
4496,41.0,0.8,14.69,19.34,2,Italian,Prime,1,8
4497,35.0,1.62,10.48,17.75,1,Italian,Regular,1,6
4498,21.0,,14.38,13.37,0,Italian,Regular,1,8
4499,45.0,,21.65,20.48,0,Vegan,Regular,1,7
4500,30.0,1.17,15.42,18.03,3,Asian,Prime,1,8
4501,48.0,0.97,17.35,22.76,0,FastFood,Regular,1,7
4502,34.0,3.74,23.63,18.66,5,Italian,Regular,1,7
4503,37.0,1.84,19.33,21.02,0,Italian,Regular,1,8
4504,28.0,1.95,24.4,16.25,1,Italian,Regular,1,7
4505,45.0,2.94,18.59,25.41,6,FastFood,Prime,1,7
4506,37.0,3.95,27.07,15.93,4,Italian,Prime,0,4
4507,45.0,1.6,21.75,18.22,3,Italian,Regular,1,8
4508,34.0,1.62,16.85,23.04,0,FastFood,Regular,1,6
4509,32.0,1.62,21.97,15.76,0,Asian,Regular,1,10
4510,37.0,4.2,20.47,23.25,6,FastFood,Prime,1,10
4511,45.0,1.94,16.76,17.61,5,Italian,Regular,1,5
4512,41.0,1.97,,,6,Italian,Prime,1,9
4513,33.0,2.5,15.32,18.99,5,Vegan,Regular,1,9
4514,16.0,5.51,31.32,19.27,0,FastFood,Regular,1,7
4515,39.0,2.41,13.22,27.75,5,FastFood,Prime,1,9
4516,,1.74,14.41,,3,FastFood,Regular,0,5
4517,32.0,5.86,43.34,12.56,4,Italian,Regular,1,8
4518,31.0,4.18,24.45,18.59,2,FastFood,Regular,1,7
4519,19.0,3.86,28.52,17.32,5,Asian,Regular,1,9
4520,35.0,1.76,15.37,19.87,5,FastFood,Prime,0,6
4521,51.0,,,24.06,6,FastFood,Prime,1,8
4522,29.0,0.84,14.21,21.05,3,Italian,Prime,1,9
4523,39.0,3.42,21.19,16.24,1,Asian,Regular,1,9
4524,53.0,2.1,18.87,,4,Vegan,Regular,1,4
4525,40.0,0.86,19.24,13.92,3,Asian,Prime,1,5
4526,26.0,3.9,21.21,18.42,1,Italian,Regular,1,8
4527,34.0,1.92,17.04,13.25,5,Asian,Prime,1,7
4528,36.0,1.79,17.3,16.12,0,Asian,Regular,1,6
4529,45.0,0.88,10.51,25.26,2,FastFood,Regular,1,7
4530,43.0,2.64,22.55,19.39,4,Italian,Regular,1,10
4531,16.0,2.65,23.06,17.11,6,Asian,Regular,1,6
4532,24.0,1.96,20.72,17.88,4,FastFood,Regular,0,6
4533,31.0,1.6,16.62,17.44,6,Asian,Regular,1,6
4534,23.0,9.82,43.03,17.83,5,Italian,Prime,1,6
4535,16.0,1.04,20.19,,1,Italian,Regular,1,7
4536,25.0,1.35,13.66,23.18,5,FastFood,Regular,0,3
4537,32.0,2.97,25.3,19.16,2,Asian,Regular,0,3
4538,27.0,1.33,15.79,19.86,4,Vegan,Prime,1,7
4539,23.0,1.11,10.85,22.54,1,FastFood,Regular,1,6
4540,32.0,4.31,20.73,17.17,3,Italian,Prime,1,8
4541,35.0,3.23,24.79,24.4,4,FastFood,Prime,1,9
4542,28.0,2.63,23.61,18.34,6,FastFood,Regular,1,6
4543,44.0,2.23,13.99,18.92,6,Vegan,Regular,1,8
4544,33.0,1.58,10.34,21.72,5,Italian,Prime,1,7
4545,24.0,1.75,19.41,17.25,3,Italian,Regular,1,7
4546,22.0,2.22,21.08,16.98,6,FastFood,Prime,1,5
4547,30.0,3.21,18.69,18.35,0,Vegan,Regular,1,8
4548,42.0,2.55,15.36,25.18,6,FastFood,Regular,1,10
4549,25.0,1.21,19.36,11.55,1,Asian,Regular,0,6
4550,37.0,3.11,19.52,21.31,2,FastFood,Regular,1,7
4551,33.0,0.92,17.49,19.1,6,FastFood,Prime,1,7
4552,50.0,1.69,17.71,16.6,5,Asian,Regular,0,7
4553,36.0,1.24,10.54,19.95,5,FastFood,Prime,1,8
4554,26.0,1.26,18.58,19.31,4,Asian,Regular,1,7
4555,39.0,6.68,33.35,21.16,4,FastFood,Prime,1,7
4556,39.0,1.03,9.17,19.43,1,Asian,Prime,1,10
4557,28.0,1.28,15.45,20.08,6,Asian,Regular,1,7
4558,,2.67,22.85,17.07,4,Asian,Regular,1,8
4559,37.0,1.79,17.03,19.92,4,FastFood,Prime,1,8
4560,33.0,2.52,13.63,17.91,2,Asian,Prime,1,8
4561,18.0,4.42,22.38,21.1,6,Vegan,Regular,1,7
4562,34.0,2.89,21.45,17.54,3,FastFood,Regular,1,9
4563,26.0,1.79,19.36,21.71,1,FastFood,Prime,1,8
4564,18.0,1.87,23.17,16.39,1,Asian,Regular,1,6
4565,29.0,2.7,16.75,19.74,4,FastFood,Regular,1,8
4566,44.0,2.86,16.25,15.34,5,Asian,Regular,1,7
4567,43.0,2.04,,15.5,1,Asian,Regular,1,8
4568,41.0,2.82,17.5,24.77,4,FastFood,Prime,0,5
4569,,2.46,21.87,17.55,6,Italian,Regular,1,7
4570,37.0,2.2,21.76,21.47,3,Italian,Prime,0,7
4571,33.0,1.44,20.15,21.39,6,FastFood,Regular,1,10
4572,22.0,3.03,24.66,16.33,1,Vegan,Regular,1,5
4573,24.0,2.36,20.62,21.57,2,FastFood,Regular,1,8
4574,27.0,0.64,15.92,15.41,3,Italian,Regular,1,7
4575,45.0,,16.34,18.46,2,Asian,Prime,1,7
4576,42.0,1.55,17.32,20.38,0,FastFood,Regular,1,5
4577,22.0,2.07,15.52,19.05,3,Asian,Prime,1,9
4578,32.0,3.9,15.82,25.3,2,FastFood,Regular,1,7
4579,28.0,11.72,66.75,13.99,1,Italian,Regular,1,7
4580,31.0,0.52,15.54,19.62,2,FastFood,Regular,1,9
4581,27.0,2.74,12.2,14.1,2,Asian,Prime,1,8
4582,45.0,2.09,22.39,22.18,6,Asian,Regular,1,7
4583,32.0,1.82,18.35,15.94,3,Asian,Regular,1,6
4584,34.0,2.71,25.97,15.82,2,Vegan,Regular,1,6
4585,34.0,2.19,12.0,22.38,2,Asian,Regular,1,9
4586,23.0,1.65,13.46,15.26,4,Asian,Regular,1,8
4587,33.0,2.05,18.11,14.28,1,Italian,Regular,1,9
4588,42.0,3.15,23.26,16.26,6,Vegan,Prime,1,7
4589,45.0,2.6,15.34,17.34,2,Asian,Regular,1,8
4590,22.0,2.23,24.08,19.63,2,Vegan,Regular,1,9
4591,18.0,1.46,19.63,18.49,0,FastFood,Regular,0,6
4592,33.0,10.92,54.9,17.24,6,Italian,Prime,1,10
4593,42.0,2.45,,17.13,3,Asian,Regular,1,8
4594,35.0,3.06,14.76,24.97,0,FastFood,Regular,1,7
4595,38.0,1.75,17.31,22.0,1,FastFood,Prime,1,5
4596,20.0,2.24,18.66,17.92,2,Vegan,Regular,1,8
4597,,2.23,16.85,17.91,5,Italian,Regular,1,8
4598,16.0,0.7,12.99,23.31,0,FastFood,Regular,1,9
4599,31.0,1.36,14.18,26.04,0,FastFood,Regular,1,6
4600,16.0,,14.9,15.63,3,Italian,Prime,1,8
4601,44.0,1.66,15.8,21.4,3,Italian,Prime,1,6
4602,46.0,1.29,20.36,18.62,6,Vegan,Prime,1,6
4603,33.0,2.37,19.37,,5,Vegan,Prime,1,9
4604,18.0,4.99,35.76,12.63,4,Asian,Prime,1,10
4605,35.0,2.16,20.48,,2,Asian,Regular,1,9
4606,49.0,1.05,19.9,25.36,4,FastFood,Regular,0,6
4607,36.0,1.14,15.64,17.91,4,Vegan,Regular,1,10
4608,43.0,1.88,14.79,20.36,1,FastFood,Prime,1,8
4609,28.0,1.06,10.15,15.65,2,FastFood,Prime,0,7
4610,24.0,2.74,17.29,21.63,6,Vegan,Prime,1,7
4611,31.0,4.24,26.69,19.42,3,Vegan,Regular,1,3
4612,16.0,1.47,14.1,16.34,3,FastFood,Regular,1,7
4613,52.0,2.41,23.03,17.49,5,Asian,Prime,1,8
4614,33.0,1.59,23.76,14.89,1,Italian,Regular,1,8
4615,40.0,,14.85,22.67,1,FastFood,Regular,1,7
4616,28.0,2.24,16.54,17.75,6,FastFood,Regular,1,8
4617,18.0,1.4,12.08,22.01,5,FastFood,Regular,1,10
4618,45.0,1.29,11.44,16.8,2,Italian,Regular,1,8
4619,22.0,0.95,18.75,12.35,6,Italian,Prime,1,7
4620,35.0,2.4,19.77,21.09,2,Italian,Prime,0,3
4621,,,16.96,24.15,4,FastFood,Regular,1,6
4622,33.0,2.97,20.35,18.04,0,Vegan,Regular,1,9
4623,25.0,5.26,26.03,17.66,4,Asian,Prime,1,8
4624,31.0,1.39,20.14,20.73,1,Vegan,Regular,0,6
4625,23.0,3.22,23.98,22.41,1,FastFood,Regular,1,8
4626,39.0,1.1,11.2,22.99,5,Italian,Regular,1,7
4627,37.0,2.97,23.1,18.0,1,Asian,Regular,1,7
4628,32.0,4.97,24.49,19.93,3,FastFood,Regular,1,7
4629,27.0,3.05,23.76,22.28,6,FastFood,Prime,1,10
4630,51.0,5.02,23.93,19.71,6,FastFood,Regular,1,6
4631,20.0,1.45,16.05,17.8,3,FastFood,Regular,1,9
4632,18.0,1.87,12.75,21.67,0,Italian,Regular,1,8
4633,31.0,1.4,15.99,22.6,2,FastFood,Prime,1,9
4634,30.0,2.05,19.47,15.42,4,FastFood,Regular,1,7
4635,42.0,2.34,24.57,15.36,2,Asian,Regular,1,5
4636,38.0,2.04,17.64,23.27,5,FastFood,Regular,1,6
4637,32.0,1.78,21.88,16.31,6,FastFood,Prime,1,7
4638,37.0,1.77,18.21,15.19,4,Asian,Prime,0,6
4639,36.0,2.43,22.45,28.98,4,FastFood,Regular,1,9
4640,51.0,1.84,18.97,20.01,3,FastFood,Regular,1,8
4641,34.0,1.07,16.9,24.25,1,FastFood,Regular,1,8
4642,26.0,0.82,10.16,25.5,4,FastFood,Prime,1,10
4643,34.0,1.67,21.58,16.14,6,Italian,Prime,1,6
4644,16.0,1.08,15.04,21.8,4,FastFood,Prime,1,5
4645,32.0,,12.81,27.18,5,FastFood,Regular,1,5
4646,42.0,1.6,17.89,20.79,6,Vegan,Regular,1,9
4647,37.0,1.86,24.26,26.12,2,Vegan,Regular,1,5
4648,35.0,1.61,15.48,19.09,2,FastFood,Prime,1,8
4649,38.0,6.72,23.66,26.39,6,FastFood,Regular,1,6
4650,42.0,1.01,16.22,18.54,3,Italian,Regular,1,8
4651,45.0,4.5,25.83,16.21,5,Asian,Prime,0,6
4652,36.0,1.84,16.97,18.54,4,Asian,Regular,1,8
4653,29.0,1.61,14.9,20.67,0,FastFood,Prime,1,8
4654,16.0,2.78,22.11,20.75,2,FastFood,Regular,1,8
4655,41.0,1.57,15.46,19.76,2,Italian,Regular,1,9
4656,,1.29,20.74,14.44,1,Vegan,Regular,1,9
4657,33.0,5.39,29.15,17.26,5,Vegan,Regular,1,7
4658,26.0,0.69,16.16,23.17,6,FastFood,Prime,1,7
4659,41.0,1.76,21.09,21.08,6,Italian,Regular,1,8
4660,30.0,2.24,12.19,22.07,1,FastFood,Regular,1,10
4661,32.0,4.37,34.24,17.66,3,Asian,Regular,1,7
4662,31.0,1.86,14.01,20.63,1,Vegan,Prime,1,9
4663,,10.01,48.29,20.99,0,Italian,Prime,1,9
4664,22.0,3.52,29.47,16.72,4,FastFood,Prime,1,9
4665,37.0,0.55,13.36,17.18,6,Italian,Regular,1,9
4666,26.0,0.91,15.2,18.31,0,Italian,Regular,1,6
4667,26.0,2.29,22.21,17.47,4,Asian,Regular,1,6
4668,40.0,1.07,17.45,14.67,0,FastFood,Regular,1,7
4669,23.0,2.72,21.74,15.98,5,Vegan,Regular,0,7
4670,,1.57,15.05,,0,FastFood,Regular,1,9
4671,33.0,1.04,13.0,24.04,3,FastFood,Regular,1,7
4672,17.0,1.36,12.7,,0,FastFood,Prime,1,10
4673,44.0,3.22,20.69,19.0,2,FastFood,Regular,1,7
4674,35.0,0.76,13.81,22.59,3,FastFood,Prime,1,7
4675,36.0,4.12,30.55,16.21,3,Asian,Prime,1,7
4676,41.0,3.64,21.33,23.64,5,FastFood,Regular,0,5
4677,45.0,1.68,17.26,20.34,6,FastFood,Regular,1,7
4678,34.0,1.07,11.96,17.65,2,FastFood,Prime,1,10
4679,38.0,2.73,24.21,25.26,6,FastFood,Regular,1,8
4680,35.0,1.54,11.94,22.96,2,Vegan,Regular,1,7
4681,,0.88,19.77,16.82,0,Vegan,Regular,1,7
4682,18.0,6.62,23.34,22.19,4,FastFood,Prime,1,8
4683,34.0,1.42,20.48,16.22,5,Asian,Prime,1,6
4684,44.0,1.03,14.64,18.49,2,Asian,Prime,1,7
4685,37.0,2.36,18.7,17.05,4,Vegan,Regular,1,8
4686,22.0,1.94,16.1,23.62,3,FastFood,Regular,1,7
4687,42.0,5.24,25.41,24.58,1,FastFood,Prime,1,7
4688,29.0,1.88,20.13,16.04,2,Italian,Prime,1,10
4689,16.0,1.64,,19.69,2,Vegan,Regular,1,10
4690,41.0,2.78,24.19,19.92,2,Asian,Prime,1,10
4691,23.0,2.58,24.5,15.9,6,Italian,Prime,1,9
4692,48.0,2.29,17.82,18.99,2,FastFood,Regular,1,8
4693,42.0,2.34,17.81,18.59,4,Asian,Regular,1,7
4694,30.0,2.2,16.65,19.05,0,Vegan,Regular,1,8
4695,36.0,1.84,25.1,14.4,2,Italian,Prime,1,9
4696,,3.18,26.26,16.23,6,Asian,Regular,0,6
4697,41.0,1.65,13.74,23.04,6,Italian,Regular,0,6
4698,34.0,3.13,16.9,23.86,6,Italian,Regular,1,3
4699,58.0,4.97,29.49,16.84,0,Italian,Prime,0,7
4700,33.0,1.6,9.03,14.81,6,Asian,Prime,1,9
4701,37.0,8.69,38.71,18.22,1,Vegan,Prime,1,7
4702,24.0,1.36,16.27,23.18,0,Italian,Regular,1,8
4703,17.0,1.37,20.16,23.53,0,FastFood,Regular,1,8
4704,29.0,2.71,20.86,22.31,5,Italian,Regular,1,5
4705,32.0,2.57,14.68,24.0,4,FastFood,Regular,1,7
4706,35.0,2.09,17.49,17.04,4,FastFood,Regular,1,6
4707,19.0,3.63,,18.15,6,FastFood,Prime,1,7
4708,38.0,2.31,9.33,16.69,0,Italian,Regular,1,8
4709,25.0,6.27,33.94,19.43,0,FastFood,Regular,1,7
4710,37.0,1.96,21.78,18.97,6,FastFood,Regular,1,8
4711,40.0,1.45,16.86,15.65,4,Asian,Prime,1,9
4712,28.0,1.49,,22.92,5,FastFood,Regular,1,7
4713,23.0,2.61,20.8,18.85,3,Italian,Regular,0,6
4714,46.0,2.63,16.56,22.92,1,Vegan,Regular,1,9
4715,40.0,2.26,19.65,19.15,3,Italian,Regular,1,9
4716,33.0,1.26,16.97,18.97,6,FastFood,Regular,1,8
4717,45.0,3.71,25.06,21.57,0,FastFood,Regular,1,9
4718,33.0,6.72,37.61,14.57,0,Italian,Prime,1,9
4719,26.0,2.05,24.52,12.49,2,Italian,Regular,1,9
4720,23.0,5.45,23.97,,3,FastFood,Regular,1,6
4721,31.0,3.24,17.52,21.15,4,Italian,Regular,1,7
4722,39.0,6.82,31.01,18.69,1,Italian,Regular,1,8
4723,45.0,2.61,22.32,19.83,6,FastFood,Regular,1,7
4724,32.0,2.17,19.64,15.01,1,Italian,Regular,1,10
4725,43.0,3.68,10.91,24.5,1,FastFood,Prime,1,8
4726,30.0,1.82,19.43,22.48,6,FastFood,Prime,1,6
4727,25.0,2.9,26.4,17.7,2,Asian,Prime,1,8
4728,20.0,4.19,21.74,,4,FastFood,Regular,1,8
4729,27.0,3.63,25.56,17.28,3,Italian,Prime,1,7
4730,21.0,2.28,20.56,15.61,1,Italian,Prime,1,8
4731,50.0,2.25,13.99,21.76,3,FastFood,Regular,1,7
4732,36.0,3.05,29.17,17.99,5,Vegan,Regular,0,5
4733,31.0,3.45,21.29,19.73,0,FastFood,Prime,1,8
4734,,3.5,20.74,26.15,6,FastFood,Prime,1,10
4735,20.0,2.43,20.65,19.37,1,Vegan,Regular,1,10
4736,31.0,,19.37,11.11,6,Asian,Regular,1,6
4737,50.0,1.4,18.11,15.71,6,Asian,Regular,1,6
4738,31.0,2.6,19.59,18.0,6,FastFood,Regular,1,7
4739,,3.66,26.77,20.58,4,FastFood,Prime,1,10
4740,39.0,2.96,28.18,13.58,6,Asian,Regular,1,7
4741,44.0,1.6,21.23,22.3,6,FastFood,Prime,1,9
4742,44.0,,19.11,20.11,4,FastFood,Prime,1,7
4743,32.0,1.06,16.64,15.86,6,Asian,Regular,0,7
4744,28.0,1.08,17.96,21.45,2,FastFood,Prime,1,8
4745,31.0,2.42,19.97,20.77,5,FastFood,Prime,1,9
4746,23.0,,25.27,,6,FastFood,Regular,1,6
4747,31.0,2.13,12.59,17.92,4,Italian,Regular,1,6
4748,,6.61,29.09,18.45,0,Italian,Prime,1,8
4749,47.0,1.84,,20.46,1,Vegan,Regular,1,8
4750,37.0,2.05,17.95,21.65,1,FastFood,Regular,1,9
4751,53.0,1.17,14.65,24.38,3,FastFood,Regular,0,3
4752,16.0,1.66,18.39,,3,Italian,Regular,1,6
4753,21.0,1.05,15.21,19.12,5,Italian,Regular,1,7
4754,29.0,0.86,14.69,24.86,1,Italian,Regular,1,8
4755,45.0,1.06,12.75,19.39,1,Vegan,Regular,1,6
4756,31.0,2.11,22.02,18.49,4,Italian,Regular,1,7
4757,19.0,1.54,19.22,,0,Italian,Prime,1,7
4758,30.0,1.53,19.85,17.5,6,Vegan,Regular,1,7
4759,21.0,2.9,23.71,20.68,0,FastFood,Prime,1,7
4760,19.0,0.99,14.1,20.99,3,Vegan,Prime,1,7
4761,50.0,2.11,14.62,20.19,6,Italian,Regular,1,8
4762,29.0,3.21,30.51,19.35,3,Italian,Regular,1,9
4763,34.0,3.37,21.56,21.75,5,Vegan,Regular,0,6
4764,31.0,3.08,23.66,15.9,2,Italian,Prime,1,10
4765,30.0,1.96,22.5,19.77,5,Italian,Regular,1,9
4766,24.0,1.43,14.62,21.04,4,FastFood,Regular,1,7
4767,29.0,1.92,20.78,17.3,3,Asian,Regular,0,7
4768,35.0,5.0,30.16,17.56,0,Italian,Regular,1,8
4769,45.0,2.69,19.01,18.14,6,FastFood,Prime,0,5
4770,41.0,2.18,22.19,14.08,0,Asian,Prime,1,7
4771,21.0,2.75,20.99,17.77,2,Asian,Regular,1,8
4772,41.0,2.07,18.63,19.79,4,Italian,Regular,1,9
4773,36.0,2.28,18.16,20.61,5,FastFood,Regular,1,7
4774,26.0,1.76,18.99,18.46,3,Italian,Regular,1,6
4775,,1.6,18.44,18.84,2,FastFood,Regular,1,8
4776,37.0,3.48,11.19,22.51,2,FastFood,Regular,1,6
4777,32.0,0.79,19.0,18.66,6,Italian,Prime,1,9
4778,36.0,2.62,19.81,19.9,2,FastFood,Regular,1,7
4779,24.0,1.78,23.45,23.6,5,FastFood,Prime,1,7
4780,50.0,0.71,12.88,18.55,0,Asian,Regular,1,10
4781,16.0,1.18,19.56,16.39,4,FastFood,Regular,1,7
4782,37.0,1.97,19.04,19.64,4,Vegan,Regular,1,6
4783,35.0,2.13,21.68,16.82,4,Vegan,Regular,1,7
4784,38.0,3.03,26.53,18.86,2,Italian,Regular,1,5
4785,,3.61,34.57,10.67,4,Vegan,Prime,1,9
4786,43.0,0.99,14.26,20.05,3,Vegan,Prime,1,9
4787,31.0,2.85,20.13,23.14,4,FastFood,Prime,1,10
4788,21.0,3.01,20.54,16.73,6,Asian,Regular,1,8
4789,22.0,2.27,18.21,17.51,4,FastFood,Regular,1,7
4790,33.0,2.65,15.58,21.7,5,Asian,Regular,1,8
4791,18.0,0.8,13.66,21.51,6,Italian,Prime,1,10
4792,48.0,1.34,17.39,19.41,1,FastFood,Prime,1,9
4793,41.0,4.27,28.58,20.22,4,FastFood,Regular,0,6
4794,48.0,1.99,19.61,13.95,4,Vegan,Prime,1,9
4795,47.0,6.84,29.91,,4,FastFood,Regular,0,6
4796,29.0,1.0,16.11,16.89,0,FastFood,Regular,1,6
4797,24.0,4.76,23.63,23.0,5,FastFood,Regular,1,6
4798,16.0,1.44,18.82,21.17,1,Italian,Regular,1,5
4799,28.0,3.72,26.58,16.83,2,Asian,Prime,1,7
4800,48.0,1.97,14.05,14.45,4,Asian,Prime,1,7
4801,25.0,2.15,16.75,21.75,1,Italian,Regular,1,10
4802,30.0,2.79,18.34,21.01,0,FastFood,Regular,1,6
4803,27.0,1.44,16.94,21.28,4,FastFood,Regular,1,8
4804,35.0,3.13,20.21,16.08,1,Italian,Regular,1,7
4805,44.0,1.74,17.08,17.46,5,Asian,Regular,1,8
4806,18.0,2.22,24.04,16.51,6,Asian,Regular,1,7
4807,20.0,0.47,16.84,15.05,2,Italian,Regular,1,6
4808,45.0,1.67,19.59,21.98,5,Italian,Regular,1,8
4809,39.0,4.03,19.2,23.07,1,Italian,Regular,1,7
4810,30.0,3.39,22.34,21.15,6,Italian,Prime,1,7
4811,47.0,3.28,20.86,20.76,1,Italian,Regular,0,5
4812,20.0,2.07,18.09,21.24,6,Asian,Regular,1,8
4813,40.0,5.06,31.04,15.78,5,Italian,Regular,1,7
4814,31.0,2.71,20.3,16.53,2,Vegan,Prime,1,8
4815,37.0,1.4,15.53,17.42,5,Italian,Regular,1,8
4816,16.0,3.22,20.05,21.89,4,FastFood,Regular,1,8
4817,30.0,3.85,23.03,20.12,4,FastFood,Prime,1,9
4818,39.0,3.27,21.69,15.85,2,Italian,Prime,1,6
4819,31.0,1.61,,18.51,1,Italian,Regular,1,8
4820,43.0,,21.55,18.25,4,Italian,Regular,1,6
4821,43.0,4.98,25.69,19.02,0,Asian,Prime,1,6
4822,23.0,2.62,25.22,21.13,2,FastFood,Regular,1,7
4823,39.0,0.89,15.88,12.43,0,Asian,Regular,1,7
4824,23.0,1.43,14.33,17.93,0,Asian,Regular,1,10
4825,32.0,1.39,15.74,22.61,0,Italian,Regular,1,9
4826,38.0,1.33,15.66,18.58,0,Italian,Regular,1,8
4827,24.0,0.63,10.05,23.96,6,FastFood,Regular,1,7
4828,39.0,5.7,,17.19,5,Italian,Regular,1,7
4829,27.0,1.24,18.76,18.36,6,Asian,Regular,1,10
4830,27.0,,22.78,17.42,0,Vegan,Regular,1,7
4831,38.0,0.8,15.29,17.86,6,Italian,Prime,1,9
4832,24.0,3.24,16.85,20.28,4,FastFood,Regular,1,10
4833,24.0,1.92,11.28,18.14,5,Asian,Regular,1,6
4834,41.0,1.66,22.37,15.02,6,Asian,Regular,1,8
4835,33.0,1.71,13.5,16.61,1,FastFood,Regular,1,7
4836,19.0,2.78,23.57,18.13,5,Asian,Regular,1,6
4837,40.0,1.55,13.81,22.3,4,FastFood,Regular,0,6
4838,28.0,0.78,6.46,21.34,2,FastFood,Prime,1,7
4839,19.0,0.99,22.78,23.8,3,FastFood,Regular,1,8
4840,16.0,1.11,10.83,20.39,1,FastFood,Prime,1,9
4841,40.0,2.69,18.44,20.29,1,Vegan,Prime,1,9
4842,24.0,3.36,23.9,17.59,6,Italian,Regular,1,7
4843,21.0,4.51,23.45,20.22,5,FastFood,Regular,1,8
4844,,0.94,17.7,19.38,3,Italian,Prime,1,10
4845,39.0,2.83,17.54,24.39,4,Italian,Regular,1,6
4846,25.0,1.65,18.28,23.23,2,FastFood,Prime,1,7
4847,40.0,11.56,42.47,22.65,1,FastFood,Prime,1,9
4848,50.0,4.31,18.59,18.86,6,Asian,Regular,0,6
4849,44.0,5.91,36.61,13.96,6,FastFood,Prime,0,6
4850,43.0,,18.07,17.77,1,Asian,Regular,1,9
4851,35.0,2.48,15.3,23.73,5,FastFood,Regular,1,7
4852,28.0,1.61,17.02,17.2,3,Asian,Regular,1,9
4853,31.0,1.45,13.29,16.9,4,Asian,Regular,1,7
4854,36.0,1.49,15.97,18.18,0,FastFood,Prime,1,7
4855,21.0,3.25,23.74,19.7,3,FastFood,Prime,1,10
4856,25.0,4.75,25.55,17.17,0,Vegan,Regular,1,8
4857,19.0,1.65,18.0,21.1,5,Italian,Regular,0,4
4858,34.0,1.35,16.07,20.6,2,Asian,Regular,1,7
4859,33.0,0.89,13.34,26.81,1,FastFood,Regular,1,8
4860,26.0,2.3,19.37,18.45,4,FastFood,Regular,1,6
4861,39.0,3.96,30.62,,6,Italian,Regular,1,8
4862,23.0,4.68,26.9,17.4,2,Vegan,Prime,0,6
4863,26.0,4.3,31.23,17.94,5,FastFood,Regular,1,8
4864,39.0,2.53,28.83,14.59,4,Asian,Regular,1,5
4865,40.0,2.12,19.86,15.76,3,Asian,Regular,1,6
4866,25.0,4.08,20.26,23.62,5,FastFood,Regular,1,8
4867,34.0,1.09,16.52,18.85,0,FastFood,Regular,1,9
4868,25.0,1.58,16.73,24.16,6,FastFood,Regular,1,7
4869,30.0,,26.74,22.06,2,Italian,Regular,1,8
4870,33.0,1.28,16.6,17.68,0,Asian,Prime,0,4
4871,37.0,1.98,16.19,21.7,6,Italian,Regular,0,4
4872,35.0,2.85,24.71,16.92,5,FastFood,Regular,1,8
4873,34.0,2.42,24.47,15.66,5,Asian,Prime,1,8
4874,22.0,3.79,24.96,18.99,1,Italian,Regular,1,8
4875,35.0,5.36,30.5,19.08,5,Italian,Prime,1,8
4876,37.0,2.62,18.67,22.22,4,Italian,Regular,1,7
4877,38.0,4.33,28.16,18.0,6,FastFood,Regular,1,8
4878,26.0,1.21,19.86,15.71,2,Asian,Regular,1,7
4879,40.0,1.85,16.59,18.28,6,Italian,Regular,1,6
4880,20.0,8.69,,17.15,4,Italian,Prime,1,9
4881,28.0,5.86,35.08,17.87,1,FastFood,Regular,1,6
4882,30.0,1.15,,17.26,1,Italian,Prime,1,10
4883,21.0,2.3,20.76,,6,Italian,Prime,1,6
4884,29.0,2.5,20.26,25.34,4,FastFood,Prime,1,8
4885,34.0,2.91,23.03,16.64,0,Vegan,Prime,1,10
4886,16.0,4.06,22.15,,0,Asian,Regular,1,10
4887,28.0,5.54,24.76,24.82,5,FastFood,Regular,0,5
4888,16.0,2.36,21.35,15.77,1,Asian,Prime,1,10
4889,50.0,3.73,17.44,19.18,1,Italian,Regular,1,8
4890,34.0,2.88,18.17,21.11,4,Vegan,Regular,1,7
4891,33.0,1.99,16.45,22.23,6,FastFood,Regular,1,8
4892,34.0,0.79,14.15,21.25,2,FastFood,Regular,1,6
4893,37.0,4.05,25.83,16.74,4,Italian,Prime,1,6
4894,41.0,2.81,14.5,22.99,4,FastFood,Regular,0,6
4895,18.0,2.49,18.88,16.1,4,Asian,Regular,1,8
4896,44.0,1.35,14.51,18.57,4,Italian,Prime,1,7
4897,43.0,5.92,28.59,21.53,1,FastFood,Regular,0,5
4898,31.0,2.52,26.59,20.73,4,Italian,Prime,1,7
4899,31.0,1.07,17.86,24.9,0,Vegan,Regular,1,7
4900,16.0,0.98,16.82,15.23,5,Asian,Regular,1,7
4901,21.0,2.92,14.1,18.64,5,Italian,Regular,1,8
4902,37.0,2.97,24.81,16.55,5,FastFood,Regular,1,7
4903,43.0,1.56,18.07,25.44,0,FastFood,Regular,1,6
4904,39.0,2.6,21.18,19.62,6,Vegan,Regular,1,10
4905,31.0,2.91,20.26,16.28,3,Asian,Regular,0,6
4906,49.0,2.17,22.95,18.64,0,Italian,Regular,1,9
4907,41.0,1.37,20.93,19.79,3,Vegan,Regular,1,8
4908,28.0,3.42,22.97,18.8,4,FastFood,Regular,1,9
4909,52.0,3.67,26.74,19.85,2,Asian,Prime,1,9
4910,22.0,3.16,16.92,22.93,5,FastFood,Prime,1,9
4911,19.0,1.46,17.51,23.35,3,FastFood,Prime,1,8
4912,28.0,0.97,12.53,16.73,1,Italian,Regular,1,7
4913,25.0,2.1,14.04,16.59,4,Italian,Regular,1,9
4914,29.0,3.36,18.65,19.18,1,Vegan,Regular,1,7
4915,39.0,4.1,16.2,23.4,0,FastFood,Prime,1,8
4916,32.0,3.19,21.74,18.2,1,Asian,Prime,1,9
4917,32.0,1.57,22.42,15.13,6,Asian,Regular,1,8
4918,33.0,1.29,13.88,18.6,4,Asian,Regular,1,6
4919,16.0,2.29,19.34,16.78,2,Vegan,Prime,1,9
4920,18.0,2.01,17.09,16.78,2,Italian,Regular,1,6
4921,29.0,3.7,21.43,18.91,6,Italian,Regular,1,8
4922,24.0,1.55,19.42,17.49,4,FastFood,Regular,1,8
4923,30.0,1.86,18.36,,5,FastFood,Prime,1,10
4924,45.0,6.24,24.95,23.85,4,Vegan,Regular,1,8
4925,31.0,,25.64,22.05,6,Italian,Regular,1,9
4926,20.0,1.24,20.72,27.87,4,FastFood,Regular,1,6
4927,25.0,4.52,23.92,22.35,2,FastFood,Regular,1,8
4928,47.0,1.25,21.82,20.18,1,Italian,Prime,1,7
4929,46.0,1.82,19.55,16.63,0,Asian,Prime,1,10
4930,37.0,1.69,18.37,19.95,5,FastFood,Regular,1,6
4931,18.0,1.93,20.79,19.09,6,Asian,Regular,1,6
4932,35.0,3.26,21.01,22.04,4,Italian,Prime,1,9
4933,35.0,2.46,16.11,18.89,3,Asian,Prime,1,10
4934,32.0,2.82,24.28,18.48,0,FastFood,Regular,1,9
4935,27.0,1.61,16.17,17.94,4,Asian,Regular,1,7
4936,29.0,2.47,21.86,18.69,1,FastFood,Regular,1,6
4937,26.0,2.42,20.11,17.66,4,Italian,Prime,1,8
4938,,0.94,21.14,20.93,2,Asian,Regular,1,8
4939,44.0,2.63,26.57,14.12,6,Asian,Regular,1,7
4940,40.0,2.44,12.26,27.51,6,FastFood,Prime,1,7
4941,29.0,1.36,22.51,21.04,1,Vegan,Regular,1,9
4942,35.0,1.83,22.29,19.6,2,FastFood,Prime,0,8
4943,36.0,1.62,14.4,18.68,6,Italian,Regular,1,10
4944,53.0,1.76,13.25,17.58,0,Vegan,Regular,1,5
4945,40.0,6.09,38.58,17.08,3,Italian,Prime,1,7
4946,40.0,7.31,35.72,17.18,0,Asian,Prime,1,9
4947,32.0,0.52,18.1,17.64,3,Italian,Prime,1,8
4948,28.0,3.03,28.09,14.76,0,Asian,Prime,1,8
4949,44.0,3.4,21.98,16.47,0,Asian,Regular,1,6
4950,38.0,1.79,15.13,13.84,2,Asian,Regular,1,6
4951,25.0,3.35,22.54,17.18,0,FastFood,Regular,1,10
4952,36.0,5.75,36.04,13.92,5,Asian,Prime,1,6
4953,40.0,0.95,17.12,26.01,4,FastFood,Regular,1,5
4954,16.0,2.49,22.28,20.64,3,Vegan,Prime,1,7
4955,24.0,6.79,33.48,22.79,3,FastFood,Prime,1,9
4956,35.0,1.17,16.82,21.03,5,FastFood,Prime,1,8
4957,16.0,2.17,17.95,20.92,5,Vegan,Prime,1,9
4958,16.0,1.57,13.29,24.53,0,FastFood,Regular,1,6
4959,30.0,3.59,23.84,19.56,4,Italian,Regular,1,8
4960,36.0,4.46,23.11,20.94,3,Asian,Prime,1,8
4961,37.0,2.2,22.03,20.89,5,FastFood,Regular,1,9
4962,46.0,2.05,17.65,22.8,5,FastFood,Regular,1,10
4963,33.0,0.9,15.64,20.33,4,Italian,Prime,1,8
4964,29.0,4.4,,18.2,4,FastFood,Regular,1,9
4965,20.0,1.66,12.71,21.13,1,FastFood,Regular,1,8
4966,29.0,1.86,21.69,15.48,5,FastFood,Regular,1,8
4967,38.0,3.44,22.31,18.16,4,Italian,Regular,1,8
4968,39.0,2.58,20.42,20.16,1,FastFood,Prime,1,9
4969,34.0,3.5,20.3,19.98,1,FastFood,Regular,1,9
4970,37.0,2.81,28.11,17.44,3,Italian,Regular,1,8
4971,43.0,2.25,17.17,19.83,2,Italian,Regular,1,8
4972,33.0,2.75,21.54,18.34,4,FastFood,Prime,1,10
4973,44.0,1.25,16.34,26.58,2,FastFood,Prime,1,8
4974,25.0,1.86,21.91,21.09,1,Vegan,Regular,1,7
4975,,3.66,31.57,16.41,2,Italian,Regular,1,5
4976,28.0,1.23,14.87,20.18,5,Italian,Regular,1,8
4977,39.0,1.36,18.16,21.09,5,Italian,Regular,1,8
4978,23.0,1.24,15.27,22.11,2,FastFood,Regular,1,5
4979,29.0,2.19,24.48,14.59,5,Asian,Regular,0,4
4980,16.0,4.36,15.2,25.76,0,Vegan,Regular,1,8
4981,37.0,2.72,20.64,21.29,6,Vegan,Regular,0,5
4982,43.0,0.61,14.15,17.26,5,FastFood,Regular,1,7
4983,40.0,2.88,24.94,21.63,0,FastFood,Regular,0,6
4984,39.0,1.58,11.01,20.34,4,FastFood,Regular,1,7
4985,40.0,3.06,23.46,21.02,3,FastFood,Prime,1,9
4986,38.0,1.85,18.14,17.42,6,FastFood,Regular,1,6
4987,38.0,1.25,13.06,17.13,1,Asian,Regular,1,8
4988,38.0,2.23,18.76,18.51,6,FastFood,Prime,1,7
4989,26.0,,18.53,18.52,6,Vegan,Regular,1,6
4990,30.0,2.74,22.34,22.16,1,FastFood,Prime,1,8
4991,33.0,1.24,13.28,19.57,3,FastFood,Regular,1,8
4992,29.0,1.25,21.41,18.69,4,Vegan,Prime,1,8
4993,18.0,3.01,10.58,18.97,1,Asian,Regular,1,6
4994,21.0,3.71,31.45,16.19,6,Italian,Regular,1,9
4995,34.0,3.19,30.78,16.81,1,Italian,Prime,1,9
4996,40.0,1.62,16.63,17.24,1,FastFood,Prime,1,10
4997,32.0,1.34,15.51,18.53,3,FastFood,Regular,1,6
4998,57.0,1.59,23.07,18.84,3,Italian,Prime,1,10
4999,24.0,3.29,26.36,20.16,0,Italian,Regular,1,9
5000,,1.47,22.06,16.4,6,Italian,Prime,1,9
5001,44.0,3.77,23.24,22.83,1,FastFood,Prime,1,9
5002,42.0,2.86,15.85,17.25,0,Asian,Regular,0,6
5003,38.0,,34.62,13.68,3,Asian,Prime,1,9
5004,42.0,4.16,,21.52,6,FastFood,Prime,1,7
5005,32.0,3.12,23.28,24.58,0,FastFood,Prime,1,8
5006,47.0,0.9,9.33,13.58,3,Italian,Regular,1,7
5007,44.0,3.24,16.36,21.81,6,Asian,Prime,1,7
5008,24.0,2.15,20.0,15.53,6,Asian,Regular,1,9
5009,35.0,1.64,23.84,13.04,1,Asian,Regular,0,6
5010,18.0,4.9,33.22,18.86,4,Italian,Prime,1,10
5011,46.0,1.85,14.19,23.49,5,FastFood,Regular,0,6
5012,34.0,1.73,15.24,17.77,4,Italian,Prime,1,6
5013,44.0,3.74,31.61,21.93,4,FastFood,Regular,1,9
5014,31.0,1.61,16.14,22.09,5,Asian,Regular,1,7
5015,16.0,1.68,17.81,21.62,3,FastFood,Prime,1,10
5016,56.0,1.08,11.04,29.95,0,FastFood,Regular,1,9
5017,33.0,1.28,16.15,21.79,4,Italian,Regular,1,9
5018,23.0,1.34,13.39,18.63,4,Italian,Regular,1,9
5019,42.0,2.83,20.36,19.26,5,Italian,Regular,1,8
5020,50.0,1.15,16.04,17.67,6,Italian,Regular,1,7
5021,30.0,0.72,12.5,20.2,2,Vegan,Regular,1,10
5022,31.0,2.74,23.47,18.35,6,Asian,Prime,1,9
5023,34.0,1.63,18.84,18.37,0,Vegan,Prime,0,5
5024,22.0,2.3,29.47,14.91,6,Italian,Prime,1,9
5025,26.0,4.08,24.56,20.17,0,Asian,Regular,0,6
5026,48.0,2.41,17.98,21.03,4,Italian,Prime,1,10
5027,31.0,4.62,31.31,14.82,4,Italian,Regular,1,6
5028,,2.23,15.88,21.51,4,FastFood,Prime,1,10
5029,28.0,3.5,17.02,21.17,6,Italian,Regular,0,6
5030,42.0,1.71,21.04,23.77,3,FastFood,Prime,1,8
5031,16.0,2.14,17.61,,0,FastFood,Regular,0,4
5032,34.0,1.21,15.33,22.25,4,Vegan,Regular,1,9
5033,54.0,1.48,13.44,21.05,2,FastFood,Prime,1,10
5034,50.0,1.78,16.84,19.51,4,Italian,Regular,1,9
5035,37.0,1.12,13.64,16.11,2,Italian,Prime,1,7
5036,44.0,2.53,28.19,8.23,0,FastFood,Prime,1,8
5037,44.0,1.7,,17.32,4,Vegan,Regular,1,7
5038,31.0,2.29,19.08,22.61,0,FastFood,Regular,1,9
5039,40.0,0.98,13.03,18.92,2,Vegan,Regular,1,8
5040,48.0,3.41,18.26,18.56,4,Asian,Prime,1,8
5041,,5.89,27.32,24.32,6,FastFood,Prime,1,9
5042,37.0,4.56,28.68,20.01,2,FastFood,Regular,1,8
5043,35.0,6.6,29.84,19.71,2,FastFood,Prime,1,9
5044,,2.06,20.27,12.81,2,Italian,Regular,1,10
5045,32.0,1.66,19.06,16.36,4,FastFood,Regular,1,9
5046,34.0,3.03,24.31,,1,Vegan,Prime,1,10
5047,35.0,2.03,15.58,22.67,3,FastFood,Prime,1,7
5048,42.0,,9.57,16.23,5,Asian,Regular,0,4
5049,36.0,3.16,20.85,19.4,0,FastFood,Regular,1,6
5050,30.0,1.77,25.94,17.68,6,Vegan,Regular,1,8
5051,24.0,0.9,16.42,18.66,3,FastFood,Regular,1,7
5052,28.0,1.52,12.64,20.9,4,Italian,Regular,1,8
5053,34.0,2.06,14.63,18.74,4,Italian,Prime,1,9
5054,26.0,2.03,24.69,,6,FastFood,Regular,0,5
5055,41.0,2.04,22.42,11.74,4,Asian,Regular,0,6
5056,36.0,,27.83,22.6,6,FastFood,Prime,0,5
5057,42.0,0.99,19.15,17.24,2,Italian,Regular,1,6
5058,26.0,1.85,18.27,17.77,1,Italian,Regular,1,7
5059,25.0,1.43,15.83,22.02,4,Italian,Prime,1,9
5060,42.0,4.02,21.19,19.83,1,FastFood,Regular,1,10
5061,33.0,1.48,20.25,22.48,0,FastFood,Regular,1,9
5062,30.0,1.67,16.06,17.95,1,FastFood,Regular,1,7
5063,,3.59,20.46,21.11,1,FastFood,Regular,0,6
5064,38.0,4.17,28.96,16.23,0,FastFood,Regular,1,6
5065,,4.53,25.68,19.34,5,Vegan,Regular,1,9
5066,44.0,0.82,13.19,19.5,4,Italian,Regular,0,6
5067,28.0,3.02,21.05,21.38,1,Italian,Prime,1,9
5068,47.0,2.34,17.14,16.37,1,Italian,Regular,1,5
5069,20.0,1.96,15.81,19.41,6,FastFood,Regular,0,6
5070,35.0,2.09,23.2,16.83,6,Italian,Regular,1,10
5071,30.0,4.7,25.39,20.24,0,FastFood,Prime,1,9
5072,16.0,,26.43,18.11,4,FastFood,Regular,1,7
5073,38.0,3.79,27.3,12.89,2,Italian,Prime,1,8
5074,16.0,2.26,25.2,15.79,2,Italian,Regular,1,7
5075,29.0,8.07,30.45,19.36,4,Vegan,Prime,1,8
5076,42.0,1.62,18.26,20.56,6,FastFood,Regular,0,3
5077,27.0,0.83,11.95,19.94,4,Italian,Regular,1,8
5078,24.0,1.74,15.08,23.53,6,FastFood,Regular,1,9
5079,39.0,2.08,21.68,19.65,5,FastFood,Regular,1,7
5080,30.0,4.74,31.47,13.19,5,Asian,Prime,1,9
5081,28.0,1.52,24.03,22.21,5,FastFood,Regular,1,7
5082,43.0,2.64,,18.47,5,Italian,Regular,1,8
5083,21.0,0.89,9.13,17.83,1,Italian,Regular,1,9
5084,28.0,4.2,24.36,24.66,6,FastFood,Prime,1,9
5085,40.0,2.09,15.21,20.76,6,Vegan,Regular,1,9
5086,21.0,1.98,23.34,18.82,4,Italian,Prime,1,9
5087,48.0,7.48,38.39,17.39,4,Asian,Prime,1,9
5088,30.0,3.63,25.15,20.71,6,Italian,Regular,1,8
5089,40.0,,15.53,17.57,1,Vegan,Prime,1,9
5090,40.0,1.9,18.92,18.36,0,FastFood,Regular,1,8
5091,31.0,9.07,46.22,17.89,6,Italian,Regular,1,7
5092,28.0,5.98,27.64,14.17,3,Asian,Regular,1,8
5093,32.0,3.35,22.19,20.86,5,FastFood,Regular,0,4
5094,38.0,0.73,13.34,18.75,3,Italian,Regular,1,5
5095,23.0,4.19,18.43,19.31,3,Vegan,Regular,1,8
5096,21.0,1.63,16.14,17.56,0,Italian,Prime,1,7
5097,45.0,4.17,22.25,20.97,2,Asian,Regular,0,8
5098,,1.35,17.99,19.26,0,Asian,Regular,1,6
5099,35.0,2.63,21.68,16.77,3,Asian,Regular,0,6
5100,30.0,1.42,18.26,19.76,0,Vegan,Regular,1,7
5101,31.0,1.9,,22.08,5,Italian,Prime,1,8
5102,45.0,2.84,20.55,19.25,2,FastFood,Regular,1,6
5103,31.0,0.97,13.46,18.1,5,FastFood,Regular,1,6
5104,29.0,7.42,29.64,19.09,0,Italian,Regular,1,8
5105,30.0,1.32,11.13,17.99,0,Asian,Prime,1,8
5106,,1.11,16.72,,2,Italian,Regular,0,6
5107,26.0,3.27,10.69,23.48,5,FastFood,Prime,1,10
5108,28.0,4.1,28.85,18.8,5,FastFood,Regular,1,5
5109,47.0,1.69,19.83,14.84,3,Italian,Regular,1,9
5110,38.0,1.12,12.11,15.6,4,Asian,Regular,1,6
5111,29.0,1.21,12.39,22.75,4,FastFood,Regular,1,7
5112,41.0,1.14,20.09,16.1,4,Italian,Regular,1,6
5113,18.0,2.39,,12.36,5,Asian,Regular,1,6
5114,44.0,1.94,12.58,19.9,0,Vegan,Regular,1,5
5115,44.0,2.55,15.95,19.3,3,FastFood,Regular,1,7
5116,52.0,2.46,22.58,14.66,5,Vegan,Regular,1,7
5117,41.0,3.17,24.74,18.69,3,Italian,Regular,1,7
5118,36.0,1.61,19.09,16.07,1,Asian,Regular,1,5
5119,44.0,1.34,11.64,26.03,4,FastFood,Regular,0,2
5120,26.0,2.19,16.89,18.73,2,Italian,Regular,1,7
5121,28.0,2.25,21.4,20.02,3,Italian,Prime,1,9
5122,31.0,2.31,22.04,20.95,3,FastFood,Regular,1,8
5123,44.0,1.36,23.31,16.95,4,Italian,Regular,1,10
5124,24.0,2.87,29.56,17.23,6,Italian,Regular,1,7
5125,23.0,1.21,17.98,21.31,4,Italian,Prime,1,9
5126,34.0,1.58,20.04,23.24,6,FastFood,Regular,1,7
5127,38.0,3.75,30.19,14.63,0,Italian,Regular,1,6
5128,26.0,1.08,15.09,17.25,5,FastFood,Regular,1,7
5129,38.0,3.59,27.41,16.16,2,Vegan,Regular,1,8
5130,44.0,1.07,11.55,,5,Vegan,Prime,1,9
5131,43.0,0.84,23.01,15.81,0,FastFood,Regular,1,8
5132,35.0,0.89,9.33,23.36,3,FastFood,Regular,1,9
5133,31.0,2.15,18.51,22.2,0,FastFood,Regular,1,8
5134,48.0,3.46,28.13,18.88,4,Italian,Prime,1,9
5135,32.0,,,18.18,1,Vegan,Prime,1,10
5136,40.0,4.51,17.85,21.59,1,Italian,Prime,1,7
5137,50.0,3.72,20.21,21.34,0,FastFood,Prime,1,10
5138,40.0,1.47,17.27,16.67,1,FastFood,Prime,1,7
5139,23.0,1.27,,17.37,6,FastFood,Regular,1,7
5140,21.0,3.11,24.64,13.05,6,Asian,Regular,1,5
5141,29.0,4.4,23.97,21.62,0,Italian,Regular,1,8
5142,38.0,1.14,15.08,,6,Italian,Regular,1,9
5143,36.0,4.72,29.19,24.26,4,FastFood,Prime,1,7
5144,52.0,0.7,10.25,19.1,2,Vegan,Regular,0,5
5145,36.0,2.5,24.49,16.72,6,FastFood,Regular,1,7
5146,29.0,1.9,26.12,14.47,1,Asian,Regular,1,7
5147,22.0,1.8,16.21,16.73,1,Vegan,Regular,0,4
5148,43.0,2.05,18.76,18.38,1,Italian,Regular,1,7
5149,32.0,1.26,14.42,23.38,1,Vegan,Regular,1,9
5150,18.0,2.57,15.75,25.15,3,FastFood,Regular,1,7
5151,32.0,2.08,22.32,15.83,0,Asian,Regular,1,8
5152,23.0,3.37,23.49,14.29,1,FastFood,Regular,1,8
5153,28.0,4.83,29.89,15.47,2,Italian,Regular,1,7
5154,32.0,2.48,19.13,24.57,4,FastFood,Prime,1,9
5155,24.0,1.28,24.18,21.69,6,FastFood,Regular,1,7
5156,28.0,1.08,15.54,19.93,0,FastFood,Regular,1,8
5157,25.0,5.89,30.74,19.72,4,FastFood,Prime,1,8
5158,26.0,5.49,35.64,16.55,0,Italian,Prime,1,6
5159,23.0,3.28,,15.37,6,Italian,Regular,1,5
5160,28.0,2.08,17.62,27.22,1,FastFood,Regular,1,5
5161,,3.15,16.94,24.31,5,Vegan,Regular,1,7
5162,37.0,4.75,23.16,17.2,5,Vegan,Prime,1,9
5163,34.0,1.43,17.95,15.74,2,FastFood,Regular,1,6
5164,43.0,,17.34,18.94,2,Italian,Prime,1,8
5165,49.0,1.26,16.46,16.65,2,Asian,Prime,1,7
5166,38.0,1.88,18.13,18.51,3,Asian,Regular,0,4
5167,36.0,4.71,25.83,20.72,3,Italian,Regular,1,10
5168,39.0,4.19,27.5,14.19,4,Asian,Prime,1,7
5169,36.0,2.49,17.69,24.84,3,FastFood,Prime,1,7
5170,32.0,0.53,15.49,19.94,5,FastFood,Prime,1,7
5171,32.0,1.4,21.32,18.46,3,Asian,Regular,1,7
5172,23.0,2.45,16.52,17.82,2,Italian,Prime,0,5
5173,40.0,2.06,22.04,19.21,2,Asian,Prime,1,9
5174,32.0,2.36,18.11,13.91,5,FastFood,Prime,1,7
5175,45.0,2.3,19.65,23.22,0,FastFood,Regular,1,7
5176,40.0,1.5,17.35,18.5,2,FastFood,Regular,1,6
5177,26.0,2.01,19.29,21.22,2,FastFood,Regular,1,7
5178,43.0,2.13,13.0,24.73,4,FastFood,Prime,1,9
5179,16.0,1.57,19.78,,0,Italian,Prime,1,9
5180,49.0,5.56,31.92,16.0,3,Italian,Regular,1,9
5181,20.0,,16.74,16.11,4,Asian,Regular,0,3
5182,36.0,0.58,17.06,17.37,6,Italian,Regular,1,6
5183,36.0,5.37,30.93,17.85,3,FastFood,Regular,1,6
5184,42.0,1.45,16.86,17.26,6,Asian,Prime,1,8
5185,29.0,3.3,21.06,21.47,4,FastFood,Regular,1,6
5186,16.0,1.38,9.48,20.8,5,Vegan,Regular,1,7
5187,29.0,3.17,21.29,18.54,1,FastFood,Prime,1,9
5188,30.0,1.96,23.34,16.05,6,Italian,Regular,1,9
5189,16.0,3.49,25.67,19.17,1,Vegan,Regular,1,8
5190,32.0,1.79,14.93,17.86,0,Italian,Regular,1,8
5191,22.0,1.4,12.02,17.91,0,Italian,Regular,1,7
5192,38.0,2.32,24.04,15.3,4,Asian,Regular,1,7
5193,30.0,1.63,10.81,21.99,4,FastFood,Regular,1,9
5194,50.0,0.7,14.24,14.74,1,Asian,Regular,1,8
5195,30.0,1.45,12.55,19.16,6,Vegan,Regular,1,9
5196,,9.76,38.33,18.64,1,Vegan,Regular,1,9
5197,30.0,0.74,16.61,18.41,4,Italian,Regular,1,7
5198,17.0,,19.41,24.56,3,FastFood,Regular,1,8
5199,30.0,1.76,19.06,13.85,4,Asian,Regular,1,7
5200,39.0,5.53,34.25,12.28,5,Italian,Regular,0,6
5201,37.0,1.26,12.65,19.22,6,FastFood,Prime,1,10
5202,29.0,2.13,,17.55,5,FastFood,Regular,1,9
5203,19.0,2.94,22.16,11.96,6,FastFood,Regular,1,8
5204,38.0,1.82,19.55,23.04,6,Italian,Regular,1,8
5205,36.0,1.32,9.09,22.68,2,FastFood,Regular,1,9
5206,40.0,1.99,25.24,23.0,3,FastFood,Regular,1,6
5207,30.0,1.7,16.11,20.14,1,FastFood,Regular,0,7
5208,17.0,1.7,21.64,20.68,6,Vegan,Regular,1,8
5209,37.0,3.86,18.11,19.73,6,FastFood,Prime,1,8
5210,32.0,2.51,12.24,,6,FastFood,Regular,1,7
5211,45.0,2.73,22.33,18.99,5,Italian,Regular,1,6
5212,32.0,2.78,21.49,20.89,5,FastFood,Prime,1,10
5213,32.0,3.41,22.92,19.61,5,Vegan,Regular,1,8
5214,36.0,,24.88,23.6,1,Vegan,Regular,1,7
5215,27.0,1.72,19.75,18.94,1,Italian,Regular,0,5
5216,26.0,3.16,19.84,15.82,3,Italian,Regular,1,7
5217,31.0,1.14,17.33,19.37,2,Italian,Prime,1,6
5218,24.0,0.58,13.55,22.47,5,FastFood,Regular,1,7
5219,30.0,5.5,31.32,20.57,5,FastFood,Regular,1,6
5220,49.0,1.93,18.23,20.84,6,FastFood,Prime,1,9
5221,41.0,2.31,22.45,17.8,5,FastFood,Regular,1,9
5222,35.0,1.03,13.13,18.75,0,Italian,Regular,1,7
5223,46.0,1.0,17.65,17.36,2,FastFood,Regular,1,8
5224,25.0,1.36,14.04,20.25,2,FastFood,Regular,1,7
5225,54.0,2.87,16.88,16.76,4,Italian,Regular,1,7
5226,,1.52,,21.06,2,Italian,Regular,1,6
5227,50.0,1.67,18.6,25.65,6,FastFood,Regular,1,8
5228,50.0,1.54,16.38,17.57,2,FastFood,Prime,1,10
5229,16.0,3.82,27.0,20.99,3,FastFood,Regular,1,8
5230,45.0,3.73,21.01,20.07,5,FastFood,Prime,1,9
5231,29.0,1.54,17.62,18.11,2,Asian,Regular,1,8
5232,27.0,3.37,19.66,19.77,0,Vegan,Prime,1,8
5233,37.0,1.76,11.14,17.49,2,Italian,Regular,1,9
5234,23.0,1.92,14.74,18.74,2,Italian,Prime,1,8
5235,37.0,2.25,23.01,16.48,4,Asian,Prime,1,6
5236,24.0,2.87,16.05,22.63,4,Italian,Regular,0,4
5237,,1.23,15.25,18.62,3,FastFood,Regular,1,8
5238,44.0,3.05,17.15,21.77,2,FastFood,Prime,1,8
5239,35.0,9.15,36.33,19.83,3,Italian,Prime,1,8
5240,29.0,2.23,17.0,,1,Italian,Regular,1,7
5241,37.0,2.36,19.33,20.11,1,FastFood,Prime,1,9
5242,19.0,1.92,12.66,25.1,4,FastFood,Regular,1,9
5243,24.0,2.62,18.23,14.73,6,FastFood,Regular,1,9
5244,28.0,0.83,19.78,17.72,3,FastFood,Regular,1,6
5245,39.0,5.9,32.08,20.23,0,Italian,Prime,1,10
5246,36.0,3.45,29.46,14.89,6,Asian,Regular,1,8
5247,37.0,1.41,14.21,16.06,2,Italian,Regular,1,6
5248,32.0,2.05,11.75,19.6,5,FastFood,Regular,1,8
5249,25.0,1.48,20.21,18.64,6,FastFood,Regular,1,10
5250,45.0,2.37,15.29,18.53,6,Asian,Regular,1,6
5251,26.0,2.08,17.19,20.85,0,Italian,Regular,1,7
5252,36.0,2.63,21.8,21.26,1,FastFood,Prime,1,6
5253,31.0,1.14,13.89,24.16,4,FastFood,Regular,0,5
5254,,1.55,10.82,13.67,5,Asian,Regular,0,5
5255,27.0,3.78,28.55,17.18,5,Asian,Regular,1,10
5256,41.0,1.5,16.39,,3,Vegan,Regular,1,6
5257,,0.47,12.58,21.04,1,Italian,Regular,1,9
5258,41.0,1.85,18.17,22.23,4,Italian,Regular,1,8
5259,,7.59,43.62,16.97,4,Italian,Regular,1,10
5260,28.0,3.21,20.36,23.75,3,FastFood,Regular,1,8
5261,57.0,1.46,,15.98,4,Asian,Regular,0,5
5262,23.0,2.25,20.32,20.05,1,Italian,Prime,1,9
5263,40.0,2.93,12.32,24.93,5,FastFood,Regular,1,8
5264,35.0,0.77,21.84,17.28,0,Vegan,Regular,1,9
5265,31.0,1.26,14.28,13.68,5,Italian,Regular,1,8
5266,34.0,2.51,20.31,26.54,5,FastFood,Regular,1,5
5267,27.0,4.84,24.29,22.46,4,FastFood,Regular,1,8
5268,36.0,1.58,18.96,19.2,5,Vegan,Regular,1,8
5269,35.0,4.77,29.47,19.05,6,Vegan,Regular,1,6
5270,56.0,1.33,16.08,13.05,1,Italian,Regular,0,5
5271,42.0,0.31,12.87,20.08,3,Vegan,Regular,1,5
5272,37.0,3.03,20.6,18.01,4,Vegan,Regular,1,8
5273,37.0,3.12,25.79,17.13,6,Asian,Prime,1,9
5274,49.0,3.02,19.19,19.58,5,Vegan,Regular,1,9
5275,23.0,2.95,35.15,9.72,4,Italian,Regular,1,8
5276,30.0,2.24,23.87,18.18,3,Asian,Regular,0,4
5277,16.0,1.75,20.33,18.99,1,Italian,Regular,1,5
5278,37.0,1.78,20.79,,2,Asian,Regular,1,9
5279,40.0,1.56,15.86,20.45,3,FastFood,Regular,1,8
5280,23.0,1.62,17.95,17.12,6,Asian,Regular,1,8
5281,45.0,0.74,8.0,19.98,6,Vegan,Regular,0,7
5282,26.0,1.03,11.76,21.82,4,FastFood,Regular,1,5
5283,29.0,1.84,23.92,20.83,0,Vegan,Regular,1,10
5284,33.0,0.59,15.91,19.24,5,Italian,Regular,1,7
5285,46.0,0.77,,26.55,3,FastFood,Prime,1,9
5286,24.0,1.68,11.48,18.82,4,FastFood,Regular,1,7
5287,35.0,2.16,19.66,16.1,3,Asian,Prime,1,8
5288,39.0,1.95,18.3,22.9,5,Italian,Prime,1,6
5289,37.0,0.54,13.82,20.54,1,FastFood,Regular,1,7
5290,37.0,4.73,18.82,20.92,1,Italian,Regular,1,8
5291,39.0,1.05,15.83,21.41,1,FastFood,Prime,1,9
5292,27.0,1.28,15.8,17.91,6,Italian,Regular,1,9
5293,47.0,1.01,19.8,22.26,0,Vegan,Regular,1,7
5294,31.0,4.11,21.57,18.24,2,Asian,Regular,1,8
5295,30.0,2.54,19.14,13.32,2,Asian,Regular,1,7
5296,44.0,1.79,24.74,18.95,5,Italian,Prime,0,7
5297,,1.72,14.21,16.71,2,Vegan,Prime,1,9
5298,35.0,2.56,15.27,24.81,6,FastFood,Prime,1,8
5299,25.0,1.17,16.89,26.26,6,FastFood,Prime,1,9
5300,55.0,2.48,22.68,26.62,4,FastFood,Regular,1,8
5301,53.0,1.49,15.99,19.43,2,Italian,Regular,1,8
5302,31.0,3.08,22.25,17.3,4,Italian,Prime,1,10
5303,37.0,3.02,23.89,17.77,4,Asian,Prime,1,7
5304,32.0,1.67,14.79,18.18,0,FastFood,Prime,1,7
5305,29.0,0.75,9.1,28.04,5,FastFood,Prime,1,10
5306,33.0,1.76,19.7,19.87,3,Asian,Regular,1,6
5307,32.0,0.91,17.28,20.35,5,Vegan,Regular,1,9
5308,18.0,2.42,18.18,23.99,4,FastFood,Prime,1,7
5309,34.0,1.75,,19.52,6,FastFood,Regular,1,7
5310,32.0,1.46,22.1,17.68,0,FastFood,Regular,1,7
5311,35.0,0.99,14.92,12.75,0,Italian,Regular,1,6
5312,31.0,3.87,19.26,21.25,0,FastFood,Regular,1,6
5313,29.0,1.57,21.6,20.38,6,FastFood,Regular,1,5
5314,40.0,7.35,28.44,18.25,6,Asian,Regular,1,8
5315,37.0,2.05,18.58,21.04,6,FastFood,Regular,1,7
5316,45.0,2.44,19.17,19.73,2,Italian,Regular,1,7
5317,36.0,2.06,20.43,23.43,1,FastFood,Regular,1,7
5318,30.0,2.43,16.03,15.41,2,Vegan,Regular,1,7
5319,38.0,3.67,18.83,20.76,5,Italian,Regular,0,4
5320,16.0,3.7,25.32,19.78,1,FastFood,Regular,1,9
5321,51.0,0.76,21.54,22.55,3,FastFood,Regular,0,3
5322,34.0,3.22,18.08,,4,Asian,Regular,1,6
5323,52.0,2.65,16.48,22.38,2,Vegan,Regular,1,9
5324,24.0,2.36,13.83,21.39,3,FastFood,Prime,1,9
5325,22.0,5.16,27.16,21.54,4,FastFood,Regular,0,2
5326,35.0,5.28,33.14,23.68,5,FastFood,Regular,1,8
5327,35.0,3.31,15.5,14.6,1,Italian,Regular,1,5
5328,35.0,1.49,10.1,16.84,3,Vegan,Regular,1,9
5329,34.0,1.2,19.49,17.77,1,Italian,Prime,1,9
5330,26.0,3.51,24.51,17.0,0,FastFood,Prime,1,10
5331,19.0,4.25,26.42,16.35,4,Asian,Regular,1,7
5332,35.0,0.76,14.09,16.22,3,Asian,Prime,1,7
5333,20.0,3.66,21.49,21.26,1,FastFood,Regular,1,7
5334,20.0,1.75,19.07,20.83,0,FastFood,Regular,1,7
5335,,0.74,10.62,21.28,6,Italian,Regular,0,6
5336,36.0,2.61,15.71,18.38,5,Asian,Regular,1,5
5337,50.0,3.32,21.75,16.83,6,Asian,Regular,0,5
5338,41.0,1.66,15.99,16.2,0,Asian,Regular,1,6
5339,45.0,1.13,10.77,16.89,0,Asian,Regular,1,7
5340,38.0,5.16,25.95,20.91,1,FastFood,Regular,1,9
5341,35.0,,15.78,28.56,0,FastFood,Regular,1,9
5342,55.0,3.81,24.33,,3,FastFood,Regular,0,6
5343,20.0,0.88,17.24,16.91,4,Vegan,Regular,1,8
5344,28.0,2.53,25.35,15.71,1,Italian,Regular,1,7
5345,29.0,2.49,23.1,21.81,2,FastFood,Regular,1,7
5346,40.0,3.26,24.36,21.69,3,FastFood,Regular,0,3
5347,23.0,5.26,38.45,15.62,2,Asian,Prime,0,4
5348,39.0,,14.42,,3,Asian,Regular,1,8
5349,37.0,2.68,19.85,17.89,4,Asian,Regular,1,6
5350,39.0,1.09,10.38,23.81,6,FastFood,Prime,1,9
5351,39.0,0.94,16.86,22.87,2,Vegan,Regular,1,7
5352,46.0,1.47,24.35,11.89,0,Asian,Regular,0,5
5353,32.0,2.52,17.46,18.65,6,Asian,Regular,1,7
5354,37.0,5.06,30.39,13.9,4,Asian,Regular,0,6
5355,25.0,5.6,,20.2,3,Vegan,Regular,1,8
5356,23.0,1.66,,19.3,5,Vegan,Regular,1,6
5357,48.0,2.38,17.61,18.42,6,Italian,Regular,1,7
5358,25.0,3.89,27.17,15.37,0,Italian,Prime,1,8
5359,38.0,3.07,26.03,21.18,6,Italian,Regular,1,8
5360,37.0,1.83,19.43,13.9,4,Asian,Regular,1,8
5361,43.0,2.41,16.2,18.8,4,Asian,Prime,1,8
5362,17.0,1.9,17.04,16.7,6,FastFood,Regular,1,8
5363,40.0,2.07,13.92,20.95,2,FastFood,Prime,1,8
5364,31.0,1.67,12.56,24.55,5,Vegan,Regular,1,6
5365,27.0,1.89,15.56,26.11,3,Vegan,Regular,1,9
5366,30.0,1.85,12.14,14.97,6,Vegan,Prime,1,10
5367,41.0,1.08,19.55,16.67,3,Italian,Regular,1,6
5368,39.0,3.72,24.01,15.75,5,Asian,Prime,1,9
5369,31.0,2.67,16.4,22.41,3,Asian,Regular,0,7
5370,22.0,6.5,30.0,20.8,2,FastFood,Prime,1,8
5371,22.0,,22.49,24.22,2,FastFood,Regular,1,8
5372,39.0,1.6,19.91,20.34,6,Vegan,Regular,1,9
5373,21.0,1.43,17.93,17.4,5,FastFood,Regular,1,8
5374,31.0,2.38,25.26,13.66,1,Italian,Prime,1,10
5375,56.0,2.73,19.31,15.53,6,Asian,Regular,1,8
5376,36.0,1.76,13.25,22.56,4,Asian,Regular,1,8
5377,39.0,1.03,15.7,21.77,0,FastFood,Prime,0,6
5378,22.0,1.34,19.78,19.53,5,Asian,Regular,1,7
5379,21.0,2.03,21.3,16.75,1,FastFood,Regular,1,7
5380,39.0,3.03,,16.22,6,Asian,Regular,1,6
5381,29.0,0.89,11.45,23.34,3,FastFood,Regular,1,6
5382,43.0,2.33,26.62,14.38,6,Asian,Regular,1,7
5383,33.0,2.27,20.83,16.85,3,Asian,Regular,1,8
5384,64.0,1.57,20.16,18.36,0,FastFood,Regular,1,8
5385,28.0,,15.89,23.48,5,FastFood,Regular,1,8
5386,36.0,1.34,22.55,17.96,5,Asian,Regular,1,10
5387,25.0,2.18,15.26,23.05,2,FastFood,Regular,1,10
5388,42.0,4.3,25.23,23.61,1,FastFood,Prime,1,7
5389,37.0,3.89,23.37,17.91,6,Italian,Regular,1,8
5390,24.0,1.09,15.87,22.31,5,Vegan,Regular,1,6
5391,30.0,1.82,23.93,16.97,2,Italian,Regular,1,8
5392,45.0,0.6,10.55,20.13,4,Italian,Regular,0,3
5393,44.0,2.46,22.09,13.98,1,Vegan,Prime,1,8
5394,20.0,2.8,18.01,16.56,1,Italian,Regular,1,8
5395,29.0,5.49,28.52,24.52,4,Italian,Prime,1,8
5396,49.0,0.75,12.71,20.09,5,Italian,Regular,1,6
5397,31.0,1.27,15.8,22.83,6,FastFood,Prime,1,7
5398,35.0,2.51,15.98,18.53,3,FastFood,Prime,1,7
5399,42.0,0.83,17.26,14.37,1,Asian,Regular,1,8
5400,21.0,2.55,14.89,20.21,3,FastFood,Prime,1,10
5401,24.0,3.26,25.19,16.84,4,Asian,Prime,0,6
5402,30.0,1.0,15.54,26.74,6,FastFood,Regular,1,9
5403,44.0,,18.85,21.15,0,Italian,Regular,1,7
5404,42.0,1.03,9.14,21.33,4,FastFood,Regular,1,7
5405,39.0,,24.23,18.67,3,Italian,Regular,1,10
5406,32.0,,19.7,18.82,4,Asian,Regular,0,5
5407,43.0,1.42,17.08,15.07,0,Italian,Regular,1,9
5408,32.0,1.02,20.23,15.24,0,FastFood,Regular,1,6
5409,38.0,2.49,21.27,23.23,4,FastFood,Regular,1,7
5410,41.0,4.25,23.6,17.17,1,Asian,Regular,0,4
5411,48.0,1.32,15.52,17.06,4,FastFood,Regular,1,7
5412,32.0,1.58,21.87,11.97,0,Asian,Regular,1,8
5413,30.0,1.53,14.77,23.68,5,FastFood,Prime,1,9
5414,45.0,4.74,28.13,19.44,2,FastFood,Regular,1,7
5415,45.0,0.81,10.51,17.96,3,Asian,Prime,1,8
5416,28.0,4.7,26.81,17.81,2,Italian,Prime,1,10
5417,23.0,1.88,20.77,20.9,2,FastFood,Prime,1,7
5418,44.0,1.94,14.75,17.84,3,Vegan,Regular,1,4
5419,18.0,1.92,18.53,20.77,4,FastFood,Prime,1,7
5420,18.0,2.64,25.69,20.0,4,Italian,Prime,1,9
5421,30.0,1.55,19.66,17.78,6,Italian,Prime,1,8
5422,33.0,3.6,25.87,17.63,1,Italian,Regular,1,6
5423,22.0,3.69,27.88,18.46,6,Asian,Regular,1,7
5424,34.0,1.17,16.16,23.02,4,FastFood,Regular,1,7
5425,34.0,2.91,26.04,16.32,2,Vegan,Regular,1,5
5426,28.0,1.66,16.96,16.93,6,Asian,Regular,0,5
5427,50.0,2.38,24.43,18.03,4,Vegan,Prime,1,9
5428,36.0,4.66,29.17,17.03,1,Asian,Regular,1,7
5429,42.0,1.39,19.98,23.52,1,Vegan,Regular,1,5
5430,19.0,3.85,20.49,19.43,4,Italian,Prime,1,10
5431,19.0,2.59,14.67,24.13,5,Italian,Regular,1,6
5432,36.0,1.81,15.72,19.07,0,Italian,Regular,1,8
5433,49.0,2.83,16.43,16.6,4,Asian,Prime,1,9
5434,23.0,2.65,25.05,18.45,3,Italian,Prime,1,9
5435,33.0,1.06,9.37,17.34,6,Asian,Regular,1,7
5436,21.0,1.44,14.21,21.97,5,FastFood,Regular,1,5
5437,26.0,1.13,13.45,14.62,6,Asian,Regular,1,9
5438,34.0,1.73,19.13,20.3,0,FastFood,Regular,0,3
5439,28.0,4.85,32.78,17.47,5,Vegan,Prime,1,10
5440,20.0,3.19,23.66,24.09,2,FastFood,Prime,1,10
5441,20.0,0.92,12.9,15.22,3,FastFood,Regular,1,6
5442,16.0,,23.35,17.38,6,Asian,Regular,1,6
5443,36.0,2.29,23.33,13.36,6,Asian,Regular,1,7
5444,37.0,3.03,20.31,18.04,1,Asian,Regular,1,9
5445,37.0,1.41,11.26,18.38,1,Vegan,Regular,1,7
5446,24.0,1.02,11.14,15.55,5,FastFood,Regular,1,8
5447,,2.25,18.86,19.26,6,Asian,Prime,1,8
5448,38.0,2.75,25.13,11.96,4,Italian,Regular,1,8
5449,32.0,2.29,20.4,18.42,0,Italian,Regular,1,7
5450,,1.24,8.76,20.3,1,Italian,Regular,0,4
5451,26.0,6.08,27.1,25.13,5,FastFood,Prime,1,7
5452,34.0,2.19,19.65,14.31,5,Italian,Prime,1,7
5453,47.0,,19.63,15.76,6,Asian,Regular,1,9
5454,42.0,1.4,11.69,24.25,3,FastFood,Regular,1,7
5455,30.0,4.26,26.89,22.72,2,Vegan,Prime,1,7
5456,37.0,2.76,18.32,21.83,0,Italian,Regular,1,5
5457,22.0,2.39,17.31,28.68,5,FastFood,Regular,1,7
5458,39.0,1.07,13.41,15.78,6,Asian,Regular,1,6
5459,25.0,4.23,26.11,22.12,0,FastFood,Prime,1,7
5460,38.0,3.05,27.14,19.96,3,FastFood,Regular,1,6
5461,59.0,3.52,,12.26,2,Asian,Regular,1,8
5462,27.0,2.06,15.72,20.73,5,FastFood,Regular,1,6
5463,58.0,1.93,17.66,15.02,5,FastFood,Regular,1,7
5464,36.0,1.82,20.95,15.75,1,Asian,Regular,1,9
5465,25.0,8.11,42.38,16.6,6,FastFood,Prime,1,8
5466,25.0,1.72,18.56,18.05,0,Asian,Prime,1,7
5467,53.0,1.05,13.43,15.13,5,Asian,Regular,1,9
5468,36.0,1.64,17.64,15.64,5,FastFood,Regular,1,7
5469,27.0,1.73,11.57,20.75,1,Italian,Prime,1,8
5470,30.0,4.63,27.18,19.19,4,FastFood,Prime,1,9
5471,36.0,0.96,15.51,15.96,1,Asian,Regular,1,7
5472,32.0,1.48,12.42,18.07,1,FastFood,Regular,1,7
5473,,2.24,16.81,22.72,0,Vegan,Regular,1,5
5474,48.0,4.05,27.66,21.81,5,FastFood,Regular,1,6
5475,22.0,2.98,21.58,15.53,5,Asian,Regular,1,10
5476,38.0,4.91,34.24,15.26,3,FastFood,Regular,1,6
5477,31.0,2.44,19.66,28.53,5,FastFood,Regular,1,7
5478,28.0,2.07,18.2,23.65,2,Italian,Prime,1,10
5479,42.0,3.71,27.51,22.25,3,Italian,Prime,0,7
5480,19.0,1.09,10.14,17.53,5,Vegan,Prime,1,9
5481,16.0,0.79,11.42,19.5,3,FastFood,Regular,1,6
5482,34.0,3.45,19.83,22.2,4,FastFood,Regular,0,4
5483,31.0,2.26,31.91,16.18,1,Italian,Regular,1,7
5484,20.0,3.42,25.44,15.93,3,Italian,Regular,1,8
5485,17.0,1.26,16.01,23.58,5,Vegan,Regular,1,9
5486,49.0,4.08,25.84,19.35,5,Vegan,Regular,1,8
5487,36.0,3.35,25.37,16.36,2,Vegan,Prime,1,8
5488,32.0,2.28,20.76,23.86,3,FastFood,Prime,1,8
5489,52.0,2.26,11.75,17.01,4,Italian,Regular,1,8
5490,41.0,2.8,24.29,12.25,6,Asian,Prime,1,9
5491,48.0,1.26,17.83,17.6,5,FastFood,Regular,0,5
5492,21.0,1.63,21.57,15.76,5,Asian,Regular,1,6
5493,21.0,2.42,15.29,21.66,5,FastFood,Regular,1,9
5494,38.0,1.59,12.34,21.52,2,FastFood,Regular,0,5
5495,36.0,0.9,12.72,22.94,2,Vegan,Regular,1,8
5496,43.0,2.37,21.24,20.29,3,FastFood,Regular,1,7
5497,17.0,3.19,24.73,18.2,2,Vegan,Regular,1,6
5498,38.0,4.17,19.93,24.74,6,FastFood,Prime,1,9
5499,41.0,2.7,27.39,23.94,6,FastFood,Regular,1,6
5500,,3.16,20.33,20.36,6,FastFood,Regular,0,3
5501,28.0,3.47,21.13,21.88,4,FastFood,Regular,1,9
5502,37.0,2.1,18.07,17.26,1,Italian,Regular,1,8
5503,25.0,0.63,19.21,17.51,1,FastFood,Regular,1,8
5504,29.0,3.81,21.94,24.21,1,Italian,Regular,1,6
5505,23.0,1.42,20.98,17.98,4,Vegan,Prime,1,9
5506,25.0,1.08,11.53,19.27,2,Italian,Regular,0,5
5507,30.0,1.1,11.56,16.45,4,FastFood,Regular,0,4
5508,28.0,7.9,35.16,20.41,6,Italian,Regular,1,7
5509,25.0,2.95,25.52,14.11,2,Asian,Prime,1,6
5510,20.0,1.14,12.47,22.86,6,Italian,Regular,1,5
5511,50.0,1.38,17.31,,3,FastFood,Regular,1,8
5512,27.0,2.31,17.14,19.97,5,Italian,Prime,1,9
5513,35.0,2.71,28.51,18.8,0,Italian,Regular,1,8
5514,16.0,2.35,17.09,20.44,1,FastFood,Regular,1,8
5515,44.0,1.21,20.11,20.86,6,FastFood,Regular,1,8
5516,,2.4,23.08,20.65,6,Vegan,Regular,1,9
5517,28.0,1.65,15.21,21.27,3,FastFood,Prime,1,10
5518,28.0,3.58,23.85,23.95,0,FastFood,Regular,1,7
5519,40.0,2.08,20.65,18.25,0,FastFood,Regular,0,5
5520,16.0,1.33,17.73,22.47,2,Italian,Regular,1,8
5521,25.0,2.94,26.02,17.4,6,Italian,Regular,0,3
5522,31.0,2.49,22.25,18.76,2,FastFood,Regular,1,9
5523,31.0,1.78,19.8,19.44,6,Italian,Prime,1,9
5524,55.0,3.01,24.16,18.02,3,Asian,Regular,0,3
5525,29.0,3.27,24.46,15.79,0,FastFood,Prime,1,10
5526,41.0,4.49,28.61,18.15,3,Vegan,Prime,1,8
5527,48.0,2.98,19.83,14.48,2,FastFood,Regular,1,7
5528,38.0,2.06,16.36,18.97,1,FastFood,Prime,0,6
5529,26.0,0.91,17.71,17.73,4,Vegan,Prime,1,8
5530,20.0,2.23,17.58,17.71,1,Asian,Regular,1,10
5531,39.0,2.43,11.48,18.64,6,FastFood,Regular,1,7
5532,47.0,2.07,15.04,15.68,5,Asian,Regular,1,7
5533,37.0,0.38,14.2,21.89,5,Italian,Regular,1,7
5534,43.0,3.36,17.23,27.19,0,FastFood,Prime,1,7
5535,55.0,1.22,19.57,14.79,6,Asian,Regular,1,8
5536,40.0,2.94,17.08,19.45,3,Asian,Regular,1,6
5537,22.0,5.13,25.41,22.16,5,FastFood,Regular,0,6
5538,32.0,1.75,22.99,13.98,1,Italian,Regular,1,6
5539,44.0,2.95,25.86,16.44,5,Italian,Prime,1,8
5540,30.0,2.36,20.93,11.92,2,FastFood,Prime,1,7
5541,46.0,3.09,21.83,20.41,4,Vegan,Prime,1,8
5542,31.0,2.13,22.02,15.7,1,Italian,Regular,0,3
5543,,1.52,7.25,18.85,6,Italian,Regular,1,4
5544,29.0,1.41,17.4,25.18,4,Italian,Prime,1,8
5545,33.0,4.83,21.08,22.64,3,Italian,Regular,1,5
5546,34.0,2.56,16.58,18.7,3,FastFood,Regular,1,10
5547,18.0,3.18,23.56,16.68,0,Vegan,Regular,1,7
5548,28.0,2.51,19.8,21.86,2,Italian,Regular,1,8
5549,21.0,3.44,27.65,14.59,5,Asian,Regular,1,8
5550,28.0,1.23,19.77,21.08,5,Italian,Regular,1,6
5551,25.0,2.11,,29.21,6,FastFood,Regular,0,4
5552,41.0,3.06,22.27,23.03,0,FastFood,Prime,1,9
5553,41.0,4.1,19.73,,1,Italian,Regular,1,8
5554,37.0,8.76,36.7,24.2,5,FastFood,Regular,1,9
5555,21.0,,10.33,15.66,2,Asian,Prime,1,7
5556,31.0,1.4,19.27,20.31,1,Vegan,Regular,1,8
5557,20.0,1.04,22.72,18.13,1,FastFood,Regular,1,7
5558,31.0,1.41,16.16,24.87,6,FastFood,Prime,1,10
5559,38.0,1.51,21.65,14.4,6,Asian,Prime,1,10
5560,41.0,0.41,9.28,23.1,0,FastFood,Regular,1,6
5561,36.0,1.6,19.02,22.67,5,Vegan,Prime,1,9
5562,43.0,2.99,23.37,17.22,3,Italian,Regular,1,6
5563,34.0,2.1,19.14,18.84,5,FastFood,Regular,1,8
5564,30.0,1.75,15.27,20.49,4,FastFood,Regular,1,6
5565,40.0,0.83,18.87,17.0,4,Vegan,Regular,1,8
5566,40.0,3.59,22.14,21.47,4,FastFood,Regular,1,8
5567,27.0,2.67,21.89,14.8,5,Asian,Regular,1,7
5568,35.0,2.3,21.28,18.47,5,FastFood,Prime,1,9
5569,29.0,0.6,8.61,22.64,3,FastFood,Regular,1,8
5570,16.0,1.54,17.88,21.23,0,Vegan,Regular,1,9
5571,36.0,2.94,25.66,20.12,0,FastFood,Prime,0,4
5572,20.0,2.28,21.22,16.06,2,FastFood,Prime,1,8
5573,35.0,2.24,23.42,21.54,3,Italian,Regular,1,5
5574,18.0,3.38,23.86,,6,Vegan,Prime,1,8
5575,26.0,2.52,19.24,27.19,0,FastFood,Prime,1,7
5576,28.0,2.88,19.69,20.6,6,FastFood,Regular,1,6
5577,43.0,1.27,18.73,19.88,0,Vegan,Regular,1,5
5578,27.0,1.03,19.31,15.96,3,Asian,Regular,1,7
5579,22.0,2.62,14.52,20.18,2,Vegan,Regular,1,8
5580,35.0,2.93,14.31,25.34,3,Asian,Regular,0,6
5581,30.0,2.68,16.95,,0,Asian,Regular,1,9
5582,39.0,2.49,15.0,21.82,5,Italian,Prime,1,10
5583,23.0,1.69,12.88,21.27,0,FastFood,Regular,1,6
5584,34.0,2.26,16.09,19.82,5,Asian,Regular,1,6
5585,54.0,2.85,27.71,12.36,3,Asian,Prime,1,9
5586,30.0,,16.71,24.95,6,Vegan,Prime,0,6
5587,34.0,9.72,37.32,19.39,6,Italian,Prime,1,10
5588,17.0,1.21,14.06,20.2,5,FastFood,Regular,1,7
5589,24.0,11.87,42.45,20.85,3,Italian,Regular,1,8
5590,36.0,1.01,14.63,18.87,2,Italian,Regular,1,7
5591,29.0,2.49,18.06,15.52,4,Italian,Regular,1,8
5592,38.0,1.04,18.43,11.18,4,Asian,Regular,1,8
5593,36.0,2.74,17.67,23.25,5,Italian,Prime,0,6
5594,20.0,3.46,18.74,20.33,3,FastFood,Regular,1,6
5595,41.0,2.05,22.52,,3,Italian,Regular,1,8
5596,21.0,3.44,24.2,15.72,0,Asian,Regular,1,8
5597,25.0,1.6,23.08,23.6,1,Vegan,Regular,1,8
5598,34.0,0.65,15.39,17.23,5,Italian,Regular,1,4
5599,46.0,3.27,20.8,20.18,6,Italian,Prime,1,8
5600,23.0,,19.42,17.63,4,Italian,Regular,1,8
5601,33.0,1.78,11.68,15.24,2,Italian,Prime,1,7
5602,33.0,1.61,16.84,23.7,0,FastFood,Regular,1,9
5603,38.0,2.52,,22.59,0,Vegan,Regular,1,7
5604,43.0,1.48,18.69,17.6,4,Vegan,Prime,1,8
5605,28.0,2.48,17.87,18.4,4,Italian,Regular,1,8
5606,41.0,3.87,27.43,18.75,1,Italian,Regular,1,6
5607,44.0,6.25,24.99,22.34,1,FastFood,Regular,1,9
5608,48.0,4.36,24.36,23.63,0,Italian,Regular,0,7
5609,37.0,2.2,16.47,17.66,4,Italian,Regular,1,6
5610,33.0,2.32,20.37,16.21,4,Asian,Regular,1,7
5611,28.0,1.62,23.68,20.47,2,FastFood,Regular,0,7
5612,19.0,1.56,15.97,14.74,5,Asian,Regular,1,9
5613,29.0,3.25,25.05,15.83,5,FastFood,Regular,1,5
5614,33.0,1.96,25.9,17.32,3,Asian,Prime,1,10
5615,31.0,2.83,22.98,19.87,1,Italian,Prime,1,4
5616,37.0,1.19,7.11,21.01,0,FastFood,Regular,0,6
5617,19.0,4.28,26.27,18.34,5,Italian,Regular,0,4
5618,30.0,1.69,,14.84,4,Asian,Regular,1,8
5619,50.0,3.66,27.1,19.16,2,Italian,Regular,1,8
5620,41.0,1.37,15.2,21.51,0,FastFood,Regular,1,8
5621,38.0,1.53,21.18,19.73,5,Italian,Prime,0,7
5622,36.0,4.18,28.9,21.97,6,FastFood,Regular,0,4
5623,29.0,,18.1,17.95,3,Asian,Regular,1,7
5624,16.0,0.85,10.63,21.93,1,Italian,Regular,1,9
5625,36.0,1.31,16.2,22.72,4,FastFood,Prime,0,6
5626,,3.23,24.86,19.75,6,Italian,Regular,0,4
5627,29.0,3.06,20.72,12.82,4,Asian,Regular,0,5
5628,32.0,1.52,15.68,19.53,0,Asian,Prime,1,8
5629,28.0,1.42,15.9,20.11,1,FastFood,Regular,1,7
5630,52.0,2.92,,21.24,0,FastFood,Regular,1,8
5631,48.0,4.15,27.0,15.19,2,Italian,Regular,1,6
5632,41.0,1.94,20.95,27.27,3,FastFood,Regular,0,7
5633,24.0,2.73,29.75,12.07,3,Italian,Regular,1,8
5634,49.0,3.26,23.3,25.46,5,FastFood,Regular,1,5
5635,38.0,6.58,,22.28,0,FastFood,Regular,0,5
5636,24.0,1.07,15.01,12.43,6,Asian,Regular,1,6
5637,32.0,1.6,11.66,27.11,1,FastFood,Prime,1,8
5638,41.0,1.75,21.88,18.23,3,Asian,Prime,1,8
5639,27.0,3.65,27.77,13.93,1,FastFood,Prime,1,9
5640,33.0,2.02,19.05,,2,Italian,Prime,1,9
5641,35.0,2.75,18.37,19.89,5,Italian,Prime,1,9
5642,22.0,2.15,21.11,21.11,0,Asian,Regular,1,10
5643,30.0,2.02,21.88,16.02,3,Asian,Regular,1,6
5644,23.0,2.14,,11.62,4,Italian,Regular,0,7
5645,40.0,3.55,22.8,22.29,3,Italian,Regular,1,9
5646,24.0,1.18,11.92,22.49,2,FastFood,Regular,1,8
5647,35.0,1.86,25.47,12.7,2,Italian,Regular,1,8
5648,19.0,1.03,18.79,22.03,6,FastFood,Regular,1,9
5649,22.0,2.28,17.05,19.67,1,Italian,Regular,1,7
5650,21.0,2.08,9.66,20.03,3,FastFood,Prime,1,8
5651,29.0,3.63,28.78,17.18,2,Vegan,Regular,1,7
5652,34.0,2.01,20.87,16.91,5,Italian,Regular,1,8
5653,35.0,1.58,15.99,17.65,5,Italian,Regular,1,7
5654,16.0,1.76,21.35,19.42,5,Italian,Regular,1,6
5655,30.0,5.2,22.17,23.37,0,FastFood,Regular,1,6
5656,25.0,0.85,13.29,14.56,0,FastFood,Regular,1,6
5657,37.0,1.43,14.97,20.22,2,Vegan,Regular,1,7
5658,30.0,2.05,21.98,18.17,3,Asian,Regular,1,7
5659,31.0,1.42,18.61,21.51,0,FastFood,Regular,1,8
5660,25.0,3.03,27.77,16.03,6,Asian,Prime,1,7
5661,48.0,2.24,21.83,22.19,6,Italian,Prime,1,9
5662,20.0,2.32,16.36,25.03,2,FastFood,Regular,1,10
5663,28.0,,,17.55,5,Italian,Regular,1,9
5664,33.0,1.9,11.2,20.75,3,FastFood,Regular,1,6
5665,30.0,1.14,18.8,23.32,4,FastFood,Prime,1,8
5666,25.0,2.22,17.58,20.08,6,Asian,Regular,1,6
5667,16.0,0.88,13.71,18.55,0,FastFood,Prime,1,9
5668,26.0,1.6,15.32,,1,Vegan,Prime,1,9
5669,23.0,,20.9,17.66,2,Asian,Regular,1,8
5670,47.0,3.87,25.91,14.3,6,Asian,Regular,1,6
5671,52.0,7.33,41.56,13.44,4,Italian,Regular,1,7
5672,32.0,1.59,11.62,17.2,2,Vegan,Regular,1,9
5673,19.0,1.25,12.83,19.58,0,Italian,Regular,0,6
5674,39.0,3.09,22.38,22.54,4,Italian,Prime,1,7
5675,23.0,5.63,36.24,16.66,1,Italian,Regular,0,3
5676,27.0,4.68,28.28,19.15,2,Vegan,Regular,1,7
5677,26.0,1.14,,21.47,6,FastFood,Regular,1,7
5678,27.0,2.14,18.07,16.81,3,Italian,Prime,1,7
5679,29.0,3.21,18.1,15.25,0,Asian,Regular,1,7
5680,20.0,3.34,22.53,19.37,0,Italian,Regular,0,4
5681,,2.79,26.87,16.15,2,Vegan,Regular,1,7
5682,41.0,1.57,10.75,16.5,0,Italian,Regular,1,7
5683,32.0,3.19,22.94,20.39,3,FastFood,Prime,1,9
5684,33.0,3.86,19.78,19.34,2,Italian,Prime,1,8
5685,16.0,1.39,15.38,14.56,6,Italian,Prime,1,10
5686,41.0,,22.75,20.61,2,FastFood,Prime,1,9
5687,26.0,3.47,26.44,17.13,1,FastFood,Regular,1,8
5688,42.0,1.34,19.32,18.95,4,FastFood,Regular,1,6
5689,33.0,3.35,,18.89,4,Asian,Regular,1,8
5690,27.0,3.15,24.85,19.29,0,Vegan,Regular,1,7
5691,17.0,3.22,11.08,22.84,0,Italian,Regular,1,8
5692,52.0,5.51,31.89,20.78,1,FastFood,Prime,1,9
5693,39.0,2.0,12.98,,5,Italian,Regular,1,9
5694,40.0,2.42,17.49,21.73,1,Vegan,Regular,1,6
5695,48.0,0.47,13.89,16.97,6,Asian,Regular,1,6
5696,34.0,4.28,23.33,17.05,3,FastFood,Prime,1,9
5697,44.0,4.06,23.21,20.68,6,FastFood,Prime,1,8
5698,28.0,4.25,23.61,18.01,1,Vegan,Regular,1,6
5699,39.0,1.38,19.54,17.9,2,Vegan,Prime,1,9
5700,26.0,3.93,24.32,21.47,0,FastFood,Prime,0,5
5701,27.0,3.53,37.9,13.52,5,Asian,Regular,1,8
5702,33.0,1.62,19.33,18.38,4,FastFood,Prime,1,6
5703,21.0,3.6,28.53,17.96,0,FastFood,Regular,1,7
5704,35.0,2.6,16.96,16.39,5,Asian,Regular,1,8
5705,29.0,0.79,8.83,16.5,6,Italian,Regular,1,8
5706,16.0,2.78,21.7,16.67,4,Italian,Regular,1,8
5707,28.0,1.32,19.77,19.88,5,Vegan,Regular,1,7
5708,29.0,0.8,21.9,15.93,1,Asian,Regular,0,6
5709,40.0,2.46,14.65,21.01,3,FastFood,Regular,1,7
5710,35.0,1.94,16.91,15.6,5,Italian,Regular,1,8
5711,45.0,4.36,33.11,15.01,4,Asian,Regular,0,3
5712,37.0,2.23,17.78,23.81,4,Italian,Regular,1,4
5713,27.0,3.09,22.6,17.55,5,Vegan,Regular,1,9
5714,31.0,2.66,24.39,11.94,4,Asian,Regular,1,7
5715,29.0,4.06,31.78,22.03,0,FastFood,Prime,0,4
5716,36.0,1.42,20.31,18.88,1,FastFood,Prime,1,8
5717,33.0,2.25,26.25,17.59,5,Asian,Regular,1,7
5718,26.0,2.14,15.63,19.25,1,Vegan,Prime,0,6
5719,32.0,2.89,22.14,22.65,4,FastFood,Regular,1,8
5720,36.0,2.67,16.32,20.7,3,FastFood,Prime,1,8
5721,23.0,1.44,23.93,16.46,4,Asian,Regular,1,9
5722,35.0,,19.09,24.44,1,FastFood,Regular,1,6
5723,18.0,4.99,34.83,14.35,2,FastFood,Regular,1,4
5724,42.0,0.79,9.18,15.79,4,Vegan,Regular,1,8
5725,37.0,2.97,21.86,15.02,1,Asian,Regular,1,7
5726,47.0,3.99,29.36,14.76,2,Vegan,Regular,1,5
5727,22.0,2.77,25.38,15.85,6,Asian,Regular,1,8
5728,42.0,5.95,33.36,19.27,1,FastFood,Regular,1,5
5729,40.0,3.88,28.45,22.23,4,Vegan,Prime,1,8
5730,30.0,2.49,26.46,20.74,1,FastFood,Regular,1,8
5731,29.0,1.79,14.11,20.36,4,FastFood,Prime,1,9
5732,22.0,2.51,23.29,18.44,0,Vegan,Regular,1,8
5733,20.0,3.37,31.4,14.48,4,Asian,Prime,1,8
5734,25.0,2.02,17.18,21.99,3,Vegan,Regular,1,8
5735,21.0,1.54,16.2,24.63,4,FastFood,Prime,1,9
5736,46.0,1.19,16.83,16.11,0,Vegan,Prime,1,7
5737,18.0,2.56,,22.71,3,Italian,Prime,1,7
5738,33.0,1.03,12.6,15.39,3,Asian,Prime,1,9
5739,36.0,1.55,14.93,17.39,1,Vegan,Regular,1,10
5740,35.0,0.61,11.08,19.73,2,Italian,Prime,1,10
5741,36.0,3.18,22.34,18.35,4,Asian,Regular,1,4
5742,41.0,3.8,24.89,16.83,3,Asian,Regular,1,9
5743,28.0,2.42,23.64,16.17,4,Asian,Prime,1,7
5744,33.0,5.51,28.72,22.78,6,Vegan,Regular,1,10
5745,29.0,4.23,35.49,15.5,2,Asian,Regular,1,6
5746,44.0,3.02,23.53,20.79,6,FastFood,Prime,1,7
5747,51.0,1.89,13.79,26.08,6,FastFood,Regular,1,7
5748,21.0,1.66,13.38,15.76,4,Vegan,Regular,1,7
5749,16.0,2.74,25.19,18.22,1,Vegan,Regular,1,7
5750,37.0,2.14,8.05,22.37,2,Vegan,Prime,0,7
5751,42.0,3.13,21.27,,0,FastFood,Prime,1,10
5752,50.0,2.84,13.08,20.82,4,Italian,Regular,1,6
5753,,1.77,26.19,13.83,1,Asian,Regular,1,10
5754,45.0,3.68,26.54,17.77,6,Asian,Regular,1,6
5755,47.0,1.78,24.15,20.14,4,FastFood,Regular,1,7
5756,45.0,2.04,18.77,24.41,3,Italian,Regular,1,10
5757,40.0,1.35,11.21,23.43,1,FastFood,Prime,1,9
5758,20.0,1.74,11.01,18.44,0,Italian,Regular,1,7
5759,32.0,6.6,34.42,21.86,4,FastFood,Regular,0,5
5760,35.0,1.23,12.61,21.16,5,FastFood,Regular,1,8
5761,31.0,2.56,16.26,23.1,1,FastFood,Regular,1,8
5762,32.0,1.57,20.99,17.1,0,Vegan,Regular,1,9
5763,46.0,0.6,19.31,20.28,2,Asian,Regular,1,6
5764,25.0,2.74,,15.79,5,Vegan,Regular,1,7
5765,39.0,1.71,16.8,19.03,4,Italian,Prime,1,7
5766,35.0,2.4,14.89,16.36,0,Italian,Regular,1,6
5767,24.0,3.47,17.96,18.61,0,Italian,Regular,1,7
5768,22.0,2.63,20.23,21.07,0,Italian,Prime,1,7
5769,17.0,2.41,27.02,14.05,5,Italian,Regular,1,8
5770,36.0,1.25,19.3,16.59,5,Asian,Regular,1,8
5771,31.0,2.97,29.2,13.54,2,Asian,Regular,1,6
5772,25.0,1.81,14.24,18.72,4,Vegan,Regular,1,7
5773,16.0,0.67,17.15,16.67,0,FastFood,Regular,1,7
5774,36.0,3.17,17.69,18.92,3,Italian,Regular,1,7
5775,30.0,3.76,21.54,19.72,1,FastFood,Regular,1,7
5776,26.0,4.55,26.03,23.24,5,FastFood,Regular,1,9
5777,23.0,,34.37,19.95,3,Asian,Regular,1,9
5778,30.0,3.08,25.03,18.53,5,Italian,Regular,1,6
5779,36.0,2.67,18.92,19.14,3,Asian,Regular,1,8
5780,29.0,4.22,25.28,25.15,3,FastFood,Prime,1,10
5781,21.0,1.24,11.82,16.92,6,Vegan,Regular,0,7
5782,31.0,0.8,14.0,23.52,6,Vegan,Regular,1,8
5783,41.0,1.55,18.25,18.4,3,Italian,Regular,1,7
5784,32.0,4.07,25.38,16.76,2,Vegan,Regular,1,6
5785,33.0,1.4,19.13,21.9,4,FastFood,Regular,1,7
5786,29.0,2.6,19.5,,1,Asian,Regular,0,3
5787,24.0,2.76,17.35,15.56,2,Vegan,Regular,1,9
5788,24.0,2.3,16.7,14.36,5,Asian,Regular,1,7
5789,17.0,1.15,16.86,20.93,6,Asian,Prime,1,8
5790,,2.43,15.79,19.22,2,Italian,Regular,1,7
5791,36.0,,15.19,20.56,2,Asian,Prime,1,6
5792,33.0,5.14,31.91,16.0,6,Asian,Regular,1,8
5793,35.0,3.76,17.11,18.6,1,FastFood,Regular,0,6
5794,35.0,1.63,12.98,15.95,0,FastFood,Regular,1,9
5795,25.0,5.32,30.85,19.32,0,Asian,Regular,0,3
5796,29.0,2.8,21.33,19.57,0,Italian,Prime,1,10
5797,28.0,0.8,20.05,17.44,6,Italian,Regular,1,7
5798,55.0,1.93,14.74,17.28,0,Vegan,Regular,0,6
5799,41.0,4.95,26.3,19.7,2,Asian,Regular,1,4
5800,34.0,1.28,11.95,18.04,4,Italian,Regular,0,6
5801,,2.23,21.16,18.07,4,Italian,Prime,1,8
5802,43.0,0.95,13.33,16.94,5,Italian,Regular,1,7
5803,20.0,1.2,14.33,16.02,6,Asian,Prime,1,8
5804,30.0,1.46,15.85,19.93,2,Italian,Prime,1,8
5805,,1.03,15.99,14.82,1,Italian,Regular,1,6
5806,38.0,1.43,23.78,17.19,0,Asian,Regular,0,3
5807,30.0,5.24,31.09,19.29,6,Asian,Regular,1,7
5808,31.0,1.97,8.6,16.8,2,Asian,Regular,1,9
5809,28.0,3.1,13.73,24.16,6,FastFood,Regular,0,6
5810,41.0,4.22,33.69,20.22,2,Asian,Prime,0,6
5811,19.0,1.26,16.21,20.85,5,Italian,Prime,1,8
5812,28.0,1.27,16.29,19.39,4,FastFood,Regular,1,10
5813,16.0,3.53,24.56,16.91,4,Asian,Prime,1,9
5814,23.0,1.63,,17.83,4,Asian,Prime,1,9
5815,35.0,2.96,15.89,17.28,2,Italian,Regular,1,6
5816,35.0,5.83,39.13,15.79,0,Asian,Prime,1,9
5817,29.0,0.9,19.46,19.31,0,FastFood,Regular,1,6
5818,42.0,1.65,13.47,28.63,2,FastFood,Regular,1,10
5819,44.0,1.81,18.46,17.8,6,Italian,Regular,1,6
5820,31.0,1.51,14.33,21.28,4,Italian,Regular,0,4
5821,34.0,1.66,13.16,14.91,4,Asian,Prime,1,7
5822,28.0,1.54,18.61,21.08,1,Asian,Regular,0,5
5823,38.0,2.3,,16.09,3,Asian,Prime,1,9
5824,21.0,2.2,17.74,21.16,2,FastFood,Regular,1,7
5825,48.0,3.4,30.72,13.73,0,Italian,Regular,1,7
5826,42.0,1.99,15.1,24.35,4,FastFood,Regular,0,6
5827,21.0,3.72,,20.2,2,Asian,Regular,1,5
5828,25.0,1.45,19.61,17.44,2,FastFood,Regular,1,8
5829,36.0,1.04,14.61,21.55,4,Italian,Regular,1,8
5830,29.0,1.7,17.7,13.79,0,Asian,Regular,1,6
5831,37.0,2.6,22.82,18.52,6,Asian,Regular,1,8
5832,29.0,3.23,,20.14,1,FastFood,Regular,1,8
5833,46.0,4.5,23.85,,4,FastFood,Regular,1,4
5834,32.0,2.36,,17.6,5,Asian,Regular,1,9
5835,54.0,3.05,14.59,20.92,1,Italian,Regular,1,9
5836,37.0,4.92,26.08,24.71,1,FastFood,Prime,1,7
5837,20.0,1.31,13.58,18.69,2,Vegan,Regular,1,6
5838,51.0,2.06,21.17,18.42,5,Italian,Prime,1,10
5839,42.0,9.24,48.4,15.61,4,Italian,Regular,1,8
5840,,3.23,21.49,20.1,3,FastFood,Regular,1,8
5841,38.0,3.07,18.91,23.51,5,Italian,Prime,1,9
5842,21.0,3.79,24.48,23.27,3,FastFood,Prime,1,9
5843,16.0,0.97,16.78,17.87,6,FastFood,Regular,1,6
5844,32.0,1.41,14.31,22.74,5,Italian,Regular,1,7
5845,44.0,1.15,21.52,,1,Italian,Regular,1,9
5846,36.0,2.54,21.71,21.83,2,Vegan,Regular,1,8
5847,47.0,1.89,17.8,20.87,0,Vegan,Prime,1,9
5848,44.0,2.12,12.53,22.26,1,FastFood,Regular,1,7
5849,32.0,1.7,,15.01,0,FastFood,Regular,1,9
5850,43.0,0.82,20.82,19.66,0,Asian,Regular,1,6
5851,46.0,3.28,26.09,13.19,0,Vegan,Regular,1,9
5852,31.0,0.76,17.02,22.34,4,Vegan,Regular,1,6
5853,30.0,1.35,15.92,21.3,2,FastFood,Regular,1,6
5854,33.0,1.12,16.35,23.51,3,FastFood,Prime,1,8
5855,16.0,1.24,,21.48,5,FastFood,Regular,1,8
5856,35.0,2.25,20.64,19.51,5,Asian,Regular,1,8
5857,38.0,3.97,21.86,18.54,3,Italian,Regular,1,6
5858,33.0,0.85,8.12,19.23,3,Italian,Regular,1,8
5859,35.0,1.48,16.83,19.55,4,Italian,Regular,1,9
5860,32.0,0.77,17.27,26.64,2,FastFood,Regular,1,7
5861,16.0,1.66,14.22,20.06,3,Italian,Prime,1,6
5862,47.0,2.41,20.0,17.05,2,FastFood,Prime,0,6
5863,29.0,3.53,32.77,15.65,1,Asian,Prime,1,7
5864,26.0,0.72,,18.44,1,Asian,Prime,1,6
5865,44.0,2.73,30.81,20.02,4,Asian,Regular,0,4
5866,41.0,1.18,15.28,18.83,5,FastFood,Regular,1,10
5867,34.0,,15.02,22.38,2,Asian,Regular,1,7
5868,39.0,2.4,15.54,17.42,0,Asian,Prime,1,8
5869,22.0,2.84,16.45,22.26,4,FastFood,Regular,1,8
5870,31.0,1.91,11.88,17.24,6,FastFood,Regular,1,8
5871,44.0,1.1,16.08,19.68,3,Asian,Regular,0,3
5872,,1.9,18.81,19.66,0,FastFood,Regular,1,10
5873,23.0,1.35,15.1,18.76,0,FastFood,Regular,1,8
5874,33.0,2.81,17.69,20.05,3,FastFood,Regular,1,9
5875,33.0,3.64,23.15,25.15,6,FastFood,Regular,1,7
5876,38.0,3.51,24.45,19.71,0,Italian,Regular,1,5
5877,20.0,2.29,20.26,16.19,5,Italian,Prime,1,8
5878,16.0,3.73,24.38,19.41,5,FastFood,Regular,1,6
5879,40.0,1.15,10.93,20.38,0,Asian,Regular,1,9
5880,22.0,5.37,26.85,20.29,1,FastFood,Regular,1,6
5881,27.0,1.14,14.82,22.68,0,FastFood,Regular,0,5
5882,16.0,0.76,15.34,23.42,3,FastFood,Prime,1,9
5883,41.0,4.27,41.84,8.79,1,Asian,Regular,1,8
5884,35.0,1.57,16.41,23.04,6,Vegan,Prime,1,8
5885,35.0,2.15,16.71,16.28,0,Italian,Regular,0,3
5886,,1.14,19.55,19.92,4,FastFood,Regular,1,5
5887,16.0,8.5,37.7,,5,FastFood,Prime,1,7
5888,23.0,5.48,24.45,25.34,1,FastFood,Regular,0,3
5889,28.0,5.42,24.93,18.18,1,Asian,Prime,1,8
5890,25.0,2.11,11.33,23.19,5,FastFood,Regular,1,6
5891,30.0,3.45,29.01,22.24,0,Vegan,Regular,1,6
5892,34.0,1.96,14.53,22.22,3,Italian,Regular,1,6
5893,41.0,3.73,24.32,22.55,1,Italian,Regular,1,5
5894,19.0,1.85,19.61,17.26,0,Asian,Prime,1,8
5895,32.0,4.81,29.42,18.79,3,FastFood,Regular,1,6
5896,38.0,1.56,16.75,16.39,3,Asian,Regular,1,7
5897,24.0,1.66,18.69,21.38,2,FastFood,Regular,1,7
5898,30.0,1.56,17.23,16.87,5,Asian,Regular,1,7
5899,36.0,2.24,18.34,15.87,0,Italian,Regular,1,8
5900,32.0,1.87,13.41,22.31,3,FastFood,Prime,1,6
5901,38.0,2.63,22.82,,1,Asian,Regular,1,8
5902,33.0,1.55,10.05,21.26,5,FastFood,Regular,1,8
5903,29.0,3.11,21.26,21.45,3,FastFood,Regular,1,7
5904,21.0,4.64,26.78,17.28,4,Asian,Regular,1,6
5905,34.0,,21.33,20.71,0,Italian,Regular,1,7
5906,33.0,7.84,37.6,21.51,3,Vegan,Prime,0,6
5907,23.0,3.74,19.64,22.33,0,Asian,Regular,1,6
5908,37.0,7.51,39.08,17.15,2,Italian,Prime,0,7
5909,,1.95,9.42,21.84,6,FastFood,Regular,1,10
5910,26.0,0.81,16.45,21.65,5,FastFood,Regular,1,7
5911,25.0,1.57,13.74,19.97,0,Vegan,Prime,1,10
5912,25.0,1.66,15.87,17.21,2,FastFood,Prime,1,9
5913,17.0,1.37,17.38,15.42,6,Italian,Prime,1,9
5914,50.0,0.6,18.81,21.02,1,FastFood,Regular,1,6
5915,28.0,4.07,22.59,16.27,5,FastFood,Prime,1,8
5916,24.0,0.83,17.09,17.63,2,Italian,Prime,1,7
5917,22.0,3.86,28.44,15.45,3,Asian,Prime,1,10
5918,29.0,6.7,38.98,16.28,6,Asian,Regular,1,6
5919,26.0,1.51,22.42,22.67,4,Vegan,Prime,1,10
5920,45.0,2.49,25.17,17.76,1,FastFood,Regular,0,6
5921,21.0,1.86,10.61,20.76,0,Italian,Prime,1,9
5922,18.0,3.17,22.11,19.29,1,FastFood,Regular,1,6
5923,37.0,1.2,9.82,15.93,2,Asian,Prime,1,9
5924,31.0,2.15,21.81,22.4,0,FastFood,Prime,1,8
5925,30.0,3.73,27.48,17.79,6,Italian,Regular,1,7
5926,37.0,1.96,19.73,18.32,0,FastFood,Regular,1,7
5927,33.0,0.82,14.31,16.11,3,Asian,Regular,1,6
5928,32.0,4.58,35.28,12.74,6,Asian,Prime,0,6
5929,19.0,1.14,15.84,20.57,2,Vegan,Prime,1,8
5930,17.0,2.42,26.56,11.69,3,FastFood,Prime,1,7
5931,26.0,3.19,20.54,21.99,0,Vegan,Prime,1,9
5932,22.0,2.15,12.55,22.85,5,FastFood,Regular,1,10
5933,34.0,8.13,25.94,25.8,6,FastFood,Regular,1,6
5934,16.0,3.01,26.62,27.55,5,FastFood,Regular,1,7
5935,28.0,2.07,17.7,23.81,1,FastFood,Prime,1,10
5936,30.0,2.81,24.19,16.87,2,Italian,Regular,1,6
5937,32.0,2.6,17.09,27.52,5,FastFood,Prime,1,9
5938,36.0,2.37,19.47,15.4,5,Italian,Prime,1,9
5939,29.0,2.3,22.69,12.43,2,Asian,Regular,1,8
5940,26.0,1.82,18.45,21.45,6,Asian,Prime,1,10
5941,43.0,2.26,13.01,18.44,1,Asian,Regular,1,5
5942,29.0,1.52,18.36,13.62,5,Italian,Regular,1,8
5943,45.0,0.71,20.51,16.93,3,FastFood,Regular,1,7
5944,29.0,,20.02,18.32,4,Asian,Regular,1,7
5945,32.0,1.48,17.54,,4,FastFood,Regular,1,7
5946,31.0,2.18,24.42,18.82,3,FastFood,Regular,1,7
5947,34.0,1.33,14.89,26.9,5,FastFood,Regular,1,6
5948,28.0,1.35,18.69,22.16,5,Asian,Regular,1,6
5949,33.0,1.14,30.29,18.88,5,Italian,Regular,1,10
5950,46.0,3.39,28.16,16.64,0,Asian,Regular,1,6
5951,41.0,4.46,24.96,23.71,2,FastFood,Prime,1,10
5952,,2.04,20.58,17.04,5,Italian,Regular,1,6
5953,20.0,1.5,19.36,12.7,6,Italian,Regular,1,8
5954,21.0,0.91,12.81,12.72,2,FastFood,Prime,1,10
5955,34.0,3.59,19.87,,5,Italian,Prime,1,9
5956,39.0,1.39,14.14,19.12,3,Asian,Regular,1,6
5957,27.0,1.25,18.25,18.54,1,Italian,Prime,1,8
5958,26.0,2.05,15.88,23.43,6,FastFood,Regular,1,7
5959,45.0,1.93,25.18,19.18,3,Asian,Prime,1,10
5960,38.0,0.87,18.2,25.16,4,FastFood,Regular,1,7
5961,42.0,0.94,16.28,21.56,2,FastFood,Regular,1,7
5962,28.0,2.42,20.18,21.83,0,FastFood,Regular,1,10
5963,27.0,1.61,10.81,18.4,3,Italian,Prime,1,10
5964,41.0,2.67,18.94,20.22,5,FastFood,Regular,0,6
5965,,2.18,15.5,13.23,2,Asian,Regular,1,7
5966,27.0,,14.2,,6,FastFood,Regular,1,4
5967,24.0,1.47,18.83,16.08,5,Asian,Prime,1,7
5968,27.0,2.29,21.91,19.68,4,FastFood,Regular,1,5
5969,40.0,2.86,18.8,17.09,5,Italian,Regular,1,7
5970,18.0,1.43,17.54,13.78,6,Asian,Regular,1,9
5971,38.0,4.3,25.25,18.28,5,Italian,Prime,1,10
5972,26.0,0.81,11.49,22.55,5,FastFood,Regular,1,9
5973,30.0,1.46,13.48,16.67,4,Italian,Prime,1,7
5974,31.0,0.79,17.1,22.41,6,Vegan,Regular,0,5
5975,30.0,1.34,11.64,18.47,0,Vegan,Regular,1,8
5976,29.0,1.85,11.39,16.4,2,FastFood,Regular,1,5
5977,28.0,3.18,17.63,20.3,6,Asian,Regular,1,6
5978,27.0,1.85,16.24,21.6,3,FastFood,Regular,1,7
5979,44.0,1.45,15.63,23.59,0,FastFood,Regular,1,10
5980,32.0,0.99,11.81,19.13,5,Asian,Prime,1,9
5981,31.0,1.03,18.73,16.04,4,Italian,Regular,1,6
5982,26.0,2.39,22.24,,6,Italian,Regular,1,7
5983,28.0,3.27,15.34,19.48,0,Asian,Regular,1,8
5984,26.0,1.6,18.7,26.51,1,FastFood,Regular,1,7
5985,39.0,3.92,,17.15,3,Asian,Regular,1,7
5986,25.0,1.19,18.15,16.87,1,Italian,Regular,1,8
5987,16.0,1.62,12.67,26.05,3,FastFood,Regular,1,9
5988,33.0,1.7,22.64,16.87,2,Italian,Regular,1,9
5989,29.0,5.37,24.78,20.42,1,Vegan,Prime,1,8
5990,27.0,2.17,20.14,17.39,5,Italian,Regular,0,5
5991,40.0,0.86,14.42,21.81,0,FastFood,Prime,1,8
5992,16.0,3.4,24.98,14.73,6,Asian,Regular,1,9
5993,46.0,6.39,30.64,18.45,1,Vegan,Prime,1,8
5994,41.0,1.76,18.76,17.74,4,Vegan,Regular,1,5
5995,26.0,1.23,21.5,20.22,6,Italian,Regular,1,8
5996,28.0,3.73,24.07,18.92,0,Italian,Prime,1,9
5997,37.0,5.93,27.96,20.79,6,Italian,Regular,1,7
5998,37.0,3.21,18.82,,2,Asian,Regular,1,10
5999,26.0,0.95,8.51,18.92,5,Vegan,Prime,1,8
6000,17.0,3.05,25.61,18.5,5,Asian,Regular,1,9
