booking_id,guest_age,nights_booked,lead_time_days,room_price,day_of_week,room_type,meal_plan,is_canceled,rating
1,48.0,2.0,12.82,217.2,3,Suite,RoomOnly,0,6
2,49.0,3.0,22.19,104.92,6,Standard,AllInclusive,0,8
3,40.0,6.0,5.73,111.29,1,Standard,AllInclusive,0,9
4,29.0,3.0,14.05,127.7,4,Standard,AllInclusive,0,8
5,35.0,1.0,28.77,120.0,6,Standard,AllInclusive,0,10
6,46.0,2.0,50.31,290.52,6,Suite,AllInclusive,0,10
7,44.0,3.0,26.12,201.23,4,Family,AllInclusive,0,10
8,66.0,3.0,27.29,80.27,3,Standard,RoomOnly,0,8
9,37.0,5.0,16.71,242.9,5,Suite,RoomOnly,0,8
10,44.0,4.0,38.09,201.39,0,Family,RoomOnly,0,9
11,20.0,1.0,7.54,148.73,0,Deluxe,AllInclusive,0,10
12,18.0,2.0,20.48,72.95,1,Standard,RoomOnly,0,6
13,41.0,3.0,11.77,218.81,4,Suite,RoomOnly,0,9
14,32.0,4.0,23.38,84.0,0,Standard,RoomOnly,1,6
15,25.0,1.0,22.5,235.37,5,Suite,RoomOnly,0,9
16,28.0,6.0,12.96,113.78,6,Deluxe,RoomOnly,0,8
17,29.0,3.0,14.14,208.66,3,Family,AllInclusive,0,10
18,27.0,2.0,7.93,94.58,4,Standard,AllInclusive,0,8
19,30.0,1.0,36.77,234.52,3,Suite,RoomOnly,0,10
20,19.0,2.0,39.1,145.81,6,Deluxe,RoomOnly,0,7
21,32.0,3.0,16.89,85.22,5,Standard,RoomOnly,1,5
22,18.0,2.0,14.12,67.66,1,Standard,RoomOnly,1,5
23,39.0,3.0,5.64,145.4,2,Deluxe,RoomOnly,0,9
24,42.0,2.0,36.11,152.88,1,Deluxe,AllInclusive,0,10
25,43.0,4.0,19.0,112.73,4,Standard,AllInclusive,0,10
26,45.0,2.0,4.44,69.22,1,Standard,RoomOnly,0,8
27,30.0,8.0,62.22,156.2,5,Deluxe,AllInclusive,0,9
28,49.0,2.0,23.33,221.06,6,Suite,RoomOnly,0,10
29,28.0,2.0,33.77,190.69,3,Family,AllInclusive,0,8
30,44.0,6.0,8.35,173.36,0,Deluxe,AllInclusive,0,10
31,39.0,3.0,15.09,126.83,4,Family,RoomOnly,0,8
32,39.0,6.0,16.39,161.65,4,Family,RoomOnly,0,7
33,39.0,4.0,31.35,90.17,6,Standard,AllInclusive,1,5
34,33.0,1.0,31.12,199.21,4,Family,AllInclusive,0,10
35,35.0,4.0,53.09,277.98,5,Suite,AllInclusive,0,10
36,44.0,3.0,21.09,106.37,0,Standard,AllInclusive,0,8
37,40.0,3.0,27.69,211.82,3,Suite,RoomOnly,0,10
38,58.0,1.0,62.38,180.56,6,Family,AllInclusive,0,10
39,28.0,3.0,25.71,84.61,1,Standard,RoomOnly,0,8
40,18.0,4.0,9.4,129.34,6,Deluxe,RoomOnly,0,10
41,36.0,7.0,15.11,110.16,6,Standard,AllInclusive,0,9
42,34.0,2.0,,135.17,6,Deluxe,RoomOnly,0,8
43,27.0,3.0,63.51,110.76,1,Standard,AllInclusive,0,7
44,41.0,2.0,26.0,238.48,1,Suite,AllInclusive,0,10
45,20.0,1.0,30.81,123.33,5,Standard,AllInclusive,0,9
46,36.0,2.0,12.02,103.41,4,Standard,AllInclusive,0,7
47,32.0,3.0,14.24,121.9,2,Standard,AllInclusive,0,10
48,42.0,5.0,83.2,104.15,5,Standard,AllInclusive,0,9
49,32.0,3.0,22.44,137.42,6,Deluxe,RoomOnly,0,9
50,33.0,2.0,48.99,151.45,0,Deluxe,AllInclusive,0,10
51,38.0,1.0,40.99,77.81,1,Standard,RoomOnly,1,5
52,29.0,3.0,52.87,113.44,0,Standard,AllInclusive,0,9
53,49.0,2.0,30.47,109.32,1,Standard,AllInclusive,0,10
54,39.0,2.0,42.12,69.01,1,Standard,RoomOnly,0,5
55,33.0,2.0,19.61,144.01,2,Deluxe,RoomOnly,0,6
56,42.0,5.0,67.95,153.16,3,Deluxe,AllInclusive,0,9
57,41.0,2.0,8.39,215.73,3,Suite,RoomOnly,0,9
58,43.0,1.0,32.97,141.76,4,Deluxe,AllInclusive,1,6
59,36.0,4.0,13.88,85.42,5,Standard,RoomOnly,1,8
60,42.0,4.0,31.76,275.75,1,Suite,AllInclusive,0,10
61,18.0,1.0,6.62,124.68,4,Deluxe,RoomOnly,0,8
62,33.0,2.0,32.58,229.07,1,Suite,AllInclusive,0,10
63,28.0,2.0,33.56,159.01,4,Deluxe,AllInclusive,0,9
64,55.0,1.0,20.26,119.43,3,Deluxe,RoomOnly,0,9
65,47.0,2.0,11.75,95.72,6,Standard,AllInclusive,0,8
66,31.0,4.0,11.88,93.08,4,Standard,RoomOnly,0,8
67,36.0,3.0,21.26,144.81,0,Deluxe,AllInclusive,0,8
68,45.0,5.0,17.66,128.18,5,Deluxe,RoomOnly,0,9
69,18.0,5.0,27.18,183.78,1,Family,RoomOnly,0,10
70,41.0,3.0,25.08,126.48,3,Deluxe,RoomOnly,0,7
71,34.0,3.0,19.61,156.72,6,Deluxe,AllInclusive,0,9
72,30.0,2.0,21.32,156.89,2,Deluxe,RoomOnly,0,8
73,24.0,4.0,20.54,123.1,6,Deluxe,RoomOnly,0,7
74,29.0,5.0,27.81,157.55,4,Deluxe,RoomOnly,1,5
75,29.0,2.0,15.54,99.25,1,Standard,RoomOnly,0,9
76,36.0,6.0,34.46,133.17,0,Deluxe,RoomOnly,0,7
77,62.0,3.0,13.39,129.0,6,Deluxe,RoomOnly,0,9
78,43.0,4.0,124.3,265.52,1,Suite,RoomOnly,0,8
79,35.0,4.0,12.53,175.34,3,Deluxe,AllInclusive,1,8
80,36.0,4.0,32.72,102.68,5,Standard,AllInclusive,1,6
81,29.0,3.0,21.1,84.03,6,Standard,RoomOnly,0,8
82,47.0,4.0,12.96,239.72,2,Suite,RoomOnly,0,9
83,35.0,3.0,17.46,132.98,4,Standard,AllInclusive,0,9
84,38.0,1.0,35.53,113.2,0,Deluxe,RoomOnly,1,5
85,52.0,4.0,31.58,138.17,2,Standard,AllInclusive,1,6
86,33.0,1.0,43.3,253.25,4,Suite,RoomOnly,0,10
87,42.0,8.0,18.0,158.07,5,Family,RoomOnly,0,10
88,23.0,1.0,28.87,83.68,5,Standard,RoomOnly,1,5
89,31.0,2.0,32.78,186.84,6,Family,AllInclusive,0,10
90,26.0,3.0,21.62,105.4,2,Standard,RoomOnly,0,8
91,31.0,2.0,23.26,240.11,0,Suite,AllInclusive,0,9
92,43.0,2.0,7.83,186.11,5,Suite,RoomOnly,0,8
93,50.0,1.0,43.45,243.61,1,Suite,RoomOnly,0,10
94,29.0,3.0,17.83,81.11,4,Standard,AllInclusive,0,7
95,39.0,2.0,7.45,64.56,4,Standard,RoomOnly,0,7
96,22.0,4.0,10.23,132.27,3,Deluxe,RoomOnly,0,9
97,30.0,3.0,44.65,78.81,0,Standard,RoomOnly,0,7
98,31.0,1.0,60.72,203.49,4,Family,AllInclusive,0,9
99,22.0,1.0,11.38,113.74,2,Standard,AllInclusive,0,9
100,32.0,4.0,43.98,96.29,2,Standard,RoomOnly,0,9
101,38.0,2.0,26.27,134.64,1,Deluxe,RoomOnly,0,8
102,42.0,2.0,24.67,147.97,3,Deluxe,RoomOnly,0,8
103,38.0,3.0,26.87,142.59,1,Family,RoomOnly,0,8
104,42.0,4.0,4.7,91.94,3,Standard,RoomOnly,0,8
105,63.0,5.0,19.15,73.59,6,Standard,RoomOnly,0,9
106,42.0,3.0,15.51,132.91,4,Deluxe,RoomOnly,0,10
107,41.0,3.0,11.12,182.18,2,Family,AllInclusive,0,9
108,51.0,3.0,19.84,89.95,0,Standard,RoomOnly,1,5
109,29.0,3.0,19.08,287.34,1,Suite,AllInclusive,0,10
110,29.0,3.0,13.26,105.06,5,Standard,RoomOnly,0,10
111,29.0,2.0,46.43,261.38,3,Suite,AllInclusive,0,8
112,30.0,2.0,16.18,87.19,1,Standard,RoomOnly,0,9
113,45.0,1.0,49.98,95.47,0,Standard,AllInclusive,0,7
114,29.0,3.0,22.81,108.28,5,Standard,AllInclusive,0,10
115,40.0,5.0,64.66,79.27,2,Standard,RoomOnly,0,7
116,30.0,12.0,17.53,87.57,3,Standard,RoomOnly,0,5
117,37.0,3.0,7.29,156.19,1,Deluxe,AllInclusive,0,8
118,44.0,2.0,24.41,173.68,1,Deluxe,AllInclusive,0,10
119,41.0,2.0,14.95,195.27,4,Suite,RoomOnly,0,9
120,35.0,2.0,40.32,93.26,1,Standard,AllInclusive,0,8
121,34.0,4.0,41.28,148.1,1,Family,RoomOnly,0,10
122,24.0,2.0,18.54,156.61,6,Deluxe,AllInclusive,0,10
123,44.0,7.0,18.89,249.42,5,Suite,RoomOnly,0,8
124,37.0,2.0,27.39,284.33,4,Suite,AllInclusive,1,6
125,58.0,6.0,24.11,127.39,0,Standard,AllInclusive,0,6
126,42.0,4.0,27.33,72.12,3,Standard,RoomOnly,0,8
127,44.0,2.0,10.85,142.15,2,Deluxe,RoomOnly,0,10
128,34.0,2.0,20.72,171.5,5,Deluxe,AllInclusive,0,9
129,33.0,2.0,7.86,108.82,0,Standard,AllInclusive,0,10
130,29.0,2.0,31.96,87.34,2,Standard,RoomOnly,1,6
131,41.0,6.0,9.46,177.96,3,Deluxe,AllInclusive,0,8
132,27.0,3.0,16.59,225.48,1,Suite,AllInclusive,0,10
133,23.0,3.0,23.9,88.64,5,Standard,RoomOnly,1,5
134,25.0,3.0,19.03,85.22,0,Standard,RoomOnly,0,9
135,47.0,3.0,31.38,156.5,1,Family,RoomOnly,0,9
136,36.0,2.0,33.73,250.19,2,Suite,AllInclusive,0,10
137,29.0,4.0,10.87,134.92,6,Standard,AllInclusive,0,8
138,35.0,3.0,33.2,132.87,4,Family,RoomOnly,0,7
139,27.0,1.0,56.62,65.33,6,Standard,RoomOnly,1,4
140,34.0,4.0,43.55,87.77,5,Standard,RoomOnly,0,8
141,26.0,3.0,16.94,198.79,2,Family,AllInclusive,0,9
142,29.0,3.0,26.72,74.83,6,Standard,RoomOnly,1,4
143,58.0,2.0,31.79,166.01,3,Family,AllInclusive,0,9
144,29.0,3.0,10.43,116.85,5,Standard,AllInclusive,0,10
145,48.0,3.0,5.12,85.86,2,Standard,RoomOnly,0,8
146,33.0,3.0,47.46,215.01,1,Suite,RoomOnly,0,10
147,56.0,2.0,18.83,191.38,5,Family,AllInclusive,0,9
148,35.0,3.0,,153.95,6,Deluxe,RoomOnly,0,8
149,30.0,3.0,10.19,80.44,6,Standard,RoomOnly,0,7
150,31.0,2.0,31.45,91.97,5,Standard,RoomOnly,0,7
151,24.0,3.0,19.56,82.48,0,Standard,RoomOnly,0,9
152,37.0,2.0,26.86,112.21,2,Standard,AllInclusive,0,9
153,36.0,3.0,31.54,258.33,6,Suite,AllInclusive,0,10
154,27.0,3.0,44.13,110.64,5,Standard,AllInclusive,0,10
155,33.0,2.0,18.67,188.63,0,Suite,RoomOnly,0,8
156,38.0,1.0,21.22,163.51,2,Family,RoomOnly,0,8
157,18.0,2.0,38.23,139.66,2,Deluxe,RoomOnly,1,5
158,34.0,3.0,13.86,60.6,6,Standard,RoomOnly,0,9
159,33.0,2.0,22.63,123.02,3,Family,RoomOnly,0,7
160,36.0,2.0,15.95,145.3,0,Family,RoomOnly,0,10
161,55.0,2.0,48.47,116.48,2,Standard,AllInclusive,0,8
162,28.0,6.0,21.83,153.86,3,Family,RoomOnly,0,8
163,36.0,3.0,,82.13,3,Standard,RoomOnly,1,6
164,32.0,4.0,79.39,119.24,5,Standard,AllInclusive,0,10
165,47.0,3.0,50.96,65.21,1,Standard,RoomOnly,0,8
166,46.0,3.0,8.87,242.29,3,Suite,AllInclusive,0,10
167,32.0,7.0,22.67,116.45,4,Standard,AllInclusive,0,10
168,30.0,2.0,17.37,198.47,2,Suite,RoomOnly,0,8
169,30.0,1.0,16.35,62.15,0,Standard,RoomOnly,0,7
170,34.0,4.0,7.77,114.13,6,Deluxe,RoomOnly,0,7
171,54.0,2.0,15.76,69.98,2,Standard,RoomOnly,0,7
172,39.0,3.0,39.27,200.62,5,Suite,AllInclusive,0,10
173,25.0,5.0,18.23,137.28,4,Deluxe,AllInclusive,0,10
174,38.0,4.0,52.82,101.94,1,Standard,RoomOnly,0,8
175,47.0,3.0,56.55,253.5,6,Suite,AllInclusive,0,9
176,49.0,3.0,33.8,166.77,1,Deluxe,AllInclusive,0,10
177,31.0,2.0,38.05,273.19,0,Suite,AllInclusive,0,10
178,42.0,3.0,13.03,283.48,4,Suite,RoomOnly,1,9
179,20.0,2.0,20.08,121.25,3,Deluxe,RoomOnly,0,9
180,23.0,1.0,15.74,140.35,2,Family,RoomOnly,0,8
181,22.0,4.0,54.1,153.32,5,Deluxe,RoomOnly,0,9
182,33.0,6.0,17.97,75.15,5,Standard,RoomOnly,0,9
183,34.0,4.0,68.56,153.76,0,Deluxe,AllInclusive,0,9
184,47.0,5.0,34.74,72.86,4,Standard,RoomOnly,0,8
185,43.0,3.0,22.95,86.6,5,Standard,RoomOnly,0,7
186,41.0,5.0,18.62,190.14,3,Suite,RoomOnly,0,8
187,31.0,2.0,15.39,116.21,3,Standard,AllInclusive,0,8
188,36.0,3.0,31.59,88.9,0,Standard,RoomOnly,1,6
189,45.0,4.0,,146.62,0,Family,RoomOnly,0,8
190,26.0,3.0,10.52,127.23,1,Deluxe,RoomOnly,0,9
191,47.0,3.0,24.22,133.99,2,Deluxe,RoomOnly,0,9
192,56.0,2.0,26.86,156.56,1,Family,RoomOnly,0,8
193,24.0,2.0,12.05,208.91,3,Suite,RoomOnly,0,10
194,45.0,2.0,43.61,198.6,6,Family,AllInclusive,0,10
195,18.0,3.0,24.73,192.37,4,Deluxe,AllInclusive,0,10
196,25.0,4.0,12.25,131.63,1,Standard,AllInclusive,0,9
197,41.0,2.0,50.3,83.08,4,Standard,RoomOnly,0,8
198,42.0,2.0,,68.83,0,Standard,RoomOnly,0,8
199,42.0,5.0,21.72,78.74,0,Standard,RoomOnly,1,7
200,43.0,2.0,28.14,64.88,4,Standard,RoomOnly,0,8
201,37.0,5.0,11.91,223.09,1,Suite,RoomOnly,0,10
202,31.0,2.0,11.35,73.62,5,Standard,RoomOnly,0,6
203,48.0,3.0,43.76,136.71,0,Deluxe,RoomOnly,0,8
204,34.0,1.0,22.34,142.41,2,Deluxe,RoomOnly,0,8
205,28.0,4.0,27.12,100.97,3,Standard,AllInclusive,0,8
206,53.0,3.0,10.96,97.01,1,Standard,AllInclusive,0,7
207,32.0,1.0,20.19,104.74,3,Standard,AllInclusive,0,9
208,23.0,2.0,20.6,152.66,6,Family,RoomOnly,0,9
209,40.0,1.0,27.57,194.97,0,Family,AllInclusive,0,10
210,26.0,5.0,19.32,81.16,0,Standard,RoomOnly,0,8
211,40.0,3.0,143.98,183.52,2,Deluxe,AllInclusive,0,7
212,47.0,2.0,45.78,85.01,1,Standard,RoomOnly,0,9
213,57.0,7.0,36.16,67.15,5,Standard,RoomOnly,0,6
214,25.0,3.0,16.18,254.21,1,Suite,AllInclusive,0,10
215,48.0,5.0,96.62,261.68,6,Suite,AllInclusive,0,7
216,60.0,1.0,29.99,80.28,1,Standard,RoomOnly,1,5
217,36.0,2.0,17.59,73.98,0,Standard,RoomOnly,0,7
218,39.0,3.0,,297.31,6,Suite,AllInclusive,0,10
219,30.0,3.0,6.74,168.59,0,Deluxe,AllInclusive,0,10
220,36.0,6.0,36.3,165.74,2,Family,RoomOnly,0,9
221,30.0,3.0,20.27,143.46,6,Deluxe,RoomOnly,0,8
222,27.0,2.0,10.47,94.17,6,Standard,RoomOnly,0,10
223,43.0,2.0,41.82,238.26,3,Suite,AllInclusive,0,10
224,39.0,2.0,37.74,156.32,2,Family,RoomOnly,0,9
225,43.0,3.0,16.76,168.38,5,Deluxe,RoomOnly,0,8
226,31.0,6.0,12.91,185.52,1,Family,RoomOnly,0,8
227,45.0,3.0,34.87,95.56,2,Standard,AllInclusive,1,6
228,27.0,2.0,12.72,80.32,0,Standard,RoomOnly,0,6
229,52.0,3.0,11.79,100.06,5,Standard,RoomOnly,0,6
230,42.0,4.0,17.17,150.47,5,Deluxe,RoomOnly,0,8
231,40.0,1.0,17.05,174.63,2,Family,RoomOnly,0,9
232,34.0,1.0,42.22,192.84,6,Family,RoomOnly,0,8
233,52.0,3.0,12.12,117.32,4,Deluxe,RoomOnly,0,8
234,58.0,3.0,36.62,208.69,0,Suite,RoomOnly,0,10
235,43.0,3.0,13.76,122.27,2,Deluxe,RoomOnly,0,10
236,30.0,6.0,45.31,183.03,1,Family,AllInclusive,0,8
237,27.0,4.0,19.89,115.34,2,Standard,AllInclusive,0,9
238,21.0,1.0,21.59,157.01,0,Deluxe,AllInclusive,0,10
239,58.0,6.0,26.31,229.81,2,Suite,AllInclusive,1,7
240,33.0,2.0,18.26,215.94,3,Suite,RoomOnly,0,8
241,33.0,2.0,72.74,232.91,4,Suite,RoomOnly,0,8
242,34.0,2.0,19.61,187.43,4,Family,RoomOnly,0,9
243,18.0,2.0,11.18,87.14,5,Standard,RoomOnly,0,10
244,31.0,5.0,12.15,92.19,6,Standard,RoomOnly,0,6
245,33.0,1.0,24.38,108.18,1,Standard,AllInclusive,0,7
246,50.0,1.0,16.1,128.72,1,Deluxe,RoomOnly,0,9
247,34.0,3.0,10.83,102.18,5,Deluxe,RoomOnly,0,8
248,46.0,2.0,30.73,74.5,0,Standard,RoomOnly,0,8
249,45.0,4.0,26.35,121.83,6,Standard,AllInclusive,0,10
250,18.0,1.0,10.71,90.89,3,Standard,RoomOnly,1,5
251,37.0,4.0,21.22,137.02,5,Deluxe,AllInclusive,0,10
252,35.0,4.0,118.3,259.43,1,Suite,AllInclusive,0,10
253,41.0,3.0,33.75,146.21,0,Deluxe,AllInclusive,0,7
254,25.0,2.0,25.03,199.59,6,Suite,RoomOnly,0,8
255,36.0,2.0,15.38,95.96,3,Deluxe,RoomOnly,0,10
256,33.0,5.0,17.03,87.3,1,Standard,RoomOnly,0,9
257,31.0,8.0,18.29,295.72,0,Suite,AllInclusive,0,10
258,49.0,4.0,16.72,117.86,2,Standard,AllInclusive,0,9
259,30.0,4.0,11.91,188.39,3,Family,AllInclusive,0,10
260,25.0,3.0,34.01,220.56,4,Suite,RoomOnly,0,10
261,49.0,1.0,38.47,153.59,3,Family,RoomOnly,0,9
262,33.0,7.0,23.1,85.7,6,Standard,RoomOnly,0,8
263,27.0,1.0,82.91,98.59,4,Standard,RoomOnly,0,9
264,42.0,2.0,11.72,122.6,4,Deluxe,RoomOnly,1,6
265,37.0,5.0,27.45,76.22,4,Standard,RoomOnly,0,9
266,52.0,6.0,39.24,83.58,3,Standard,RoomOnly,0,7
267,28.0,2.0,30.27,129.38,6,Standard,AllInclusive,0,9
268,35.0,3.0,35.68,192.74,0,Suite,RoomOnly,0,9
269,31.0,4.0,39.33,153.08,0,Family,RoomOnly,0,7
270,30.0,3.0,,123.23,2,Standard,AllInclusive,0,7
271,41.0,1.0,9.54,139.14,1,Family,RoomOnly,0,8
272,47.0,3.0,18.58,78.81,3,Standard,RoomOnly,0,8
273,28.0,4.0,28.42,113.41,3,Standard,AllInclusive,0,10
274,38.0,3.0,27.93,237.55,3,Suite,RoomOnly,0,7
275,43.0,3.0,24.01,58.22,0,Standard,RoomOnly,0,9
276,54.0,3.0,47.11,210.96,1,Family,AllInclusive,0,8
277,42.0,1.0,,93.19,4,Standard,RoomOnly,0,9
278,28.0,2.0,27.89,83.66,3,Standard,RoomOnly,1,7
279,36.0,4.0,16.21,209.08,6,Suite,RoomOnly,0,10
280,29.0,6.0,28.11,153.84,4,Deluxe,AllInclusive,0,10
281,32.0,3.0,,154.75,3,Family,RoomOnly,0,7
282,42.0,2.0,12.68,145.18,5,Deluxe,RoomOnly,1,6
283,28.0,2.0,29.92,73.71,1,Standard,RoomOnly,0,7
284,53.0,2.0,38.82,76.74,4,Standard,RoomOnly,0,9
285,52.0,2.0,46.97,117.04,3,Standard,AllInclusive,0,9
286,33.0,2.0,16.67,89.28,3,Standard,RoomOnly,0,7
287,24.0,2.0,,102.99,1,Standard,AllInclusive,1,7
288,31.0,3.0,42.06,79.45,6,Standard,RoomOnly,1,6
289,46.0,3.0,,187.41,2,Family,AllInclusive,1,6
290,37.0,1.0,17.73,244.13,3,Suite,RoomOnly,0,9
291,31.0,1.0,13.35,170.07,5,Deluxe,AllInclusive,0,9
292,33.0,2.0,27.0,185.78,4,Family,RoomOnly,0,9
293,33.0,4.0,72.42,115.05,2,Deluxe,RoomOnly,1,6
294,32.0,5.0,21.29,205.81,3,Suite,RoomOnly,0,9
295,48.0,1.0,,272.25,0,Suite,AllInclusive,0,9
296,47.0,2.0,,165.28,3,Deluxe,AllInclusive,0,9
297,59.0,1.0,16.71,111.84,3,Standard,AllInclusive,0,10
298,31.0,2.0,38.07,201.17,5,Family,AllInclusive,0,10
299,20.0,3.0,14.02,117.51,0,Standard,AllInclusive,0,8
300,32.0,3.0,29.14,114.22,1,Deluxe,RoomOnly,1,6
301,33.0,2.0,22.91,120.44,4,Standard,AllInclusive,0,8
302,48.0,8.0,22.24,163.74,6,Deluxe,AllInclusive,0,10
303,22.0,2.0,28.78,151.82,6,Deluxe,RoomOnly,1,5
304,49.0,4.0,18.1,164.32,1,Deluxe,AllInclusive,0,10
305,33.0,3.0,,83.57,3,Standard,RoomOnly,1,6
306,28.0,1.0,51.01,166.5,3,Deluxe,AllInclusive,0,7
307,33.0,5.0,33.12,91.51,5,Standard,AllInclusive,0,8
308,27.0,2.0,16.88,236.43,0,Suite,RoomOnly,0,10
309,41.0,3.0,21.98,83.63,0,Standard,RoomOnly,0,9
310,26.0,2.0,21.46,251.61,1,Suite,RoomOnly,0,10
311,33.0,6.0,34.74,82.06,0,Standard,RoomOnly,0,7
312,38.0,3.0,40.59,216.72,5,Family,AllInclusive,0,10
313,32.0,4.0,26.43,102.11,2,Standard,AllInclusive,0,9
314,39.0,7.0,12.52,118.54,4,Standard,AllInclusive,0,10
315,43.0,2.0,35.27,163.61,6,Family,RoomOnly,0,8
316,45.0,4.0,64.23,125.87,1,Standard,AllInclusive,1,8
317,40.0,6.0,35.03,165.55,6,Family,RoomOnly,0,9
318,41.0,1.0,62.63,193.08,0,Family,RoomOnly,0,9
319,28.0,3.0,32.5,234.24,6,Suite,AllInclusive,0,10
320,27.0,1.0,29.05,173.12,5,Deluxe,RoomOnly,0,7
321,36.0,3.0,16.88,144.5,4,Deluxe,RoomOnly,0,7
322,53.0,1.0,16.67,102.27,5,Standard,AllInclusive,0,10
323,47.0,2.0,25.35,74.34,3,Standard,RoomOnly,0,9
324,49.0,3.0,10.85,227.15,1,Suite,RoomOnly,1,8
325,27.0,2.0,22.3,141.35,3,Family,RoomOnly,0,8
326,53.0,4.0,25.59,137.97,4,Deluxe,AllInclusive,1,6
327,26.0,5.0,23.47,107.15,2,Standard,AllInclusive,0,10
328,41.0,1.0,7.24,214.16,4,Suite,RoomOnly,1,6
329,41.0,2.0,,176.77,6,Suite,RoomOnly,0,8
330,43.0,2.0,41.71,119.9,2,Standard,AllInclusive,1,8
331,48.0,3.0,41.52,262.06,3,Suite,AllInclusive,0,9
332,31.0,4.0,10.31,64.09,5,Standard,RoomOnly,1,4
333,32.0,4.0,34.06,137.5,5,Standard,AllInclusive,0,10
334,29.0,5.0,3.47,226.41,0,Suite,RoomOnly,0,9
335,23.0,2.0,38.48,131.22,3,Deluxe,RoomOnly,0,8
336,26.0,3.0,21.45,137.94,0,Deluxe,RoomOnly,0,10
337,32.0,2.0,15.72,119.44,5,Deluxe,RoomOnly,0,9
338,36.0,4.0,,183.58,4,Family,AllInclusive,0,7
339,35.0,2.0,26.06,217.3,6,Suite,RoomOnly,0,9
340,28.0,3.0,23.51,192.5,6,Family,AllInclusive,0,9
341,18.0,3.0,49.32,57.04,1,Standard,RoomOnly,0,9
342,29.0,2.0,31.44,164.45,5,Family,RoomOnly,0,8
343,36.0,2.0,29.97,241.78,0,Suite,AllInclusive,0,8
344,45.0,4.0,14.49,103.18,1,Standard,RoomOnly,0,7
345,47.0,4.0,18.46,72.49,0,Standard,RoomOnly,0,8
346,39.0,3.0,32.25,71.25,5,Standard,RoomOnly,0,8
347,45.0,2.0,23.17,74.64,2,Standard,RoomOnly,0,9
348,34.0,6.0,30.05,80.4,2,Standard,RoomOnly,0,9
349,18.0,1.0,27.25,67.89,4,Standard,RoomOnly,0,7
350,23.0,5.0,75.8,157.47,2,Deluxe,AllInclusive,0,9
351,37.0,1.0,77.93,81.42,2,Standard,RoomOnly,0,9
352,27.0,4.0,12.52,130.59,6,Deluxe,RoomOnly,0,8
353,43.0,3.0,61.79,301.16,0,Suite,AllInclusive,0,10
354,47.0,4.0,42.16,103.64,6,Standard,AllInclusive,0,8
355,42.0,2.0,9.01,84.93,2,Standard,RoomOnly,0,7
356,24.0,3.0,14.32,178.48,0,Suite,RoomOnly,0,8
357,44.0,4.0,13.32,130.35,4,Deluxe,RoomOnly,1,7
358,40.0,1.0,31.25,91.55,2,Standard,AllInclusive,0,9
359,37.0,4.0,60.95,202.38,3,Family,AllInclusive,0,9
360,41.0,2.0,32.72,188.32,6,Suite,RoomOnly,0,9
361,27.0,3.0,30.81,117.06,3,Deluxe,RoomOnly,0,7
362,25.0,2.0,70.02,120.28,1,Standard,AllInclusive,0,10
363,20.0,1.0,,100.45,6,Standard,RoomOnly,0,10
364,33.0,2.0,10.97,122.9,0,Standard,AllInclusive,0,7
365,34.0,4.0,26.78,223.61,5,Suite,RoomOnly,1,8
366,43.0,3.0,43.89,105.73,0,Standard,RoomOnly,0,8
367,36.0,3.0,25.99,106.06,6,Standard,AllInclusive,1,6
368,23.0,3.0,33.04,177.24,5,Deluxe,AllInclusive,0,10
369,41.0,5.0,7.32,297.95,2,Suite,AllInclusive,1,7
370,52.0,7.0,13.6,237.85,6,Suite,RoomOnly,0,9
371,33.0,2.0,15.05,77.24,1,Standard,RoomOnly,1,5
372,26.0,3.0,,95.66,3,Standard,AllInclusive,0,8
373,35.0,5.0,22.35,109.29,6,Standard,AllInclusive,0,8
374,45.0,5.0,9.46,212.8,4,Suite,RoomOnly,0,9
375,37.0,2.0,19.19,76.43,2,Standard,RoomOnly,0,9
376,33.0,3.0,7.2,104.02,6,Deluxe,RoomOnly,0,8
377,41.0,2.0,19.51,184.84,5,Family,AllInclusive,0,10
378,37.0,5.0,30.89,81.84,1,Standard,RoomOnly,0,7
379,35.0,6.0,45.54,198.27,5,Family,AllInclusive,0,10
380,35.0,3.0,38.57,227.83,1,Suite,RoomOnly,1,8
381,39.0,6.0,19.03,130.59,1,Deluxe,RoomOnly,0,8
382,35.0,2.0,88.65,144.56,2,Deluxe,RoomOnly,1,5
383,35.0,2.0,17.56,191.1,1,Deluxe,AllInclusive,0,7
384,43.0,2.0,,166.25,1,Family,RoomOnly,1,6
385,38.0,2.0,19.96,61.35,3,Standard,RoomOnly,0,9
386,37.0,4.0,13.48,96.05,0,Standard,RoomOnly,0,7
387,19.0,3.0,39.97,85.59,2,Standard,RoomOnly,0,9
388,50.0,1.0,16.18,110.72,1,Standard,AllInclusive,0,9
389,36.0,3.0,12.63,176.52,1,Family,AllInclusive,0,10
390,26.0,3.0,23.42,244.3,0,Suite,AllInclusive,0,10
391,52.0,1.0,11.82,64.24,2,Standard,RoomOnly,1,4
392,38.0,4.0,47.77,90.79,6,Standard,RoomOnly,0,7
393,26.0,2.0,31.86,177.58,4,Deluxe,AllInclusive,0,9
394,40.0,3.0,10.95,211.85,6,Family,AllInclusive,0,10
395,26.0,3.0,19.93,82.06,5,Standard,RoomOnly,0,8
396,21.0,2.0,5.14,120.56,5,Deluxe,RoomOnly,0,7
397,46.0,5.0,15.39,154.97,0,Deluxe,AllInclusive,0,8
398,28.0,3.0,10.5,240.73,1,Suite,RoomOnly,0,10
399,27.0,2.0,15.46,208.47,1,Family,AllInclusive,0,10
400,37.0,5.0,42.03,268.03,1,Suite,AllInclusive,0,10
401,31.0,7.0,27.29,109.75,6,Standard,AllInclusive,0,10
402,18.0,1.0,20.53,96.45,1,Standard,AllInclusive,0,9
403,30.0,4.0,15.21,76.58,5,Standard,RoomOnly,0,7
404,49.0,1.0,27.79,124.06,2,Deluxe,RoomOnly,0,10
405,43.0,2.0,12.64,290.76,1,Suite,AllInclusive,0,10
406,18.0,2.0,37.74,190.48,4,Family,RoomOnly,0,10
407,37.0,3.0,17.93,206.1,5,Family,RoomOnly,0,10
408,38.0,4.0,39.75,201.7,3,Suite,RoomOnly,0,8
409,40.0,5.0,18.51,123.7,5,Family,RoomOnly,0,8
410,18.0,1.0,28.47,215.23,1,Suite,RoomOnly,0,9
411,20.0,3.0,,159.06,1,Family,RoomOnly,0,6
412,34.0,6.0,22.06,174.19,2,Deluxe,AllInclusive,0,8
413,43.0,1.0,18.85,101.81,0,Standard,AllInclusive,0,7
414,38.0,2.0,73.01,245.35,0,Suite,RoomOnly,0,10
415,47.0,4.0,24.15,184.85,2,Family,AllInclusive,0,10
416,41.0,6.0,20.44,125.18,6,Standard,AllInclusive,0,10
417,51.0,2.0,32.01,122.08,1,Deluxe,RoomOnly,0,10
418,30.0,1.0,7.77,121.07,3,Standard,AllInclusive,0,9
419,31.0,1.0,8.26,177.81,4,Deluxe,AllInclusive,0,9
420,28.0,2.0,,199.26,5,Family,AllInclusive,0,10
421,30.0,4.0,44.98,84.8,4,Standard,RoomOnly,0,8
422,34.0,2.0,32.37,181.75,1,Deluxe,AllInclusive,0,10
423,37.0,2.0,8.81,140.24,4,Deluxe,RoomOnly,0,8
424,30.0,13.0,27.4,190.22,5,Family,AllInclusive,0,10
425,37.0,2.0,57.44,115.37,1,Standard,AllInclusive,0,10
426,36.0,2.0,23.98,67.28,3,Standard,RoomOnly,0,9
427,27.0,2.0,29.47,129.04,2,Deluxe,RoomOnly,0,9
428,53.0,6.0,28.21,101.6,2,Deluxe,RoomOnly,0,9
429,24.0,6.0,,169.41,2,Family,RoomOnly,0,10
430,29.0,3.0,15.18,92.12,4,Standard,RoomOnly,0,8
431,47.0,3.0,9.02,77.71,4,Standard,RoomOnly,0,7
432,27.0,3.0,11.06,148.25,5,Deluxe,RoomOnly,0,8
433,29.0,2.0,13.21,263.12,0,Suite,RoomOnly,0,9
434,54.0,2.0,8.14,137.08,4,Deluxe,RoomOnly,0,10
435,21.0,4.0,12.15,169.38,1,Deluxe,AllInclusive,0,10
436,27.0,1.0,6.25,193.63,3,Suite,RoomOnly,0,8
437,37.0,1.0,15.78,77.41,6,Standard,RoomOnly,0,7
438,37.0,2.0,11.05,94.78,3,Standard,RoomOnly,0,8
439,30.0,3.0,9.18,201.75,6,Suite,RoomOnly,0,9
440,26.0,3.0,46.15,142.94,0,Family,RoomOnly,0,8
441,36.0,2.0,62.15,199.83,6,Family,AllInclusive,0,10
442,34.0,1.0,21.8,264.57,5,Suite,AllInclusive,0,10
443,59.0,2.0,31.26,154.2,5,Family,RoomOnly,0,9
444,42.0,1.0,27.16,182.65,6,Family,RoomOnly,0,7
445,31.0,1.0,13.32,201.38,3,Suite,RoomOnly,0,10
446,29.0,2.0,38.78,178.05,4,Deluxe,AllInclusive,0,10
447,37.0,2.0,14.2,172.09,4,Family,RoomOnly,0,10
448,37.0,2.0,87.22,197.44,5,Family,AllInclusive,1,8
449,31.0,3.0,51.44,138.61,1,Standard,AllInclusive,0,8
450,23.0,3.0,37.49,167.16,3,Family,AllInclusive,0,10
451,38.0,2.0,11.61,118.96,5,Deluxe,RoomOnly,0,8
452,35.0,3.0,34.85,70.08,5,Standard,RoomOnly,0,8
453,39.0,3.0,19.98,115.99,2,Standard,AllInclusive,0,8
454,32.0,5.0,10.47,209.2,6,Suite,RoomOnly,1,5
455,35.0,2.0,27.62,111.86,2,Standard,AllInclusive,0,8
456,18.0,5.0,8.08,209.22,0,Suite,RoomOnly,0,9
457,41.0,5.0,23.8,122.72,6,Deluxe,RoomOnly,0,8
458,41.0,6.0,27.45,166.47,4,Family,RoomOnly,0,10
459,24.0,2.0,29.46,210.78,6,Suite,RoomOnly,0,10
460,62.0,5.0,5.28,78.01,2,Standard,RoomOnly,0,9
461,44.0,2.0,138.32,236.61,3,Suite,RoomOnly,0,10
462,18.0,2.0,12.54,232.37,1,Suite,AllInclusive,0,10
463,24.0,2.0,16.76,87.11,1,Standard,RoomOnly,0,10
464,45.0,5.0,19.06,149.69,6,Deluxe,RoomOnly,0,9
465,47.0,2.0,38.21,114.68,1,Standard,AllInclusive,0,8
466,43.0,2.0,19.95,81.65,3,Standard,RoomOnly,0,8
467,35.0,1.0,37.3,189.08,6,Suite,RoomOnly,0,9
468,32.0,4.0,13.62,171.13,5,Deluxe,AllInclusive,0,10
469,33.0,3.0,14.04,231.91,2,Suite,AllInclusive,0,10
470,30.0,3.0,36.48,205.93,2,Family,AllInclusive,0,9
471,18.0,1.0,7.94,234.28,0,Suite,RoomOnly,0,10
472,35.0,2.0,136.11,109.28,4,Standard,AllInclusive,0,8
473,46.0,5.0,24.21,171.31,3,Deluxe,AllInclusive,0,9
474,31.0,3.0,35.01,110.89,4,Standard,AllInclusive,0,9
475,31.0,2.0,36.55,102.53,5,Deluxe,RoomOnly,0,8
476,24.0,2.0,11.88,186.4,5,Family,AllInclusive,0,9
477,36.0,2.0,22.68,65.62,0,Standard,RoomOnly,0,9
478,43.0,3.0,,255.6,5,Suite,AllInclusive,0,9
479,43.0,2.0,107.61,171.58,4,Deluxe,RoomOnly,0,8
480,30.0,1.0,22.64,244.57,1,Suite,AllInclusive,0,9
481,18.0,1.0,18.84,63.47,1,Standard,RoomOnly,0,7
482,39.0,2.0,20.48,131.41,3,Deluxe,RoomOnly,0,7
483,29.0,6.0,107.0,180.38,4,Deluxe,AllInclusive,0,10
484,30.0,4.0,13.12,87.93,5,Standard,RoomOnly,0,10
485,36.0,1.0,7.9,136.53,1,Deluxe,RoomOnly,0,8
486,21.0,8.0,18.95,98.89,4,Standard,RoomOnly,1,6
487,39.0,3.0,12.34,135.07,1,Family,RoomOnly,0,9
488,49.0,2.0,,213.61,1,Suite,RoomOnly,1,7
489,44.0,4.0,10.62,132.5,2,Deluxe,RoomOnly,0,10
490,48.0,3.0,19.93,164.24,6,Family,RoomOnly,0,9
491,36.0,2.0,55.51,176.13,2,Deluxe,AllInclusive,0,8
492,46.0,2.0,44.58,169.94,1,Family,AllInclusive,0,8
493,25.0,4.0,23.63,87.97,4,Standard,RoomOnly,0,7
494,32.0,1.0,22.39,175.44,5,Family,AllInclusive,1,6
495,42.0,2.0,55.72,195.48,1,Suite,RoomOnly,0,8
496,52.0,3.0,7.39,126.49,2,Deluxe,RoomOnly,1,6
497,49.0,2.0,17.24,81.03,3,Standard,RoomOnly,0,8
498,25.0,2.0,13.03,97.38,3,Standard,RoomOnly,0,7
499,33.0,5.0,57.57,207.6,3,Family,AllInclusive,0,9
500,45.0,3.0,9.09,94.47,1,Standard,RoomOnly,0,8
501,37.0,3.0,33.03,198.35,3,Family,RoomOnly,0,9
502,55.0,4.0,10.16,95.31,6,Standard,RoomOnly,0,7
503,43.0,3.0,18.0,226.5,1,Suite,RoomOnly,0,10
504,29.0,4.0,12.63,161.08,1,Family,RoomOnly,0,9
505,36.0,4.0,17.04,129.5,3,Standard,AllInclusive,0,9
506,30.0,4.0,11.88,131.6,4,Family,RoomOnly,0,8
507,38.0,1.0,46.86,88.0,6,Standard,RoomOnly,0,8
508,45.0,2.0,13.15,91.76,3,Standard,RoomOnly,0,7
509,28.0,3.0,27.2,143.09,3,Deluxe,AllInclusive,0,9
510,48.0,3.0,57.02,181.96,5,Family,AllInclusive,0,10
511,41.0,2.0,19.03,90.51,2,Standard,RoomOnly,0,7
512,25.0,1.0,,203.78,0,Suite,RoomOnly,0,7
513,30.0,4.0,29.27,78.78,6,Standard,RoomOnly,0,8
514,26.0,3.0,14.13,231.79,1,Suite,RoomOnly,0,7
515,27.0,2.0,9.51,84.55,0,Standard,RoomOnly,0,8
516,34.0,2.0,28.13,185.41,3,Family,AllInclusive,1,7
517,44.0,8.0,29.97,166.89,1,Family,RoomOnly,0,9
518,33.0,1.0,11.92,159.2,3,Family,RoomOnly,0,7
519,31.0,2.0,6.66,183.92,4,Family,AllInclusive,0,9
520,36.0,3.0,11.85,78.96,3,Standard,RoomOnly,0,9
521,28.0,2.0,19.42,135.51,2,Deluxe,RoomOnly,1,7
522,47.0,3.0,27.09,104.82,6,Standard,AllInclusive,0,9
523,22.0,3.0,5.27,142.28,0,Deluxe,RoomOnly,0,7
524,48.0,5.0,32.56,122.64,6,Standard,AllInclusive,1,5
525,29.0,3.0,,142.42,1,Family,RoomOnly,0,9
526,30.0,3.0,4.82,104.7,1,Deluxe,RoomOnly,0,9
527,40.0,3.0,6.45,87.56,5,Standard,RoomOnly,1,5
528,43.0,3.0,20.77,174.1,1,Family,RoomOnly,0,9
529,43.0,5.0,15.26,82.33,4,Standard,RoomOnly,0,7
530,58.0,1.0,18.31,146.8,5,Deluxe,RoomOnly,0,9
531,45.0,3.0,14.01,150.5,2,Deluxe,RoomOnly,0,9
532,35.0,3.0,16.32,259.93,5,Suite,AllInclusive,0,8
533,27.0,2.0,48.64,108.74,6,Deluxe,RoomOnly,0,7
534,45.0,2.0,18.24,86.26,6,Standard,AllInclusive,0,9
535,48.0,5.0,24.85,139.68,5,Deluxe,RoomOnly,0,8
536,33.0,4.0,16.01,71.06,0,Standard,RoomOnly,0,6
537,38.0,3.0,25.4,135.17,1,Deluxe,RoomOnly,1,7
538,33.0,4.0,42.75,171.3,0,Deluxe,AllInclusive,0,10
539,22.0,2.0,22.39,136.75,2,Deluxe,RoomOnly,0,8
540,35.0,1.0,17.57,74.16,4,Standard,RoomOnly,1,5
541,35.0,2.0,8.77,107.39,6,Standard,RoomOnly,0,7
542,38.0,3.0,32.29,74.86,4,Standard,RoomOnly,0,5
543,50.0,2.0,27.32,274.39,0,Suite,AllInclusive,0,10
544,38.0,5.0,33.86,289.39,6,Suite,AllInclusive,0,10
545,35.0,3.0,18.88,250.43,6,Suite,RoomOnly,0,10
546,32.0,3.0,18.02,168.67,2,Family,RoomOnly,0,8
547,39.0,4.0,47.62,157.64,3,Family,RoomOnly,0,8
548,27.0,2.0,98.54,132.4,1,Deluxe,AllInclusive,0,10
549,39.0,5.0,,189.12,0,Suite,RoomOnly,0,9
550,22.0,2.0,13.52,173.22,5,Deluxe,AllInclusive,0,9
551,29.0,6.0,19.79,91.72,2,Deluxe,RoomOnly,0,8
552,27.0,4.0,195.92,75.37,5,Standard,RoomOnly,1,5
553,45.0,2.0,47.54,143.8,5,Deluxe,AllInclusive,1,8
554,45.0,5.0,7.04,84.72,5,Standard,RoomOnly,0,7
555,36.0,1.0,23.64,273.58,5,Suite,AllInclusive,0,10
556,32.0,3.0,15.88,240.26,0,Suite,RoomOnly,0,9
557,49.0,2.0,42.61,62.51,3,Standard,RoomOnly,0,7
558,41.0,1.0,17.67,73.88,4,Standard,RoomOnly,1,6
559,39.0,2.0,19.38,112.61,3,Standard,AllInclusive,0,10
560,31.0,2.0,12.71,249.33,5,Suite,AllInclusive,0,9
561,31.0,2.0,9.23,149.89,3,Family,RoomOnly,0,7
562,32.0,2.0,75.47,115.76,3,Standard,AllInclusive,0,7
563,40.0,4.0,8.53,86.28,5,Standard,RoomOnly,0,8
564,30.0,5.0,56.93,233.41,3,Suite,AllInclusive,0,10
565,35.0,2.0,19.11,151.56,1,Deluxe,AllInclusive,0,9
566,32.0,6.0,22.17,107.76,1,Deluxe,RoomOnly,0,8
567,31.0,2.0,13.4,190.31,3,Deluxe,AllInclusive,0,10
568,36.0,5.0,17.36,226.23,4,Suite,RoomOnly,0,9
569,32.0,2.0,21.98,86.25,0,Deluxe,RoomOnly,0,7
570,24.0,1.0,36.7,210.28,6,Suite,RoomOnly,0,10
571,29.0,2.0,33.48,205.71,4,Suite,RoomOnly,0,8
572,33.0,3.0,13.02,188.64,5,Suite,RoomOnly,0,9
573,46.0,4.0,12.45,229.69,2,Suite,RoomOnly,1,7
574,21.0,3.0,45.51,143.5,5,Deluxe,RoomOnly,0,9
575,31.0,7.0,37.61,118.27,5,Standard,AllInclusive,0,8
576,37.0,7.0,34.57,81.46,6,Standard,RoomOnly,0,9
577,37.0,2.0,37.11,89.68,3,Standard,RoomOnly,0,10
578,31.0,4.0,19.23,154.78,1,Standard,AllInclusive,0,10
579,23.0,2.0,14.22,176.49,2,Deluxe,AllInclusive,0,9
580,36.0,3.0,14.26,274.5,6,Suite,AllInclusive,0,10
581,29.0,2.0,26.84,173.7,3,Suite,RoomOnly,0,9
582,33.0,3.0,43.18,105.85,4,Standard,AllInclusive,0,9
583,50.0,3.0,24.3,128.85,6,Deluxe,RoomOnly,0,8
584,26.0,4.0,16.56,276.72,1,Suite,AllInclusive,0,10
585,25.0,3.0,48.77,262.98,1,Suite,AllInclusive,0,10
586,40.0,5.0,23.36,143.27,1,Deluxe,RoomOnly,0,9
587,40.0,3.0,15.65,226.52,5,Suite,AllInclusive,0,10
588,27.0,3.0,34.79,136.75,1,Family,RoomOnly,0,9
589,39.0,2.0,24.44,133.17,4,Deluxe,RoomOnly,0,8
590,44.0,2.0,50.88,164.86,3,Family,RoomOnly,1,6
591,46.0,2.0,6.98,83.11,4,Standard,RoomOnly,1,6
592,38.0,2.0,12.34,248.7,5,Suite,AllInclusive,0,10
593,18.0,3.0,12.26,81.62,0,Standard,RoomOnly,0,7
594,37.0,4.0,52.31,125.0,4,Standard,AllInclusive,0,7
595,44.0,3.0,29.71,116.57,1,Standard,AllInclusive,0,10
596,32.0,2.0,9.77,103.04,2,Standard,RoomOnly,1,7
597,35.0,2.0,35.55,273.44,3,Suite,AllInclusive,0,10
598,36.0,3.0,,93.41,4,Standard,AllInclusive,1,7
599,41.0,2.0,40.64,80.79,3,Standard,RoomOnly,1,4
600,41.0,3.0,29.77,71.72,2,Standard,RoomOnly,0,8
601,35.0,2.0,4.96,75.68,5,Standard,RoomOnly,0,9
602,35.0,7.0,6.03,137.49,0,Family,RoomOnly,0,10
603,38.0,3.0,40.86,190.38,0,Family,AllInclusive,0,10
604,35.0,2.0,35.43,92.01,0,Standard,RoomOnly,0,7
605,47.0,1.0,35.26,251.5,5,Suite,AllInclusive,0,10
606,49.0,3.0,60.33,108.83,1,Standard,AllInclusive,0,9
607,18.0,6.0,15.83,95.01,3,Standard,RoomOnly,1,6
608,35.0,1.0,44.27,293.94,4,Suite,AllInclusive,0,9
609,28.0,4.0,19.22,97.09,6,Standard,RoomOnly,0,7
610,37.0,2.0,27.96,76.78,1,Standard,RoomOnly,0,5
611,48.0,3.0,9.13,79.7,0,Standard,RoomOnly,1,6
612,42.0,3.0,33.69,75.71,1,Standard,RoomOnly,0,7
613,43.0,2.0,,78.5,2,Standard,RoomOnly,0,8
614,39.0,2.0,19.23,104.07,3,Standard,RoomOnly,0,8
615,40.0,3.0,12.4,139.18,3,Deluxe,AllInclusive,0,9
616,28.0,2.0,18.15,168.95,0,Deluxe,AllInclusive,0,8
617,52.0,2.0,25.28,125.31,1,Standard,AllInclusive,0,10
618,35.0,3.0,18.59,141.84,5,Deluxe,RoomOnly,0,9
619,30.0,1.0,33.06,113.09,1,Standard,AllInclusive,0,9
620,43.0,1.0,21.14,129.08,3,Deluxe,RoomOnly,0,9
621,46.0,3.0,17.01,138.73,6,Deluxe,RoomOnly,0,8
622,18.0,2.0,22.38,263.0,1,Suite,AllInclusive,0,10
623,25.0,1.0,,182.95,6,Family,RoomOnly,0,10
624,36.0,8.0,38.47,178.51,5,Deluxe,AllInclusive,0,10
625,22.0,7.0,12.74,192.55,3,Family,RoomOnly,0,10
626,36.0,3.0,15.09,177.14,5,Family,RoomOnly,0,8
627,32.0,3.0,24.11,73.51,4,Standard,RoomOnly,0,7
628,38.0,4.0,22.06,106.77,0,Deluxe,RoomOnly,0,8
629,18.0,5.0,28.38,84.96,2,Standard,RoomOnly,1,6
630,47.0,3.0,31.83,200.49,6,Suite,AllInclusive,1,8
631,45.0,2.0,26.28,258.01,3,Suite,RoomOnly,0,10
632,35.0,6.0,13.28,140.81,2,Family,RoomOnly,0,9
633,35.0,2.0,16.59,85.19,3,Standard,RoomOnly,0,7
634,41.0,2.0,7.03,120.8,5,Deluxe,RoomOnly,0,10
635,40.0,3.0,18.98,131.03,0,Standard,AllInclusive,0,10
636,31.0,3.0,11.61,242.79,5,Suite,RoomOnly,0,10
637,36.0,3.0,6.17,145.37,2,Deluxe,RoomOnly,0,9
638,34.0,1.0,13.87,146.64,2,Deluxe,RoomOnly,1,5
639,25.0,3.0,27.29,67.4,0,Standard,RoomOnly,0,7
640,50.0,3.0,30.87,177.2,6,Family,AllInclusive,0,10
641,40.0,6.0,16.06,110.58,5,Standard,RoomOnly,0,7
642,39.0,2.0,9.24,81.44,2,Standard,RoomOnly,0,8
643,25.0,3.0,76.04,104.51,6,Standard,AllInclusive,0,10
644,27.0,1.0,,80.18,2,Standard,RoomOnly,0,7
645,25.0,3.0,,110.37,1,Standard,AllInclusive,0,10
646,41.0,5.0,13.87,103.32,1,Standard,AllInclusive,0,8
647,39.0,2.0,37.45,134.68,4,Deluxe,RoomOnly,0,9
648,18.0,4.0,32.94,204.17,1,Suite,RoomOnly,0,8
649,40.0,4.0,34.47,272.89,6,Suite,AllInclusive,0,10
650,33.0,5.0,25.37,164.91,3,Deluxe,AllInclusive,0,8
651,57.0,4.0,13.85,165.93,2,Deluxe,AllInclusive,0,9
652,33.0,3.0,5.34,118.35,0,Deluxe,RoomOnly,0,9
653,34.0,2.0,30.75,161.36,5,Deluxe,AllInclusive,0,9
654,32.0,3.0,42.19,122.22,3,Standard,AllInclusive,0,8
655,43.0,4.0,23.23,106.03,0,Standard,RoomOnly,0,8
656,50.0,3.0,25.08,147.61,4,Deluxe,AllInclusive,0,8
657,27.0,3.0,45.32,137.71,4,Standard,AllInclusive,0,10
658,35.0,4.0,27.78,93.64,1,Standard,RoomOnly,0,8
659,43.0,3.0,8.32,136.43,3,Deluxe,RoomOnly,0,9
660,31.0,7.0,47.86,197.05,4,Family,AllInclusive,0,10
661,41.0,2.0,13.83,87.51,0,Standard,RoomOnly,0,7
662,34.0,2.0,8.36,144.2,5,Deluxe,RoomOnly,0,8
663,42.0,2.0,16.54,133.36,3,Deluxe,RoomOnly,0,9
664,35.0,5.0,83.57,103.56,5,Standard,AllInclusive,0,9
665,27.0,4.0,24.64,236.56,5,Suite,AllInclusive,0,8
666,28.0,2.0,11.97,253.53,4,Suite,AllInclusive,0,10
667,32.0,3.0,13.66,163.87,4,Family,RoomOnly,0,8
668,49.0,2.0,13.17,234.38,0,Suite,RoomOnly,0,10
669,27.0,4.0,,239.3,0,Suite,RoomOnly,0,9
670,36.0,3.0,9.87,95.72,2,Standard,RoomOnly,0,8
671,55.0,3.0,19.95,122.06,3,Deluxe,RoomOnly,0,10
672,29.0,2.0,19.5,127.8,6,Deluxe,RoomOnly,0,6
673,31.0,2.0,38.28,82.11,5,Standard,RoomOnly,1,7
674,40.0,9.0,61.44,93.57,4,Standard,RoomOnly,0,9
675,19.0,3.0,14.53,91.34,5,Standard,RoomOnly,0,7
676,39.0,8.0,18.33,163.36,5,Deluxe,AllInclusive,0,9
677,43.0,4.0,14.56,146.87,0,Deluxe,RoomOnly,0,8
678,29.0,2.0,21.31,78.36,6,Standard,RoomOnly,0,8
679,31.0,3.0,57.76,198.65,0,Suite,RoomOnly,1,5
680,40.0,1.0,16.86,210.89,5,Suite,RoomOnly,0,10
681,51.0,1.0,33.78,105.5,3,Standard,RoomOnly,0,10
682,47.0,2.0,15.84,242.37,5,Suite,AllInclusive,0,9
683,48.0,2.0,44.1,78.71,6,Standard,RoomOnly,0,9
684,43.0,1.0,20.53,136.54,4,Deluxe,RoomOnly,0,8
685,18.0,3.0,48.94,86.88,4,Standard,RoomOnly,0,8
686,40.0,2.0,25.76,143.28,4,Deluxe,RoomOnly,0,8
687,18.0,3.0,46.38,93.68,4,Standard,AllInclusive,1,6
688,42.0,3.0,39.86,215.76,6,Suite,RoomOnly,0,8
689,18.0,1.0,16.12,124.67,6,Deluxe,RoomOnly,0,9
690,35.0,4.0,32.97,167.34,3,Family,RoomOnly,0,9
691,36.0,2.0,32.6,74.87,1,Standard,RoomOnly,1,6
692,41.0,2.0,14.83,143.29,3,Deluxe,RoomOnly,0,9
693,45.0,5.0,54.5,158.66,4,Deluxe,AllInclusive,0,10
694,51.0,4.0,23.99,154.46,3,Deluxe,AllInclusive,0,10
695,27.0,5.0,74.84,240.6,0,Suite,RoomOnly,0,10
696,59.0,3.0,27.67,163.74,5,Deluxe,RoomOnly,0,10
697,47.0,2.0,40.12,275.32,0,Suite,AllInclusive,0,10
698,38.0,9.0,10.07,97.33,1,Standard,RoomOnly,0,8
699,33.0,4.0,43.85,57.66,5,Standard,RoomOnly,0,8
700,39.0,3.0,25.28,180.85,0,Suite,RoomOnly,0,9
701,30.0,2.0,24.26,138.63,2,Deluxe,RoomOnly,0,8
702,24.0,2.0,24.66,126.24,1,Standard,AllInclusive,0,7
703,33.0,1.0,26.77,146.31,0,Deluxe,AllInclusive,0,9
704,21.0,2.0,39.19,152.57,2,Deluxe,RoomOnly,0,7
705,34.0,3.0,50.56,75.68,4,Standard,AllInclusive,0,8
706,44.0,3.0,18.18,88.28,4,Standard,RoomOnly,0,7
707,57.0,3.0,10.29,170.73,1,Family,RoomOnly,0,10
708,54.0,6.0,20.53,93.49,1,Standard,RoomOnly,0,10
709,43.0,1.0,35.69,87.68,6,Standard,RoomOnly,0,7
710,30.0,3.0,12.02,121.38,4,Standard,AllInclusive,0,8
711,41.0,2.0,,206.98,3,Family,AllInclusive,0,9
712,28.0,3.0,38.63,101.47,5,Standard,RoomOnly,0,7
713,36.0,4.0,21.66,79.93,5,Standard,RoomOnly,0,7
714,30.0,2.0,17.78,75.03,5,Standard,RoomOnly,0,8
715,27.0,4.0,24.79,247.55,0,Suite,AllInclusive,0,10
716,39.0,8.0,26.93,126.13,5,Deluxe,RoomOnly,0,10
717,19.0,1.0,59.57,64.3,5,Standard,RoomOnly,0,8
718,40.0,3.0,22.74,148.8,1,Deluxe,RoomOnly,0,9
719,18.0,4.0,9.51,199.23,3,Family,AllInclusive,0,9
720,53.0,7.0,23.75,206.09,5,Family,AllInclusive,0,10
721,28.0,4.0,16.95,122.36,6,Deluxe,RoomOnly,0,7
722,18.0,3.0,13.08,87.68,3,Standard,RoomOnly,0,9
723,35.0,3.0,17.72,188.92,2,Deluxe,AllInclusive,0,10
724,39.0,4.0,6.96,125.71,2,Deluxe,RoomOnly,0,6
725,33.0,2.0,19.01,174.59,4,Family,RoomOnly,0,10
726,29.0,3.0,,103.15,0,Standard,RoomOnly,0,10
727,34.0,1.0,89.08,102.31,0,Standard,AllInclusive,0,8
728,32.0,6.0,30.35,130.03,3,Deluxe,RoomOnly,0,8
729,30.0,4.0,46.61,227.2,6,Suite,AllInclusive,0,10
730,35.0,2.0,27.63,253.86,6,Suite,RoomOnly,0,10
731,31.0,3.0,19.31,277.48,2,Suite,AllInclusive,0,10
732,41.0,8.0,82.74,160.0,1,Deluxe,AllInclusive,1,9
733,36.0,10.0,12.94,148.49,4,Deluxe,RoomOnly,0,8
734,55.0,4.0,32.37,91.23,0,Standard,RoomOnly,1,5
735,38.0,2.0,14.31,194.3,3,Family,RoomOnly,0,8
736,22.0,4.0,19.99,145.0,6,Deluxe,RoomOnly,0,8
737,30.0,4.0,18.09,102.28,4,Standard,AllInclusive,0,8
738,27.0,2.0,18.38,297.82,5,Suite,AllInclusive,0,10
739,44.0,3.0,32.68,253.48,5,Suite,RoomOnly,0,10
740,40.0,4.0,32.37,99.47,1,Standard,AllInclusive,0,7
741,30.0,4.0,24.53,121.27,0,Standard,AllInclusive,0,8
742,26.0,2.0,47.23,84.94,4,Standard,RoomOnly,1,5
743,24.0,3.0,57.72,161.19,4,Family,RoomOnly,0,8
744,40.0,4.0,13.12,123.54,0,Standard,AllInclusive,0,10
745,21.0,2.0,31.18,141.43,6,Deluxe,AllInclusive,0,10
746,41.0,3.0,24.41,132.41,2,Deluxe,RoomOnly,0,7
747,29.0,2.0,26.99,104.42,4,Standard,AllInclusive,0,8
748,51.0,6.0,13.52,151.4,3,Deluxe,RoomOnly,0,9
749,27.0,3.0,12.02,173.14,6,Deluxe,AllInclusive,1,7
750,45.0,3.0,,146.48,4,Deluxe,RoomOnly,0,8
751,23.0,1.0,16.06,161.03,2,Family,RoomOnly,0,10
752,19.0,4.0,9.4,164.12,5,Family,RoomOnly,0,10
753,52.0,5.0,18.85,132.56,2,Standard,AllInclusive,1,8
754,24.0,3.0,8.88,161.33,6,Deluxe,AllInclusive,0,9
755,49.0,5.0,12.92,65.21,3,Standard,RoomOnly,0,8
756,33.0,2.0,15.43,219.24,2,Suite,RoomOnly,0,8
757,31.0,2.0,19.46,112.54,1,Standard,AllInclusive,0,10
758,27.0,4.0,25.66,146.43,0,Deluxe,RoomOnly,0,7
759,46.0,2.0,20.58,237.67,3,Suite,AllInclusive,0,9
760,31.0,2.0,24.66,134.95,1,Deluxe,RoomOnly,0,9
761,56.0,3.0,23.96,179.58,5,Suite,RoomOnly,1,6
762,37.0,2.0,33.84,125.89,6,Deluxe,RoomOnly,0,9
763,38.0,10.0,28.0,140.61,6,Deluxe,AllInclusive,0,8
764,42.0,2.0,20.37,90.18,2,Standard,RoomOnly,0,8
765,23.0,2.0,24.45,273.14,5,Suite,AllInclusive,0,10
766,34.0,2.0,7.13,145.38,5,Family,RoomOnly,0,9
767,46.0,1.0,,78.37,6,Standard,RoomOnly,0,8
768,20.0,2.0,40.38,117.88,0,Deluxe,RoomOnly,0,9
769,29.0,5.0,18.55,82.22,5,Standard,RoomOnly,0,10
770,30.0,6.0,34.37,100.63,2,Standard,RoomOnly,0,9
771,36.0,3.0,10.44,105.49,1,Standard,AllInclusive,0,6
772,39.0,3.0,46.87,162.54,1,Deluxe,AllInclusive,0,8
773,45.0,2.0,21.24,229.12,5,Suite,RoomOnly,0,8
774,47.0,1.0,36.19,103.18,2,Standard,RoomOnly,0,8
775,46.0,2.0,37.92,162.98,6,Family,RoomOnly,0,10
776,47.0,2.0,31.72,128.95,0,Standard,AllInclusive,0,9
777,35.0,2.0,23.44,139.0,0,Family,RoomOnly,1,6
778,42.0,2.0,16.24,154.71,6,Family,RoomOnly,0,10
779,40.0,2.0,15.4,216.26,2,Suite,RoomOnly,0,10
780,43.0,1.0,13.15,129.38,0,Standard,AllInclusive,1,8
781,30.0,5.0,48.83,92.57,1,Standard,RoomOnly,0,10
782,37.0,7.0,11.58,151.21,6,Deluxe,RoomOnly,0,9
783,38.0,3.0,17.11,150.03,4,Deluxe,RoomOnly,0,7
784,48.0,2.0,28.02,91.11,0,Standard,RoomOnly,0,10
785,52.0,3.0,37.19,126.23,1,Family,RoomOnly,1,5
786,46.0,3.0,8.54,104.9,6,Standard,AllInclusive,0,9
787,48.0,2.0,17.37,142.95,3,Deluxe,RoomOnly,0,9
788,46.0,2.0,5.06,61.32,0,Standard,RoomOnly,1,3
789,46.0,4.0,17.94,138.61,2,Deluxe,RoomOnly,0,9
790,31.0,5.0,31.06,149.42,2,Deluxe,RoomOnly,1,5
791,41.0,1.0,19.71,166.23,6,Deluxe,AllInclusive,1,5
792,32.0,4.0,13.24,129.39,5,Deluxe,RoomOnly,0,10
793,31.0,2.0,20.47,76.48,3,Standard,RoomOnly,0,9
794,42.0,6.0,,114.13,0,Standard,AllInclusive,0,9
795,31.0,2.0,179.76,80.68,3,Standard,RoomOnly,0,9
796,28.0,3.0,11.78,139.03,0,Deluxe,RoomOnly,0,8
797,28.0,2.0,8.4,147.04,1,Deluxe,RoomOnly,0,9
798,38.0,4.0,10.02,227.97,1,Suite,RoomOnly,0,8
799,29.0,2.0,,107.82,4,Standard,RoomOnly,0,7
800,39.0,2.0,138.36,110.24,1,Standard,AllInclusive,0,9
801,34.0,2.0,11.59,65.08,3,Standard,RoomOnly,0,7
802,36.0,4.0,15.78,208.08,2,Suite,RoomOnly,0,9
803,28.0,2.0,23.76,215.47,1,Suite,RoomOnly,0,9
804,43.0,2.0,,259.91,3,Suite,AllInclusive,1,9
805,49.0,6.0,10.37,134.57,5,Family,RoomOnly,0,10
806,43.0,1.0,22.6,151.77,2,Family,RoomOnly,0,8
807,35.0,3.0,8.89,139.79,0,Deluxe,RoomOnly,0,8
808,38.0,2.0,22.64,131.06,1,Deluxe,RoomOnly,0,9
809,37.0,2.0,20.65,264.57,6,Suite,RoomOnly,0,9
810,34.0,2.0,44.32,168.72,4,Deluxe,AllInclusive,1,7
811,38.0,1.0,42.46,215.51,2,Suite,RoomOnly,0,10
812,43.0,2.0,73.29,71.01,4,Standard,RoomOnly,1,4
813,48.0,5.0,12.23,140.84,3,Deluxe,RoomOnly,0,8
814,39.0,4.0,23.63,166.31,2,Deluxe,AllInclusive,1,8
815,21.0,2.0,18.7,197.49,0,Deluxe,RoomOnly,0,8
816,32.0,5.0,47.33,174.34,4,Deluxe,AllInclusive,1,8
817,35.0,2.0,,138.82,6,Deluxe,RoomOnly,0,8
818,43.0,2.0,8.59,146.1,1,Deluxe,RoomOnly,0,10
819,35.0,2.0,20.53,178.18,5,Family,AllInclusive,0,9
820,48.0,2.0,46.18,87.12,2,Standard,RoomOnly,1,5
821,39.0,2.0,8.31,92.76,6,Standard,RoomOnly,0,8
822,32.0,3.0,23.5,273.94,5,Suite,AllInclusive,0,9
823,46.0,3.0,20.24,73.1,4,Standard,RoomOnly,0,8
824,26.0,3.0,20.3,92.53,6,Standard,AllInclusive,0,10
825,47.0,7.0,18.09,94.99,2,Standard,AllInclusive,0,9
826,34.0,4.0,11.6,139.96,4,Deluxe,RoomOnly,0,9
827,28.0,5.0,43.66,179.83,4,Deluxe,AllInclusive,0,9
828,27.0,5.0,18.59,196.61,2,Family,AllInclusive,0,10
829,59.0,2.0,25.01,247.52,1,Suite,RoomOnly,0,10
830,30.0,1.0,22.76,103.21,3,Deluxe,RoomOnly,1,5
831,41.0,4.0,143.05,151.65,2,Deluxe,AllInclusive,0,8
832,25.0,4.0,26.47,111.99,4,Standard,AllInclusive,0,8
833,33.0,2.0,45.46,181.9,1,Family,AllInclusive,0,9
834,32.0,3.0,19.09,76.28,5,Standard,RoomOnly,0,7
835,28.0,2.0,19.11,246.89,1,Suite,AllInclusive,0,10
836,25.0,2.0,36.48,105.16,6,Standard,AllInclusive,0,6
837,41.0,2.0,28.16,137.32,0,Deluxe,RoomOnly,0,10
838,23.0,2.0,20.81,104.21,6,Standard,AllInclusive,0,9
839,54.0,5.0,7.77,156.96,1,Deluxe,AllInclusive,0,8
840,29.0,1.0,22.8,67.75,0,Standard,RoomOnly,0,9
841,60.0,2.0,50.75,130.51,4,Deluxe,RoomOnly,0,7
842,28.0,2.0,40.88,90.09,2,Standard,RoomOnly,0,8
843,31.0,3.0,11.32,92.04,2,Standard,RoomOnly,0,6
844,31.0,6.0,9.7,205.77,1,Suite,RoomOnly,0,10
845,21.0,3.0,45.24,153.09,4,Deluxe,AllInclusive,1,8
846,40.0,4.0,46.02,114.58,5,Deluxe,RoomOnly,0,8
847,40.0,4.0,39.67,118.02,1,Deluxe,RoomOnly,0,7
848,45.0,2.0,,162.57,3,Deluxe,AllInclusive,0,7
849,45.0,5.0,6.54,72.7,1,Standard,RoomOnly,0,6
850,31.0,3.0,32.29,191.51,0,Family,AllInclusive,0,9
851,46.0,3.0,30.48,120.76,3,Standard,AllInclusive,0,10
852,54.0,2.0,43.92,72.04,6,Standard,RoomOnly,0,7
853,34.0,2.0,18.72,87.48,4,Standard,RoomOnly,0,8
854,45.0,5.0,24.13,140.55,6,Deluxe,RoomOnly,0,7
855,18.0,4.0,31.93,103.11,1,Standard,RoomOnly,0,10
856,20.0,2.0,31.25,160.48,2,Deluxe,AllInclusive,0,8
857,27.0,8.0,34.62,179.72,3,Family,RoomOnly,0,8
858,25.0,3.0,27.26,161.46,3,Deluxe,AllInclusive,1,8
859,35.0,5.0,9.16,130.53,3,Standard,AllInclusive,0,8
860,22.0,5.0,34.5,114.35,6,Standard,AllInclusive,0,8
861,37.0,4.0,23.44,133.46,1,Deluxe,RoomOnly,0,7
862,39.0,1.0,8.85,198.59,5,Suite,RoomOnly,0,9
863,23.0,3.0,59.34,144.78,2,Deluxe,RoomOnly,0,9
864,37.0,2.0,33.88,133.28,5,Deluxe,RoomOnly,0,7
865,34.0,1.0,15.6,82.22,2,Standard,RoomOnly,0,9
866,36.0,2.0,9.71,87.75,5,Standard,RoomOnly,0,7
867,40.0,2.0,21.27,167.32,0,Family,RoomOnly,0,9
868,49.0,3.0,26.42,118.31,1,Standard,AllInclusive,0,8
869,18.0,3.0,10.19,99.42,6,Standard,AllInclusive,0,10
870,19.0,4.0,27.2,109.54,4,Standard,AllInclusive,0,8
871,51.0,3.0,12.39,157.0,5,Family,RoomOnly,0,9
872,29.0,1.0,19.42,128.74,4,Deluxe,AllInclusive,0,8
873,28.0,1.0,25.35,117.47,2,Standard,AllInclusive,0,8
874,39.0,2.0,35.03,249.23,3,Suite,AllInclusive,0,10
875,20.0,4.0,22.56,87.5,4,Standard,RoomOnly,0,8
876,19.0,3.0,28.09,124.86,1,Standard,AllInclusive,0,10
877,43.0,3.0,28.36,93.27,2,Standard,RoomOnly,0,8
878,28.0,3.0,42.32,97.74,5,Standard,AllInclusive,0,10
879,18.0,1.0,13.13,98.81,2,Deluxe,RoomOnly,0,7
880,20.0,4.0,35.1,140.71,6,Deluxe,AllInclusive,0,10
881,41.0,6.0,,136.82,5,Deluxe,RoomOnly,0,8
882,27.0,4.0,22.58,72.0,6,Standard,RoomOnly,0,7
883,24.0,2.0,19.24,128.29,1,Standard,AllInclusive,0,9
884,21.0,7.0,8.49,186.48,6,Family,RoomOnly,0,7
885,58.0,2.0,52.36,218.86,2,Family,AllInclusive,0,10
886,26.0,2.0,66.69,136.74,3,Deluxe,RoomOnly,0,7
887,46.0,7.0,19.28,245.54,0,Suite,AllInclusive,0,9
888,45.0,2.0,28.26,196.51,1,Family,AllInclusive,0,10
889,23.0,4.0,15.92,95.8,2,Standard,RoomOnly,0,9
890,44.0,4.0,9.39,92.5,4,Standard,RoomOnly,0,8
891,35.0,3.0,41.83,106.4,0,Standard,AllInclusive,0,10
892,18.0,4.0,84.95,158.45,4,Deluxe,AllInclusive,0,9
893,34.0,5.0,12.14,80.03,3,Standard,RoomOnly,1,6
894,30.0,5.0,24.51,285.26,6,Suite,AllInclusive,0,10
895,30.0,4.0,41.67,73.7,3,Standard,RoomOnly,1,7
896,19.0,5.0,66.55,74.82,6,Standard,RoomOnly,0,10
897,18.0,5.0,31.39,168.83,1,Family,RoomOnly,0,6
898,34.0,2.0,22.23,84.2,5,Standard,RoomOnly,0,6
899,38.0,2.0,35.93,118.65,5,Deluxe,RoomOnly,0,8
900,45.0,6.0,23.87,142.96,6,Deluxe,RoomOnly,0,8
901,38.0,3.0,11.26,135.58,0,Deluxe,RoomOnly,0,9
902,43.0,2.0,13.76,159.17,0,Family,RoomOnly,0,10
903,49.0,6.0,12.52,161.68,6,Deluxe,AllInclusive,0,9
904,34.0,5.0,,77.65,6,Standard,RoomOnly,0,8
905,38.0,3.0,24.86,78.9,4,Standard,RoomOnly,0,7
906,45.0,1.0,23.25,117.31,4,Deluxe,RoomOnly,1,6
907,36.0,2.0,,147.15,1,Deluxe,RoomOnly,0,9
908,28.0,3.0,19.81,207.97,2,Family,AllInclusive,0,9
909,57.0,3.0,24.92,115.55,2,Deluxe,RoomOnly,0,9
910,21.0,3.0,96.24,137.21,5,Deluxe,RoomOnly,0,9
911,61.0,1.0,33.6,138.77,6,Deluxe,RoomOnly,0,6
912,40.0,3.0,45.94,142.64,6,Deluxe,AllInclusive,0,10
913,28.0,1.0,10.69,88.96,3,Standard,RoomOnly,0,7
914,26.0,3.0,21.75,130.21,3,Deluxe,RoomOnly,0,8
915,35.0,2.0,10.36,260.04,2,Suite,RoomOnly,0,9
916,33.0,1.0,9.14,88.38,6,Standard,RoomOnly,0,8
917,49.0,4.0,58.03,82.6,3,Standard,RoomOnly,1,6
918,54.0,4.0,71.65,197.91,4,Family,AllInclusive,0,10
919,43.0,6.0,13.27,238.63,5,Suite,AllInclusive,0,10
920,30.0,3.0,74.97,159.93,5,Family,RoomOnly,0,8
921,32.0,2.0,15.52,98.28,5,Standard,RoomOnly,0,8
922,40.0,3.0,33.51,168.44,4,Deluxe,AllInclusive,0,9
923,31.0,13.0,35.47,143.5,3,Deluxe,AllInclusive,0,9
924,34.0,2.0,22.9,178.88,5,Family,RoomOnly,0,9
925,20.0,3.0,22.53,164.62,6,Family,RoomOnly,0,9
926,38.0,4.0,85.64,123.65,3,Standard,AllInclusive,0,8
927,31.0,3.0,20.02,146.9,4,Family,RoomOnly,0,8
928,23.0,3.0,15.81,73.58,1,Standard,RoomOnly,1,6
929,43.0,1.0,23.43,166.36,1,Deluxe,AllInclusive,0,10
930,45.0,2.0,39.93,167.89,1,Family,RoomOnly,0,9
931,23.0,4.0,18.33,155.71,5,Deluxe,RoomOnly,0,10
932,25.0,8.0,13.67,129.48,5,Deluxe,RoomOnly,0,8
933,25.0,2.0,41.28,163.65,2,Family,RoomOnly,0,7
934,43.0,5.0,28.86,152.1,0,Deluxe,RoomOnly,0,7
935,46.0,5.0,,218.53,2,Suite,RoomOnly,0,10
936,31.0,3.0,19.46,214.03,5,Suite,RoomOnly,0,9
937,36.0,1.0,13.39,201.73,4,Suite,RoomOnly,0,8
938,26.0,3.0,13.51,161.62,0,Family,RoomOnly,0,10
939,36.0,2.0,11.01,124.15,2,Deluxe,RoomOnly,1,5
940,18.0,6.0,28.03,117.36,1,Standard,AllInclusive,0,7
941,29.0,2.0,35.32,118.36,2,Standard,AllInclusive,0,9
942,38.0,3.0,26.56,80.39,5,Standard,RoomOnly,0,8
943,30.0,4.0,13.33,185.95,6,Family,AllInclusive,0,10
944,41.0,3.0,15.62,222.79,6,Suite,RoomOnly,0,6
945,45.0,2.0,26.31,143.22,5,Deluxe,AllInclusive,0,10
946,44.0,3.0,14.82,180.35,6,Family,RoomOnly,0,10
947,24.0,3.0,23.29,163.1,3,Family,RoomOnly,0,9
948,37.0,1.0,42.24,65.24,4,Standard,RoomOnly,0,8
949,30.0,2.0,,259.43,4,Suite,RoomOnly,0,10
950,24.0,1.0,23.84,89.43,2,Standard,RoomOnly,0,7
951,44.0,7.0,29.86,180.5,2,Family,AllInclusive,0,10
952,45.0,4.0,27.21,106.12,0,Standard,RoomOnly,0,8
953,38.0,6.0,17.54,46.08,2,Standard,RoomOnly,1,3
954,20.0,2.0,27.98,105.65,5,Standard,AllInclusive,0,9
955,54.0,4.0,63.18,132.25,3,Deluxe,AllInclusive,0,9
956,34.0,1.0,30.91,153.12,6,Family,AllInclusive,0,10
957,35.0,4.0,29.3,126.31,2,Deluxe,RoomOnly,0,9
958,23.0,3.0,35.48,97.57,5,Standard,RoomOnly,0,9
959,29.0,5.0,17.93,122.84,1,Standard,AllInclusive,0,10
960,40.0,4.0,10.67,138.49,3,Deluxe,RoomOnly,0,8
961,36.0,1.0,22.94,147.91,4,Family,RoomOnly,1,4
962,44.0,3.0,10.58,144.11,5,Deluxe,RoomOnly,0,6
963,35.0,6.0,19.06,220.47,1,Suite,RoomOnly,0,10
964,31.0,1.0,60.31,257.31,1,Suite,AllInclusive,0,10
965,42.0,3.0,18.45,84.41,3,Standard,RoomOnly,0,8
966,43.0,3.0,,139.92,1,Deluxe,RoomOnly,0,7
967,42.0,2.0,74.95,74.35,5,Standard,RoomOnly,0,4
968,18.0,4.0,23.25,119.56,2,Deluxe,RoomOnly,1,6
969,39.0,3.0,15.55,193.83,0,Family,AllInclusive,0,10
970,43.0,2.0,18.62,217.22,4,Suite,RoomOnly,0,8
971,20.0,1.0,27.39,111.52,1,Standard,AllInclusive,0,9
972,31.0,3.0,18.15,271.02,1,Suite,RoomOnly,0,10
973,36.0,3.0,20.44,258.84,6,Suite,AllInclusive,0,10
974,44.0,1.0,25.26,157.34,6,Deluxe,AllInclusive,0,8
975,47.0,4.0,38.55,105.6,3,Standard,AllInclusive,0,8
976,18.0,2.0,15.62,171.95,1,Family,AllInclusive,0,8
977,29.0,4.0,23.37,112.41,4,Deluxe,RoomOnly,0,6
978,22.0,3.0,9.08,121.63,3,Standard,AllInclusive,0,7
979,37.0,2.0,17.81,227.73,5,Suite,RoomOnly,0,8
980,35.0,6.0,27.87,272.54,0,Suite,AllInclusive,0,10
981,48.0,3.0,11.69,63.81,4,Standard,RoomOnly,0,6
982,33.0,2.0,29.96,162.71,2,Deluxe,AllInclusive,0,9
983,29.0,1.0,22.17,141.97,1,Family,RoomOnly,0,8
984,48.0,2.0,26.24,115.3,2,Deluxe,RoomOnly,0,9
985,37.0,3.0,40.65,213.35,5,Suite,RoomOnly,0,7
986,38.0,4.0,24.28,75.71,1,Standard,RoomOnly,0,8
987,50.0,3.0,18.49,123.86,2,Standard,AllInclusive,0,8
988,35.0,2.0,11.16,152.34,6,Family,RoomOnly,0,9
989,32.0,4.0,42.07,104.0,0,Standard,AllInclusive,0,10
990,34.0,3.0,28.83,166.9,3,Family,RoomOnly,1,5
991,51.0,3.0,39.64,105.32,0,Standard,AllInclusive,0,9
992,27.0,2.0,57.85,170.71,5,Deluxe,AllInclusive,0,10
993,46.0,2.0,20.36,111.1,3,Standard,AllInclusive,0,8
994,49.0,3.0,35.91,204.86,5,Family,AllInclusive,0,10
995,45.0,7.0,39.99,142.77,5,Deluxe,AllInclusive,0,7
996,44.0,4.0,18.0,164.86,4,Deluxe,AllInclusive,0,10
997,26.0,2.0,92.79,95.6,3,Standard,AllInclusive,0,10
998,18.0,5.0,41.27,196.72,6,Suite,RoomOnly,0,10
999,48.0,5.0,19.59,262.23,3,Suite,AllInclusive,0,10
1000,44.0,2.0,11.57,160.52,3,Deluxe,AllInclusive,0,8
1001,36.0,2.0,33.91,182.9,3,Deluxe,AllInclusive,1,7
1002,24.0,4.0,11.78,115.31,5,Standard,AllInclusive,0,10
1003,40.0,4.0,13.72,102.4,2,Deluxe,RoomOnly,0,8
1004,49.0,2.0,14.89,169.7,2,Family,RoomOnly,1,6
1005,27.0,2.0,11.37,119.3,6,Standard,AllInclusive,0,8
1006,22.0,2.0,15.55,150.99,3,Deluxe,RoomOnly,0,7
1007,21.0,4.0,25.12,94.38,1,Standard,RoomOnly,0,8
1008,27.0,2.0,21.06,94.92,1,Standard,RoomOnly,0,8
1009,54.0,4.0,16.52,113.12,1,Standard,AllInclusive,0,9
1010,39.0,4.0,11.38,158.25,0,Deluxe,AllInclusive,0,9
1011,18.0,4.0,8.23,98.43,2,Standard,RoomOnly,1,4
1012,22.0,3.0,29.7,173.57,5,Family,AllInclusive,0,9
1013,42.0,4.0,19.98,176.15,3,Deluxe,AllInclusive,0,10
1014,28.0,2.0,53.6,186.44,3,Deluxe,AllInclusive,0,10
1015,20.0,2.0,31.52,144.41,2,Deluxe,RoomOnly,1,7
1016,46.0,3.0,11.81,116.23,3,Deluxe,RoomOnly,0,7
1017,25.0,4.0,46.95,87.95,5,Standard,RoomOnly,0,8
1018,26.0,3.0,22.43,130.72,4,Deluxe,RoomOnly,1,5
1019,43.0,3.0,24.05,192.4,3,Family,RoomOnly,0,9
1020,29.0,2.0,8.85,110.42,6,Standard,AllInclusive,0,9
1021,49.0,2.0,15.9,216.08,4,Family,AllInclusive,0,10
1022,50.0,3.0,71.16,102.26,3,Standard,AllInclusive,0,9
1023,20.0,2.0,27.56,246.1,0,Suite,AllInclusive,0,10
1024,39.0,2.0,,79.06,0,Standard,RoomOnly,1,5
1025,31.0,2.0,56.91,111.69,4,Standard,AllInclusive,1,6
1026,28.0,2.0,11.69,228.4,5,Suite,RoomOnly,0,8
1027,18.0,3.0,26.9,170.64,0,Family,RoomOnly,0,10
1028,48.0,2.0,22.85,174.24,2,Deluxe,AllInclusive,0,10
1029,37.0,3.0,23.67,116.65,2,Deluxe,RoomOnly,0,9
1030,27.0,2.0,38.87,89.49,5,Standard,RoomOnly,1,6
1031,37.0,2.0,24.55,51.98,1,Standard,RoomOnly,0,7
1032,42.0,2.0,23.86,182.34,6,Family,AllInclusive,0,8
1033,45.0,4.0,,168.8,4,Family,RoomOnly,1,5
1034,33.0,7.0,28.54,140.21,1,Family,RoomOnly,0,7
1035,28.0,1.0,17.61,184.82,4,Family,AllInclusive,0,10
1036,29.0,4.0,10.45,177.7,0,Family,AllInclusive,0,8
1037,34.0,5.0,18.92,166.95,0,Deluxe,AllInclusive,0,9
1038,28.0,2.0,15.36,80.06,1,Standard,RoomOnly,0,10
1039,31.0,3.0,23.68,100.65,3,Standard,AllInclusive,0,9
1040,28.0,3.0,35.25,69.92,1,Standard,RoomOnly,0,8
1041,18.0,2.0,,132.94,1,Standard,AllInclusive,0,8
1042,66.0,8.0,19.2,192.06,4,Suite,RoomOnly,0,7
1043,42.0,3.0,64.25,139.44,1,Family,RoomOnly,0,9
1044,32.0,2.0,79.53,144.22,2,Deluxe,RoomOnly,0,9
1045,43.0,3.0,7.91,238.8,0,Suite,RoomOnly,0,9
1046,36.0,4.0,15.15,96.03,5,Standard,AllInclusive,0,7
1047,34.0,3.0,21.6,158.09,4,Family,AllInclusive,0,9
1048,27.0,3.0,29.59,149.12,0,Deluxe,RoomOnly,0,9
1049,45.0,4.0,24.73,200.19,6,Suite,RoomOnly,0,10
1050,18.0,4.0,21.97,197.9,5,Family,AllInclusive,0,10
1051,44.0,3.0,20.2,84.94,6,Standard,RoomOnly,1,4
1052,46.0,1.0,13.72,81.19,4,Standard,RoomOnly,0,9
1053,25.0,1.0,14.31,165.52,0,Deluxe,AllInclusive,0,10
1054,22.0,3.0,13.72,262.2,4,Suite,RoomOnly,0,10
1055,21.0,3.0,11.68,164.98,0,Family,AllInclusive,0,10
1056,41.0,3.0,31.59,91.96,6,Standard,AllInclusive,0,9
1057,45.0,1.0,8.79,227.52,4,Suite,RoomOnly,0,8
1058,37.0,2.0,25.35,74.0,6,Standard,RoomOnly,0,8
1059,40.0,1.0,11.05,62.11,1,Standard,RoomOnly,1,4
1060,18.0,4.0,48.26,126.01,6,Standard,AllInclusive,0,10
1061,34.0,3.0,24.72,109.31,5,Standard,AllInclusive,0,10
1062,43.0,2.0,51.82,111.73,2,Standard,AllInclusive,0,9
1063,42.0,4.0,28.52,166.56,5,Deluxe,AllInclusive,1,7
1064,29.0,2.0,23.99,163.34,4,Family,RoomOnly,0,9
1065,49.0,2.0,7.8,177.99,6,Family,RoomOnly,0,8
1066,37.0,5.0,13.0,259.86,3,Suite,RoomOnly,0,9
1067,54.0,2.0,31.17,101.39,3,Standard,AllInclusive,0,8
1068,35.0,2.0,22.74,112.66,1,Deluxe,AllInclusive,1,8
1069,28.0,3.0,22.93,99.77,4,Standard,RoomOnly,0,6
1070,37.0,3.0,42.16,163.85,0,Family,RoomOnly,0,8
1071,30.0,1.0,,211.08,0,Family,AllInclusive,1,9
1072,45.0,2.0,9.7,195.92,4,Family,RoomOnly,0,9
1073,49.0,1.0,43.87,263.79,0,Suite,RoomOnly,0,8
1074,32.0,1.0,39.98,189.73,1,Suite,RoomOnly,0,8
1075,43.0,3.0,38.26,218.59,3,Suite,AllInclusive,0,8
1076,22.0,4.0,29.26,147.7,1,Deluxe,AllInclusive,0,8
1077,35.0,4.0,30.5,160.78,1,Deluxe,AllInclusive,0,8
1078,35.0,11.0,16.16,160.35,2,Deluxe,RoomOnly,0,9
1079,36.0,3.0,21.35,134.78,6,Deluxe,RoomOnly,0,9
1080,23.0,1.0,58.11,127.99,5,Standard,AllInclusive,0,9
1081,42.0,1.0,,62.41,6,Standard,RoomOnly,0,8
1082,45.0,3.0,10.26,82.29,2,Standard,RoomOnly,0,7
1083,35.0,2.0,29.58,126.1,6,Standard,AllInclusive,0,10
1084,47.0,2.0,52.36,142.91,3,Deluxe,AllInclusive,0,8
1085,46.0,3.0,49.88,118.47,0,Deluxe,RoomOnly,0,8
1086,37.0,3.0,15.25,184.29,4,Family,RoomOnly,0,9
1087,25.0,3.0,20.92,83.43,3,Standard,RoomOnly,1,4
1088,29.0,5.0,37.48,168.22,0,Deluxe,AllInclusive,0,8
1089,57.0,6.0,,77.57,3,Standard,RoomOnly,0,7
1090,37.0,2.0,25.4,217.4,5,Family,AllInclusive,0,10
1091,39.0,3.0,9.52,117.59,5,Deluxe,RoomOnly,0,8
1092,36.0,4.0,25.55,161.02,6,Deluxe,AllInclusive,0,10
1093,27.0,2.0,37.73,196.01,5,Family,AllInclusive,0,9
1094,40.0,2.0,15.17,209.25,2,Suite,AllInclusive,0,10
1095,24.0,2.0,51.65,159.97,5,Deluxe,AllInclusive,0,8
1096,43.0,4.0,57.47,95.65,6,Standard,RoomOnly,0,9
1097,36.0,7.0,23.07,230.81,0,Suite,RoomOnly,0,9
1098,33.0,3.0,20.93,159.82,2,Deluxe,RoomOnly,0,10
1099,29.0,2.0,25.84,270.67,4,Suite,RoomOnly,0,10
1100,36.0,3.0,12.95,84.32,2,Standard,RoomOnly,0,9
1101,30.0,2.0,19.1,72.58,6,Standard,RoomOnly,1,4
1102,35.0,2.0,9.73,81.12,5,Standard,RoomOnly,1,5
1103,32.0,3.0,20.86,224.49,2,Suite,RoomOnly,0,8
1104,30.0,3.0,61.78,165.09,3,Family,AllInclusive,0,9
1105,21.0,2.0,24.98,74.76,3,Standard,RoomOnly,0,6
1106,18.0,7.0,27.17,254.46,6,Suite,AllInclusive,0,8
1107,37.0,4.0,27.35,129.05,0,Deluxe,RoomOnly,0,9
1108,42.0,2.0,17.95,123.03,0,Deluxe,RoomOnly,0,8
1109,32.0,7.0,15.48,203.06,4,Family,AllInclusive,0,10
1110,32.0,2.0,15.63,118.17,5,Deluxe,RoomOnly,0,9
1111,34.0,2.0,13.55,111.92,4,Deluxe,RoomOnly,0,8
1112,31.0,6.0,48.32,80.64,4,Standard,RoomOnly,1,6
1113,33.0,7.0,10.03,114.49,3,Deluxe,RoomOnly,0,7
1114,42.0,1.0,25.96,222.85,0,Suite,AllInclusive,0,10
1115,37.0,4.0,18.83,143.36,1,Deluxe,RoomOnly,0,7
1116,38.0,1.0,51.83,228.43,0,Suite,AllInclusive,0,8
1117,36.0,2.0,8.83,130.29,1,Deluxe,RoomOnly,0,9
1118,21.0,2.0,11.76,258.5,3,Suite,RoomOnly,0,9
1119,31.0,1.0,63.04,120.22,1,Standard,AllInclusive,0,9
1120,39.0,2.0,15.89,104.54,2,Standard,AllInclusive,0,9
1121,25.0,3.0,36.84,176.27,2,Deluxe,AllInclusive,0,10
1122,24.0,2.0,67.82,202.01,5,Suite,RoomOnly,1,6
1123,51.0,2.0,15.25,162.86,0,Deluxe,AllInclusive,0,10
1124,30.0,3.0,58.86,69.9,4,Standard,RoomOnly,0,9
1125,24.0,3.0,18.9,210.66,5,Suite,RoomOnly,0,7
1126,29.0,3.0,44.42,123.56,0,Standard,AllInclusive,0,9
1127,31.0,2.0,38.39,133.77,1,Deluxe,AllInclusive,1,7
1128,39.0,1.0,29.98,130.84,2,Family,RoomOnly,0,7
1129,44.0,4.0,27.59,80.95,3,Standard,RoomOnly,1,6
1130,38.0,1.0,19.22,78.85,5,Standard,RoomOnly,0,8
1131,33.0,4.0,26.27,182.97,3,Family,RoomOnly,0,10
1132,56.0,4.0,27.07,131.09,6,Deluxe,AllInclusive,0,10
1133,23.0,5.0,11.3,71.97,4,Standard,RoomOnly,0,9
1134,29.0,5.0,11.36,89.69,6,Standard,RoomOnly,0,7
1135,36.0,3.0,27.37,147.4,4,Deluxe,RoomOnly,0,9
1136,40.0,3.0,11.37,179.86,6,Family,RoomOnly,0,10
1137,39.0,2.0,48.44,75.29,0,Standard,RoomOnly,1,7
1138,55.0,4.0,25.87,184.39,2,Deluxe,AllInclusive,0,10
1139,20.0,3.0,30.37,99.54,0,Standard,RoomOnly,0,8
1140,18.0,3.0,,110.57,0,Standard,AllInclusive,0,9
1141,41.0,2.0,22.17,166.5,3,Deluxe,AllInclusive,0,9
1142,21.0,2.0,67.75,66.73,5,Standard,RoomOnly,0,10
1143,25.0,2.0,21.45,189.89,0,Family,RoomOnly,0,8
1144,36.0,4.0,5.1,122.84,5,Deluxe,RoomOnly,0,8
1145,48.0,1.0,28.47,120.1,1,Deluxe,RoomOnly,0,8
1146,18.0,2.0,8.56,123.44,5,Deluxe,RoomOnly,0,8
1147,48.0,4.0,10.65,129.23,3,Standard,AllInclusive,0,10
1148,30.0,2.0,51.74,268.87,3,Suite,AllInclusive,0,9
1149,40.0,2.0,37.52,147.45,1,Family,RoomOnly,0,8
1150,33.0,5.0,41.3,134.27,5,Deluxe,RoomOnly,0,8
1151,33.0,2.0,17.68,129.66,3,Deluxe,RoomOnly,1,4
1152,18.0,3.0,14.34,92.15,6,Standard,AllInclusive,0,7
1153,35.0,4.0,12.31,93.3,3,Standard,RoomOnly,0,7
1154,18.0,3.0,14.34,109.25,0,Standard,AllInclusive,0,9
1155,40.0,3.0,33.56,226.81,6,Suite,RoomOnly,1,7
1156,41.0,4.0,12.93,247.61,3,Suite,AllInclusive,0,8
1157,32.0,7.0,12.61,148.55,1,Deluxe,RoomOnly,0,10
1158,27.0,1.0,39.1,69.26,5,Standard,RoomOnly,0,7
1159,35.0,2.0,38.79,121.2,4,Standard,AllInclusive,0,9
1160,28.0,2.0,32.09,81.75,3,Standard,RoomOnly,0,6
1161,36.0,2.0,20.63,253.15,5,Suite,RoomOnly,0,10
1162,42.0,1.0,9.82,195.75,3,Suite,RoomOnly,0,8
1163,25.0,2.0,13.05,98.09,1,Deluxe,RoomOnly,0,10
1164,47.0,2.0,18.7,107.15,2,Standard,RoomOnly,0,9
1165,51.0,2.0,19.99,161.91,1,Deluxe,AllInclusive,0,10
1166,39.0,2.0,6.59,75.86,3,Standard,RoomOnly,0,10
1167,34.0,2.0,23.68,116.28,1,Standard,AllInclusive,0,9
1168,42.0,2.0,14.68,159.36,1,Family,RoomOnly,0,9
1169,47.0,1.0,24.61,226.72,5,Suite,RoomOnly,0,10
1170,18.0,1.0,40.06,119.87,1,Deluxe,RoomOnly,0,10
1171,22.0,2.0,35.15,105.61,5,Standard,AllInclusive,0,9
1172,34.0,2.0,13.96,125.19,6,Standard,AllInclusive,0,9
1173,28.0,4.0,13.83,215.61,1,Suite,AllInclusive,0,10
1174,38.0,2.0,28.34,148.82,6,Deluxe,AllInclusive,0,9
1175,31.0,2.0,35.3,112.76,3,Standard,AllInclusive,0,8
1176,40.0,4.0,8.78,142.75,2,Family,AllInclusive,0,8
1177,31.0,2.0,28.81,168.54,4,Deluxe,AllInclusive,0,10
1178,26.0,2.0,15.06,200.96,3,Family,AllInclusive,0,9
1179,21.0,6.0,14.48,78.68,0,Standard,RoomOnly,0,9
1180,31.0,2.0,112.04,135.15,5,Standard,AllInclusive,0,8
1181,18.0,2.0,56.69,125.23,6,Standard,AllInclusive,0,10
1182,41.0,2.0,14.76,138.82,0,Standard,AllInclusive,0,8
1183,35.0,2.0,29.0,90.77,5,Standard,AllInclusive,0,9
1184,32.0,4.0,29.53,130.15,2,Deluxe,RoomOnly,0,8
1185,18.0,1.0,29.82,78.07,0,Standard,RoomOnly,0,7
1186,41.0,1.0,61.06,158.7,4,Deluxe,AllInclusive,0,8
1187,57.0,4.0,24.32,81.24,5,Standard,RoomOnly,0,9
1188,47.0,3.0,19.76,173.49,1,Family,RoomOnly,0,9
1189,39.0,4.0,24.5,128.86,1,Deluxe,RoomOnly,0,6
1190,38.0,5.0,26.76,98.35,4,Standard,RoomOnly,0,9
1191,29.0,8.0,10.69,139.4,0,Deluxe,RoomOnly,0,10
1192,59.0,2.0,48.59,225.45,3,Suite,RoomOnly,0,8
1193,28.0,1.0,15.61,125.78,5,Deluxe,RoomOnly,0,7
1194,38.0,2.0,35.14,122.98,5,Deluxe,RoomOnly,0,8
1195,54.0,1.0,36.74,139.51,1,Deluxe,AllInclusive,0,9
1196,51.0,2.0,15.59,233.53,5,Suite,AllInclusive,0,10
1197,40.0,2.0,,67.53,3,Standard,RoomOnly,0,7
1198,27.0,1.0,12.6,185.3,3,Suite,RoomOnly,0,9
1199,18.0,6.0,39.05,105.9,3,Deluxe,RoomOnly,0,8
1200,20.0,3.0,10.4,140.54,3,Family,RoomOnly,0,9
1201,43.0,3.0,39.55,95.55,3,Standard,RoomOnly,0,9
1202,31.0,2.0,13.66,85.94,4,Standard,RoomOnly,0,9
1203,19.0,5.0,25.24,74.91,2,Standard,RoomOnly,0,9
1204,32.0,5.0,28.01,134.28,3,Standard,AllInclusive,0,10
1205,18.0,4.0,23.85,234.09,2,Suite,RoomOnly,0,10
1206,23.0,4.0,59.89,91.38,3,Standard,RoomOnly,0,8
1207,43.0,3.0,149.32,92.51,1,Standard,RoomOnly,1,6
1208,49.0,4.0,41.54,105.31,5,Standard,AllInclusive,0,8
1209,32.0,4.0,17.49,122.49,1,Standard,AllInclusive,0,9
1210,43.0,4.0,20.97,185.57,6,Family,RoomOnly,0,9
1211,24.0,3.0,23.28,185.79,1,Family,RoomOnly,0,8
1212,32.0,5.0,10.65,218.87,2,Suite,RoomOnly,0,10
1213,31.0,6.0,28.8,170.46,6,Family,RoomOnly,0,10
1214,27.0,2.0,8.62,73.43,2,Standard,RoomOnly,0,7
1215,47.0,6.0,24.76,88.62,6,Standard,RoomOnly,0,8
1216,28.0,1.0,21.98,78.96,3,Standard,RoomOnly,1,6
1217,29.0,2.0,70.77,81.17,3,Standard,RoomOnly,1,6
1218,45.0,3.0,,121.31,6,Standard,AllInclusive,0,9
1219,48.0,4.0,16.2,196.32,0,Family,AllInclusive,0,9
1220,29.0,3.0,35.66,79.79,5,Standard,RoomOnly,0,7
1221,51.0,3.0,18.18,88.3,3,Standard,RoomOnly,1,5
1222,29.0,3.0,25.8,110.34,0,Standard,AllInclusive,0,10
1223,47.0,2.0,69.29,197.24,2,Suite,RoomOnly,0,9
1224,44.0,3.0,28.6,145.25,4,Deluxe,AllInclusive,0,10
1225,26.0,5.0,40.35,92.38,1,Standard,RoomOnly,0,8
1226,48.0,4.0,50.73,62.17,4,Standard,RoomOnly,0,8
1227,45.0,3.0,58.08,99.36,2,Standard,AllInclusive,1,8
1228,51.0,2.0,17.62,184.7,5,Family,AllInclusive,0,7
1229,24.0,4.0,27.2,84.24,5,Standard,RoomOnly,0,7
1230,36.0,2.0,40.85,88.67,2,Standard,RoomOnly,0,8
1231,30.0,3.0,9.98,138.38,2,Family,RoomOnly,0,9
1232,41.0,8.0,35.93,161.05,1,Deluxe,AllInclusive,0,9
1233,30.0,4.0,20.4,169.67,0,Deluxe,AllInclusive,0,10
1234,18.0,1.0,25.47,103.89,4,Standard,RoomOnly,1,5
1235,35.0,6.0,14.02,207.34,1,Suite,RoomOnly,0,9
1236,38.0,3.0,12.83,101.59,3,Standard,RoomOnly,0,7
1237,31.0,1.0,20.84,164.58,4,Deluxe,AllInclusive,0,10
1238,19.0,2.0,30.38,86.63,6,Standard,RoomOnly,0,9
1239,31.0,1.0,8.49,167.42,3,Deluxe,RoomOnly,0,7
1240,19.0,5.0,50.07,84.86,2,Standard,RoomOnly,0,7
1241,29.0,2.0,51.54,198.72,2,Family,AllInclusive,0,10
1242,44.0,4.0,16.3,174.26,1,Deluxe,AllInclusive,0,10
1243,24.0,5.0,42.94,140.32,3,Deluxe,RoomOnly,0,10
1244,51.0,6.0,53.95,162.48,2,Deluxe,RoomOnly,0,9
1245,46.0,8.0,82.26,192.71,4,Family,AllInclusive,1,5
1246,30.0,2.0,75.57,156.81,4,Deluxe,AllInclusive,1,6
1247,33.0,2.0,13.83,172.27,6,Family,RoomOnly,0,10
1248,58.0,5.0,47.35,250.04,6,Suite,AllInclusive,0,10
1249,32.0,3.0,22.83,174.97,6,Family,RoomOnly,0,9
1250,51.0,3.0,,146.91,6,Deluxe,AllInclusive,0,10
1251,40.0,2.0,31.13,79.84,4,Standard,RoomOnly,0,9
1252,47.0,1.0,10.33,65.08,0,Standard,RoomOnly,0,6
1253,18.0,2.0,53.81,206.04,1,Suite,RoomOnly,0,8
1254,31.0,1.0,25.94,92.86,2,Standard,RoomOnly,0,7
1255,50.0,3.0,11.32,156.67,0,Deluxe,RoomOnly,0,10
1256,49.0,3.0,,156.32,1,Deluxe,AllInclusive,0,9
1257,28.0,2.0,13.16,74.97,5,Standard,RoomOnly,0,9
1258,41.0,5.0,34.96,169.34,2,Family,AllInclusive,0,10
1259,49.0,4.0,16.65,99.98,3,Standard,AllInclusive,0,9
1260,24.0,3.0,33.21,122.46,6,Standard,AllInclusive,0,7
1261,40.0,3.0,75.42,90.15,2,Standard,RoomOnly,0,9
1262,38.0,5.0,26.06,139.31,2,Deluxe,RoomOnly,1,6
1263,22.0,2.0,26.42,132.12,1,Deluxe,RoomOnly,1,5
1264,39.0,3.0,16.54,189.15,1,Family,AllInclusive,0,9
1265,29.0,5.0,34.81,107.05,6,Standard,RoomOnly,0,8
1266,35.0,3.0,41.53,223.28,4,Suite,RoomOnly,0,10
1267,25.0,1.0,35.93,263.51,0,Suite,AllInclusive,0,9
1268,42.0,2.0,21.68,96.88,3,Standard,RoomOnly,0,8
1269,37.0,2.0,18.59,197.35,1,Suite,RoomOnly,0,9
1270,27.0,2.0,11.97,257.25,0,Suite,AllInclusive,0,10
1271,34.0,1.0,34.43,94.66,0,Standard,AllInclusive,0,9
1272,27.0,6.0,,166.92,3,Family,RoomOnly,0,7
1273,37.0,4.0,,76.41,5,Standard,RoomOnly,0,8
1274,45.0,2.0,9.13,87.31,0,Standard,RoomOnly,0,6
1275,35.0,4.0,16.53,150.35,0,Deluxe,AllInclusive,0,10
1276,18.0,3.0,,71.64,3,Standard,RoomOnly,1,4
1277,27.0,2.0,26.44,154.19,4,Deluxe,AllInclusive,0,10
1278,27.0,4.0,29.9,99.64,3,Standard,AllInclusive,0,9
1279,52.0,1.0,16.87,156.76,4,Family,RoomOnly,0,9
1280,41.0,8.0,28.02,156.27,3,Deluxe,AllInclusive,0,10
1281,57.0,7.0,16.24,138.12,4,Standard,AllInclusive,0,10
1282,42.0,6.0,33.02,119.07,5,Standard,AllInclusive,0,8
1283,35.0,2.0,33.12,115.79,4,Standard,AllInclusive,0,9
1284,35.0,5.0,29.39,185.83,6,Family,AllInclusive,0,10
1285,47.0,3.0,20.95,213.33,6,Suite,RoomOnly,0,9
1286,39.0,2.0,13.1,86.42,4,Standard,RoomOnly,0,8
1287,42.0,2.0,30.97,116.26,0,Standard,AllInclusive,0,8
1288,35.0,2.0,20.58,209.36,3,Suite,RoomOnly,1,7
1289,41.0,3.0,35.8,221.16,4,Suite,RoomOnly,0,10
1290,32.0,4.0,73.91,153.93,2,Deluxe,AllInclusive,1,7
1291,22.0,3.0,15.02,160.8,3,Family,AllInclusive,0,10
1292,28.0,1.0,11.09,148.49,3,Deluxe,RoomOnly,0,9
1293,53.0,3.0,13.71,127.49,5,Deluxe,RoomOnly,0,6
1294,23.0,7.0,20.83,88.74,1,Standard,RoomOnly,0,8
1295,50.0,2.0,28.01,111.11,5,Deluxe,RoomOnly,0,9
1296,35.0,5.0,32.85,98.5,3,Standard,RoomOnly,0,7
1297,33.0,4.0,20.87,74.46,6,Standard,RoomOnly,0,7
1298,37.0,2.0,13.55,114.61,5,Standard,AllInclusive,0,9
1299,24.0,2.0,25.46,142.83,5,Deluxe,RoomOnly,0,10
1300,45.0,3.0,15.26,244.99,5,Suite,RoomOnly,0,9
1301,42.0,5.0,40.54,100.36,0,Standard,AllInclusive,0,7
1302,50.0,2.0,12.31,135.61,6,Deluxe,RoomOnly,0,10
1303,34.0,2.0,11.88,217.69,1,Suite,RoomOnly,0,9
1304,47.0,16.0,35.91,102.83,5,Standard,RoomOnly,1,4
1305,37.0,2.0,54.59,184.64,5,Deluxe,AllInclusive,0,9
1306,42.0,5.0,13.17,168.82,3,Deluxe,AllInclusive,0,10
1307,18.0,3.0,25.32,116.04,2,Standard,AllInclusive,0,9
1308,32.0,5.0,25.85,168.02,0,Deluxe,AllInclusive,0,8
1309,34.0,1.0,13.47,106.74,4,Deluxe,RoomOnly,0,9
1310,39.0,1.0,43.45,182.16,6,Suite,RoomOnly,0,9
1311,39.0,6.0,12.98,133.6,5,Standard,AllInclusive,0,9
1312,46.0,1.0,30.41,117.96,1,Standard,AllInclusive,0,9
1313,45.0,4.0,50.69,82.31,2,Standard,RoomOnly,0,8
1314,38.0,1.0,6.24,74.14,2,Standard,RoomOnly,0,7
1315,20.0,4.0,17.58,203.89,0,Suite,RoomOnly,0,9
1316,30.0,1.0,19.31,67.28,0,Standard,RoomOnly,0,10
1317,22.0,4.0,44.58,154.9,2,Deluxe,RoomOnly,0,10
1318,23.0,2.0,6.17,89.7,3,Standard,AllInclusive,0,10
1319,26.0,1.0,101.01,142.22,6,Deluxe,AllInclusive,1,8
1320,51.0,3.0,18.18,205.25,2,Suite,RoomOnly,1,9
1321,25.0,3.0,36.74,125.83,0,Deluxe,RoomOnly,0,8
1322,31.0,5.0,17.29,193.65,4,Family,AllInclusive,0,8
1323,34.0,2.0,9.3,109.47,3,Standard,RoomOnly,0,7
1324,49.0,5.0,91.5,95.91,6,Standard,RoomOnly,1,5
1325,24.0,5.0,27.48,123.42,3,Deluxe,RoomOnly,0,7
1326,45.0,1.0,26.58,79.82,6,Standard,RoomOnly,1,5
1327,36.0,3.0,12.73,77.34,6,Standard,RoomOnly,1,5
1328,18.0,5.0,10.65,85.95,6,Standard,RoomOnly,0,7
1329,42.0,2.0,42.41,259.78,5,Suite,AllInclusive,1,9
1330,41.0,9.0,25.17,90.06,2,Standard,RoomOnly,0,8
1331,32.0,2.0,31.56,126.45,4,Deluxe,AllInclusive,0,10
1332,61.0,2.0,21.34,203.17,1,Family,RoomOnly,0,10
1333,29.0,3.0,21.48,126.52,2,Deluxe,RoomOnly,0,8
1334,40.0,4.0,14.04,202.33,5,Family,AllInclusive,0,10
1335,31.0,3.0,16.87,153.58,0,Deluxe,AllInclusive,0,7
1336,36.0,3.0,40.42,215.06,6,Suite,RoomOnly,0,9
1337,46.0,5.0,45.02,127.22,6,Standard,AllInclusive,0,9
1338,21.0,3.0,56.45,142.62,0,Deluxe,RoomOnly,0,8
1339,44.0,4.0,15.66,111.1,3,Standard,AllInclusive,0,9
1340,25.0,2.0,8.95,237.91,6,Suite,AllInclusive,0,8
1341,44.0,3.0,26.78,93.62,1,Standard,RoomOnly,0,8
1342,33.0,1.0,16.6,226.24,4,Suite,AllInclusive,0,10
1343,28.0,3.0,22.44,156.19,1,Family,RoomOnly,0,9
1344,45.0,3.0,8.82,141.22,1,Family,RoomOnly,0,8
1345,26.0,5.0,9.81,166.57,2,Deluxe,RoomOnly,0,7
1346,47.0,3.0,56.7,232.7,2,Suite,AllInclusive,1,6
1347,37.0,5.0,12.23,69.92,1,Standard,RoomOnly,0,9
1348,51.0,5.0,37.44,175.3,6,Deluxe,AllInclusive,1,8
1349,38.0,2.0,20.95,186.67,2,Suite,RoomOnly,1,7
1350,53.0,2.0,28.63,73.3,3,Standard,RoomOnly,1,4
1351,18.0,2.0,17.96,114.17,5,Standard,AllInclusive,0,7
1352,55.0,1.0,14.84,77.75,1,Standard,RoomOnly,0,10
1353,45.0,1.0,12.84,120.94,5,Standard,AllInclusive,1,8
1354,47.0,2.0,8.43,68.71,4,Standard,RoomOnly,0,8
1355,25.0,2.0,19.88,119.03,6,Standard,AllInclusive,0,9
1356,55.0,3.0,,160.66,6,Deluxe,AllInclusive,0,10
1357,34.0,2.0,61.62,138.54,4,Family,RoomOnly,1,6
1358,31.0,2.0,57.39,125.96,4,Deluxe,RoomOnly,0,8
1359,18.0,3.0,34.28,135.23,0,Family,RoomOnly,0,10
1360,34.0,4.0,21.38,96.37,2,Standard,AllInclusive,0,7
1361,51.0,2.0,16.61,233.85,3,Suite,RoomOnly,0,10
1362,47.0,2.0,21.99,72.11,4,Standard,RoomOnly,0,9
1363,42.0,2.0,14.84,168.72,5,Deluxe,RoomOnly,0,9
1364,29.0,3.0,21.7,123.99,4,Standard,AllInclusive,0,9
1365,18.0,3.0,56.91,259.34,6,Suite,AllInclusive,0,10
1366,44.0,2.0,14.66,91.21,2,Standard,AllInclusive,0,9
1367,22.0,3.0,,177.83,4,Deluxe,AllInclusive,0,10
1368,26.0,1.0,14.29,171.37,5,Family,RoomOnly,0,8
1369,35.0,2.0,20.59,153.32,5,Deluxe,AllInclusive,0,9
1370,36.0,2.0,72.97,159.73,2,Family,RoomOnly,0,10
1371,30.0,1.0,15.07,236.3,5,Suite,AllInclusive,0,10
1372,48.0,4.0,23.11,106.31,2,Deluxe,RoomOnly,1,7
1373,44.0,1.0,22.98,81.98,0,Standard,RoomOnly,0,8
1374,18.0,3.0,48.66,86.32,3,Standard,RoomOnly,0,7
1375,45.0,3.0,24.21,137.7,4,Deluxe,AllInclusive,0,10
1376,18.0,3.0,14.24,145.16,1,Deluxe,RoomOnly,0,8
1377,27.0,4.0,6.9,227.83,6,Suite,RoomOnly,0,7
1378,37.0,2.0,12.42,295.48,5,Suite,AllInclusive,0,10
1379,24.0,2.0,43.58,114.84,2,Standard,AllInclusive,0,8
1380,37.0,5.0,36.23,67.99,5,Standard,RoomOnly,0,7
1381,32.0,5.0,26.53,115.62,0,Standard,AllInclusive,0,9
1382,41.0,4.0,18.75,99.33,3,Standard,RoomOnly,0,10
1383,44.0,4.0,24.75,217.11,2,Family,AllInclusive,0,8
1384,32.0,2.0,92.87,102.43,4,Standard,AllInclusive,0,8
1385,26.0,6.0,42.7,90.68,6,Standard,AllInclusive,0,8
1386,49.0,2.0,27.68,259.71,5,Suite,RoomOnly,0,10
1387,49.0,4.0,19.0,114.18,2,Standard,AllInclusive,0,10
1388,36.0,5.0,8.39,182.56,3,Family,AllInclusive,0,10
1389,46.0,3.0,22.11,143.05,5,Deluxe,RoomOnly,0,7
1390,34.0,3.0,36.48,172.59,5,Suite,RoomOnly,0,9
1391,35.0,2.0,47.87,142.06,2,Deluxe,AllInclusive,1,6
1392,42.0,4.0,30.78,99.22,4,Standard,AllInclusive,0,10
1393,42.0,2.0,18.68,60.52,6,Standard,RoomOnly,0,8
1394,34.0,2.0,,66.34,0,Standard,RoomOnly,0,7
1395,18.0,3.0,,72.31,1,Standard,RoomOnly,0,7
1396,39.0,4.0,26.2,270.81,6,Suite,RoomOnly,0,8
1397,39.0,2.0,15.99,162.97,5,Deluxe,RoomOnly,0,8
1398,45.0,7.0,7.11,257.81,4,Suite,RoomOnly,0,10
1399,23.0,4.0,11.3,185.95,5,Suite,RoomOnly,0,10
1400,38.0,3.0,17.88,124.76,4,Standard,AllInclusive,0,9
1401,35.0,3.0,22.39,118.42,0,Family,RoomOnly,0,8
1402,39.0,2.0,12.1,80.78,2,Standard,RoomOnly,1,5
1403,44.0,4.0,11.02,157.21,6,Deluxe,RoomOnly,0,8
1404,47.0,2.0,15.09,244.64,0,Suite,AllInclusive,0,9
1405,44.0,5.0,14.21,186.67,1,Suite,RoomOnly,0,10
1406,30.0,5.0,104.37,283.6,6,Suite,AllInclusive,0,10
1407,34.0,2.0,20.39,107.79,2,Deluxe,RoomOnly,1,4
1408,36.0,2.0,25.47,71.29,2,Standard,RoomOnly,0,8
1409,39.0,1.0,17.27,93.62,5,Standard,RoomOnly,0,8
1410,47.0,3.0,14.09,95.42,4,Standard,AllInclusive,0,7
1411,47.0,3.0,54.0,101.69,2,Deluxe,RoomOnly,0,10
1412,51.0,3.0,45.35,76.17,4,Standard,RoomOnly,1,5
1413,36.0,6.0,28.8,59.78,2,Standard,RoomOnly,0,7
1414,18.0,3.0,22.32,164.83,0,Deluxe,AllInclusive,0,10
1415,31.0,8.0,35.09,81.05,1,Standard,RoomOnly,0,8
1416,22.0,3.0,11.07,111.59,2,Standard,AllInclusive,0,10
1417,38.0,3.0,7.63,255.75,1,Suite,AllInclusive,0,10
1418,19.0,5.0,23.94,102.53,3,Standard,AllInclusive,0,9
1419,42.0,3.0,11.53,211.23,4,Suite,AllInclusive,0,9
1420,37.0,1.0,20.65,80.73,2,Standard,RoomOnly,0,7
1421,26.0,1.0,26.24,55.81,2,Standard,RoomOnly,1,5
1422,31.0,1.0,37.03,118.55,6,Deluxe,RoomOnly,1,7
1423,43.0,1.0,15.2,131.37,4,Deluxe,RoomOnly,0,6
1424,40.0,7.0,28.11,78.12,1,Standard,RoomOnly,0,8
1425,39.0,2.0,16.02,149.41,3,Family,RoomOnly,1,6
1426,48.0,4.0,14.27,82.52,5,Standard,RoomOnly,1,6
1427,36.0,5.0,12.83,151.8,0,Deluxe,RoomOnly,0,8
1428,34.0,2.0,17.83,123.84,3,Standard,AllInclusive,0,7
1429,28.0,5.0,3.98,81.65,1,Standard,RoomOnly,0,8
1430,39.0,2.0,31.04,122.67,2,Standard,AllInclusive,0,8
1431,29.0,7.0,,73.13,5,Standard,RoomOnly,0,10
1432,40.0,1.0,54.1,118.05,1,Standard,AllInclusive,0,10
1433,20.0,7.0,7.45,224.44,2,Suite,RoomOnly,0,10
1434,45.0,2.0,31.63,87.89,3,Standard,RoomOnly,0,8
1435,24.0,2.0,27.21,116.21,5,Standard,AllInclusive,0,10
1436,39.0,2.0,44.03,197.0,0,Family,AllInclusive,0,9
1437,28.0,7.0,21.34,105.09,6,Standard,AllInclusive,0,9
1438,41.0,5.0,5.99,129.05,0,Standard,AllInclusive,0,8
1439,32.0,2.0,24.52,163.34,4,Family,RoomOnly,0,9
1440,31.0,3.0,33.14,124.88,4,Standard,AllInclusive,0,10
1441,35.0,2.0,24.81,168.11,4,Family,RoomOnly,0,7
1442,40.0,2.0,38.94,201.7,3,Family,AllInclusive,0,9
1443,48.0,4.0,19.47,101.98,0,Standard,AllInclusive,0,10
1444,46.0,3.0,8.06,96.7,4,Standard,RoomOnly,0,7
1445,43.0,1.0,12.96,239.55,2,Suite,RoomOnly,0,10
1446,31.0,2.0,49.6,92.71,2,Standard,AllInclusive,0,9
1447,30.0,4.0,44.71,76.07,4,Standard,RoomOnly,0,8
1448,37.0,6.0,12.64,158.58,2,Deluxe,AllInclusive,0,9
1449,36.0,13.0,20.62,102.4,0,Standard,AllInclusive,0,10
1450,27.0,4.0,89.56,114.39,6,Standard,AllInclusive,0,9
1451,20.0,1.0,14.17,120.53,1,Deluxe,RoomOnly,0,9
1452,27.0,3.0,39.12,223.62,5,Family,AllInclusive,0,10
1453,40.0,4.0,39.47,108.0,3,Standard,AllInclusive,0,9
1454,44.0,2.0,,94.41,2,Standard,RoomOnly,0,9
1455,29.0,2.0,16.26,155.22,6,Deluxe,RoomOnly,1,7
1456,31.0,4.0,30.0,234.9,4,Suite,RoomOnly,0,10
1457,50.0,2.0,30.64,106.27,4,Standard,AllInclusive,0,10
1458,30.0,3.0,8.44,122.99,1,Deluxe,RoomOnly,0,9
1459,29.0,2.0,16.08,96.07,0,Standard,RoomOnly,1,7
1460,47.0,2.0,26.47,178.0,0,Deluxe,AllInclusive,0,9
1461,38.0,1.0,38.44,85.44,2,Standard,RoomOnly,0,6
1462,28.0,2.0,21.91,253.13,1,Suite,AllInclusive,0,10
1463,25.0,2.0,15.06,105.8,3,Deluxe,RoomOnly,0,10
1464,38.0,3.0,15.47,93.29,5,Standard,RoomOnly,0,7
1465,32.0,1.0,38.84,137.43,2,Deluxe,AllInclusive,0,9
1466,29.0,1.0,9.19,65.79,3,Standard,RoomOnly,0,8
1467,32.0,3.0,25.83,187.11,5,Suite,AllInclusive,0,10
1468,22.0,1.0,12.42,81.59,2,Standard,RoomOnly,0,6
1469,43.0,3.0,30.23,145.35,6,Deluxe,AllInclusive,0,8
1470,40.0,3.0,10.84,126.95,0,Deluxe,RoomOnly,0,8
1471,52.0,2.0,,121.06,0,Standard,AllInclusive,0,9
1472,33.0,1.0,17.41,90.13,0,Standard,RoomOnly,0,6
1473,37.0,4.0,19.53,94.15,6,Standard,AllInclusive,1,6
1474,24.0,4.0,22.31,279.73,1,Suite,AllInclusive,0,9
1475,32.0,2.0,19.99,209.43,6,Family,AllInclusive,0,10
1476,39.0,3.0,15.82,209.35,0,Family,AllInclusive,1,6
1477,28.0,4.0,50.21,88.92,2,Standard,AllInclusive,0,10
1478,29.0,2.0,25.4,113.55,4,Deluxe,RoomOnly,0,9
1479,36.0,2.0,29.3,137.24,4,Deluxe,RoomOnly,0,7
1480,32.0,5.0,64.61,125.12,2,Standard,AllInclusive,1,7
1481,33.0,2.0,13.44,219.26,1,Suite,AllInclusive,0,9
1482,39.0,4.0,15.69,184.96,3,Suite,RoomOnly,0,9
1483,44.0,1.0,24.33,281.78,4,Suite,AllInclusive,0,10
1484,40.0,2.0,25.67,129.43,0,Standard,AllInclusive,0,8
1485,45.0,3.0,21.78,187.4,0,Family,AllInclusive,0,8
1486,19.0,3.0,7.07,175.41,5,Suite,RoomOnly,0,10
1487,47.0,1.0,18.05,92.37,3,Standard,RoomOnly,0,5
1488,25.0,5.0,16.19,131.64,0,Deluxe,RoomOnly,0,6
1489,30.0,3.0,38.21,229.18,5,Suite,AllInclusive,0,10
1490,33.0,1.0,21.2,188.44,4,Suite,RoomOnly,1,5
1491,38.0,2.0,93.28,112.98,3,Standard,AllInclusive,0,7
1492,21.0,1.0,17.13,108.08,2,Standard,RoomOnly,0,10
1493,45.0,4.0,70.05,241.27,2,Suite,AllInclusive,0,10
1494,39.0,2.0,106.19,183.98,2,Deluxe,AllInclusive,0,10
1495,30.0,3.0,37.22,145.31,3,Deluxe,AllInclusive,0,10
1496,41.0,2.0,23.15,206.66,1,Suite,RoomOnly,0,9
1497,34.0,3.0,19.41,140.59,2,Family,RoomOnly,0,8
1498,35.0,2.0,14.66,136.38,0,Deluxe,RoomOnly,0,8
1499,42.0,3.0,21.41,240.54,0,Suite,AllInclusive,0,9
1500,35.0,3.0,25.24,230.94,3,Suite,RoomOnly,0,7
1501,33.0,5.0,18.93,110.78,6,Deluxe,RoomOnly,0,8
1502,38.0,2.0,33.95,127.98,4,Deluxe,RoomOnly,0,7
1503,36.0,2.0,27.45,166.85,1,Deluxe,AllInclusive,0,10
1504,40.0,3.0,51.2,162.76,4,Deluxe,AllInclusive,0,10
1505,40.0,4.0,44.75,78.44,4,Standard,RoomOnly,0,9
1506,18.0,5.0,27.68,232.75,0,Suite,RoomOnly,0,10
1507,18.0,5.0,28.9,95.72,2,Standard,AllInclusive,0,8
1508,35.0,4.0,11.52,116.77,4,Deluxe,RoomOnly,0,9
1509,43.0,4.0,,149.28,4,Deluxe,RoomOnly,0,8
1510,39.0,5.0,7.67,208.65,0,Suite,RoomOnly,0,8
1511,38.0,3.0,55.59,112.7,1,Deluxe,RoomOnly,0,6
1512,28.0,4.0,22.02,126.28,2,Deluxe,RoomOnly,0,10
1513,36.0,3.0,26.39,120.64,3,Deluxe,RoomOnly,0,8
1514,22.0,1.0,22.55,176.66,1,Family,RoomOnly,0,7
1515,40.0,10.0,5.46,230.93,0,Suite,RoomOnly,0,8
1516,23.0,3.0,,166.94,4,Deluxe,AllInclusive,0,9
1517,35.0,3.0,20.88,123.9,1,Standard,AllInclusive,0,9
1518,47.0,2.0,18.61,166.08,2,Family,RoomOnly,0,10
1519,41.0,3.0,7.54,94.81,2,Standard,RoomOnly,1,3
1520,35.0,8.0,20.32,95.85,2,Standard,AllInclusive,0,10
1521,41.0,3.0,38.27,77.76,5,Standard,RoomOnly,0,7
1522,42.0,5.0,11.47,76.26,5,Standard,RoomOnly,1,7
1523,30.0,2.0,28.92,143.12,6,Deluxe,RoomOnly,0,8
1524,24.0,4.0,,99.52,2,Standard,RoomOnly,0,8
1525,44.0,3.0,22.67,90.29,4,Standard,RoomOnly,0,6
1526,36.0,3.0,,191.54,3,Suite,RoomOnly,0,7
1527,32.0,4.0,48.63,98.41,5,Standard,RoomOnly,0,8
1528,33.0,3.0,10.41,89.35,2,Standard,RoomOnly,1,4
1529,23.0,5.0,28.36,190.27,6,Family,AllInclusive,0,10
1530,27.0,3.0,30.47,102.58,3,Standard,RoomOnly,0,9
1531,41.0,3.0,21.46,71.32,5,Standard,RoomOnly,0,7
1532,30.0,1.0,36.64,141.14,3,Deluxe,AllInclusive,0,9
1533,26.0,2.0,16.55,136.47,5,Deluxe,RoomOnly,0,10
1534,32.0,3.0,26.72,75.62,5,Standard,RoomOnly,0,7
1535,36.0,2.0,,47.49,5,Standard,RoomOnly,1,6
1536,33.0,8.0,8.27,241.47,5,Suite,RoomOnly,0,10
1537,18.0,6.0,13.23,140.0,4,Deluxe,AllInclusive,1,7
1538,28.0,3.0,51.04,90.58,0,Standard,RoomOnly,1,5
1539,49.0,3.0,22.59,90.13,3,Standard,AllInclusive,1,4
1540,33.0,5.0,24.87,213.43,5,Suite,RoomOnly,0,9
1541,31.0,2.0,127.82,123.09,2,Family,RoomOnly,1,6
1542,49.0,2.0,12.18,133.18,5,Deluxe,RoomOnly,0,10
1543,46.0,6.0,72.41,78.44,3,Standard,RoomOnly,0,8
1544,28.0,5.0,,85.1,3,Standard,RoomOnly,0,5
1545,41.0,3.0,52.76,126.74,0,Standard,AllInclusive,1,8
1546,30.0,3.0,50.57,175.97,2,Family,RoomOnly,0,10
1547,45.0,3.0,17.32,237.62,2,Suite,RoomOnly,0,10
1548,42.0,3.0,18.22,55.96,0,Standard,RoomOnly,0,6
1549,38.0,9.0,11.95,131.96,4,Deluxe,RoomOnly,0,8
1550,30.0,4.0,13.88,91.2,2,Standard,RoomOnly,0,7
1551,43.0,3.0,12.66,62.75,1,Standard,RoomOnly,0,8
1552,30.0,6.0,15.43,69.94,4,Standard,RoomOnly,1,4
1553,44.0,3.0,37.59,150.55,5,Deluxe,AllInclusive,0,8
1554,49.0,5.0,29.98,250.52,2,Suite,RoomOnly,0,9
1555,27.0,3.0,26.02,73.87,6,Standard,RoomOnly,1,5
1556,48.0,4.0,31.38,105.84,2,Deluxe,RoomOnly,0,8
1557,26.0,3.0,58.44,152.28,2,Deluxe,RoomOnly,0,10
1558,36.0,8.0,18.01,161.69,0,Deluxe,AllInclusive,0,10
1559,32.0,5.0,13.42,78.68,6,Standard,RoomOnly,0,9
1560,18.0,3.0,7.67,68.69,6,Standard,RoomOnly,0,6
1561,30.0,3.0,19.21,161.44,1,Deluxe,AllInclusive,0,7
1562,29.0,3.0,10.03,108.18,4,Standard,AllInclusive,0,8
1563,53.0,2.0,34.23,110.36,2,Deluxe,RoomOnly,0,8
1564,44.0,2.0,19.66,174.67,0,Deluxe,AllInclusive,0,9
1565,30.0,4.0,51.47,257.0,4,Suite,AllInclusive,0,10
1566,33.0,5.0,37.07,114.64,0,Deluxe,RoomOnly,0,9
1567,29.0,6.0,24.51,78.49,3,Standard,RoomOnly,1,5
1568,42.0,2.0,21.35,192.54,3,Family,RoomOnly,0,10
1569,41.0,3.0,17.77,246.13,4,Suite,RoomOnly,0,10
1570,26.0,5.0,17.44,102.69,1,Standard,RoomOnly,0,9
1571,42.0,4.0,5.82,90.94,5,Standard,AllInclusive,0,10
1572,26.0,4.0,,116.19,2,Standard,AllInclusive,0,8
1573,39.0,4.0,63.17,162.88,2,Deluxe,AllInclusive,0,10
1574,27.0,3.0,31.85,178.11,3,Deluxe,AllInclusive,0,10
1575,37.0,3.0,32.6,90.4,1,Standard,RoomOnly,1,4
1576,31.0,2.0,8.81,215.76,6,Suite,RoomOnly,0,9
1577,40.0,3.0,63.42,190.05,0,Family,AllInclusive,1,6
1578,59.0,3.0,58.67,85.85,3,Standard,RoomOnly,1,3
1579,38.0,5.0,18.67,77.98,1,Standard,RoomOnly,0,9
1580,42.0,3.0,21.08,190.47,2,Family,AllInclusive,0,10
1581,25.0,5.0,22.12,194.66,4,Suite,RoomOnly,1,7
1582,36.0,3.0,62.27,102.51,0,Standard,RoomOnly,0,10
1583,38.0,2.0,65.01,163.48,2,Deluxe,AllInclusive,0,9
1584,26.0,5.0,12.1,84.64,0,Standard,RoomOnly,0,8
1585,37.0,2.0,15.77,193.18,4,Family,RoomOnly,0,8
1586,18.0,2.0,62.26,79.93,2,Standard,RoomOnly,0,10
1587,32.0,2.0,10.91,102.35,6,Standard,AllInclusive,0,6
1588,19.0,4.0,18.68,120.62,3,Standard,AllInclusive,0,8
1589,31.0,1.0,69.44,89.8,4,Standard,RoomOnly,0,8
1590,47.0,2.0,34.16,186.86,4,Family,AllInclusive,0,7
1591,43.0,3.0,33.01,66.25,2,Standard,RoomOnly,0,7
1592,27.0,1.0,9.75,158.67,5,Deluxe,AllInclusive,0,8
1593,31.0,2.0,,99.13,2,Deluxe,RoomOnly,0,9
1594,23.0,3.0,41.58,212.33,5,Suite,RoomOnly,0,10
1595,55.0,3.0,43.54,151.68,2,Family,RoomOnly,0,6
1596,39.0,2.0,9.63,189.2,5,Family,AllInclusive,0,10
1597,24.0,2.0,30.4,173.18,4,Deluxe,AllInclusive,1,8
1598,18.0,4.0,25.99,233.32,3,Suite,AllInclusive,0,9
1599,33.0,2.0,42.29,80.48,0,Standard,RoomOnly,0,9
1600,42.0,1.0,11.68,142.46,4,Deluxe,RoomOnly,0,10
1601,38.0,3.0,8.75,61.37,1,Standard,RoomOnly,1,5
1602,23.0,5.0,10.28,91.32,5,Standard,RoomOnly,0,6
1603,29.0,2.0,68.96,117.34,4,Standard,AllInclusive,0,9
1604,32.0,3.0,50.65,254.59,2,Suite,RoomOnly,0,9
1605,43.0,3.0,24.92,81.73,3,Standard,RoomOnly,0,7
1606,38.0,3.0,74.1,155.47,2,Family,AllInclusive,0,8
1607,32.0,7.0,28.34,258.83,5,Suite,AllInclusive,0,10
1608,48.0,2.0,21.89,139.74,1,Deluxe,RoomOnly,0,7
1609,18.0,2.0,13.0,88.62,5,Standard,RoomOnly,0,9
1610,41.0,6.0,46.91,106.06,2,Standard,AllInclusive,0,10
1611,21.0,3.0,67.1,220.34,4,Suite,RoomOnly,0,8
1612,24.0,3.0,,126.71,1,Deluxe,RoomOnly,0,9
1613,20.0,2.0,21.22,186.61,2,Suite,AllInclusive,0,9
1614,42.0,5.0,21.77,168.46,0,Deluxe,AllInclusive,0,10
1615,20.0,4.0,64.81,195.03,6,Family,RoomOnly,1,4
1616,18.0,2.0,31.58,139.29,6,Deluxe,AllInclusive,0,10
1617,39.0,2.0,24.89,222.91,4,Suite,AllInclusive,0,10
1618,38.0,3.0,109.42,274.29,4,Suite,AllInclusive,0,10
1619,35.0,2.0,8.13,235.33,0,Suite,RoomOnly,0,10
1620,29.0,2.0,13.64,78.4,1,Standard,RoomOnly,0,7
1621,33.0,3.0,13.25,98.64,2,Standard,RoomOnly,0,7
1622,48.0,4.0,47.76,131.49,3,Deluxe,RoomOnly,0,8
1623,45.0,2.0,25.44,124.94,3,Standard,AllInclusive,0,8
1624,39.0,3.0,45.86,126.43,5,Standard,AllInclusive,0,9
1625,49.0,2.0,11.79,192.16,4,Family,AllInclusive,0,10
1626,34.0,3.0,13.13,241.65,0,Suite,AllInclusive,0,10
1627,44.0,2.0,26.99,207.49,3,Family,AllInclusive,0,10
1628,21.0,2.0,32.54,165.43,2,Deluxe,AllInclusive,0,9
1629,40.0,2.0,17.07,67.78,6,Standard,RoomOnly,0,8
1630,32.0,4.0,23.87,86.78,5,Standard,RoomOnly,1,5
1631,29.0,1.0,14.15,63.92,4,Standard,RoomOnly,0,8
1632,21.0,1.0,9.68,79.54,1,Standard,RoomOnly,0,8
1633,40.0,3.0,12.54,229.65,6,Suite,RoomOnly,0,9
1634,30.0,3.0,8.0,88.32,0,Standard,RoomOnly,0,9
1635,37.0,2.0,55.9,86.78,0,Standard,RoomOnly,0,6
1636,42.0,3.0,29.54,175.49,3,Family,RoomOnly,0,8
1637,43.0,2.0,28.76,108.13,1,Standard,AllInclusive,1,7
1638,29.0,2.0,24.33,97.87,6,Standard,RoomOnly,0,8
1639,57.0,1.0,28.21,191.21,6,Family,RoomOnly,0,8
1640,37.0,1.0,36.9,171.23,5,Family,RoomOnly,0,10
1641,50.0,1.0,20.43,144.88,6,Deluxe,RoomOnly,0,8
1642,29.0,5.0,41.33,165.23,4,Deluxe,AllInclusive,0,10
1643,34.0,2.0,23.01,93.07,5,Standard,RoomOnly,0,7
1644,31.0,5.0,34.38,115.21,2,Standard,AllInclusive,0,9
1645,45.0,3.0,14.57,105.04,1,Standard,RoomOnly,0,9
1646,45.0,3.0,13.67,206.56,0,Suite,RoomOnly,0,10
1647,18.0,2.0,40.09,157.94,3,Deluxe,AllInclusive,1,7
1648,40.0,3.0,29.88,241.87,4,Suite,AllInclusive,0,10
1649,33.0,2.0,17.47,123.19,2,Deluxe,RoomOnly,1,5
1650,29.0,3.0,,89.16,1,Standard,RoomOnly,0,8
1651,23.0,1.0,13.56,148.67,6,Deluxe,RoomOnly,0,8
1652,39.0,1.0,6.36,100.52,5,Standard,RoomOnly,1,6
1653,43.0,2.0,22.02,85.79,5,Standard,RoomOnly,0,9
1654,43.0,2.0,18.23,218.85,4,Suite,AllInclusive,0,10
1655,38.0,2.0,12.17,113.45,0,Standard,AllInclusive,0,9
1656,40.0,6.0,10.58,86.11,0,Standard,RoomOnly,0,8
1657,33.0,3.0,4.69,115.55,1,Standard,AllInclusive,0,10
1658,39.0,6.0,69.94,259.67,1,Suite,AllInclusive,0,10
1659,53.0,3.0,19.69,201.71,4,Family,AllInclusive,0,9
1660,41.0,2.0,9.18,183.64,1,Suite,RoomOnly,0,10
1661,35.0,4.0,35.85,121.37,6,Standard,AllInclusive,0,10
1662,18.0,5.0,77.98,90.97,3,Standard,RoomOnly,0,6
1663,28.0,4.0,18.66,307.02,6,Suite,AllInclusive,0,10
1664,37.0,2.0,7.8,157.15,5,Deluxe,AllInclusive,0,9
1665,45.0,1.0,27.71,79.49,1,Standard,RoomOnly,0,8
1666,57.0,7.0,61.43,151.01,4,Family,RoomOnly,0,8
1667,43.0,2.0,22.99,77.21,6,Standard,RoomOnly,0,7
1668,31.0,3.0,38.21,131.73,6,Deluxe,AllInclusive,0,9
1669,64.0,2.0,29.15,124.84,0,Family,RoomOnly,0,6
1670,33.0,2.0,22.89,71.75,3,Standard,RoomOnly,0,9
1671,28.0,3.0,,69.54,1,Standard,RoomOnly,0,10
1672,47.0,2.0,39.98,120.55,3,Standard,AllInclusive,0,8
1673,30.0,5.0,49.03,247.6,6,Suite,RoomOnly,0,8
1674,34.0,1.0,12.03,264.92,2,Suite,AllInclusive,0,9
1675,45.0,5.0,22.17,158.01,0,Family,RoomOnly,0,10
1676,33.0,2.0,35.66,166.36,2,Family,RoomOnly,0,9
1677,46.0,3.0,10.82,108.62,6,Standard,RoomOnly,0,8
1678,26.0,4.0,38.97,97.3,1,Standard,AllInclusive,0,9
1679,34.0,2.0,23.94,200.27,4,Family,AllInclusive,0,10
1680,18.0,1.0,40.29,66.33,0,Standard,RoomOnly,1,4
1681,32.0,1.0,25.43,272.26,2,Suite,AllInclusive,0,9
1682,36.0,3.0,59.05,139.67,6,Deluxe,RoomOnly,0,7
1683,47.0,2.0,8.51,172.08,6,Deluxe,AllInclusive,0,9
1684,34.0,2.0,8.13,190.71,1,Family,AllInclusive,0,9
1685,43.0,5.0,24.99,166.06,3,Deluxe,AllInclusive,1,7
1686,28.0,2.0,38.95,204.33,4,Suite,RoomOnly,0,8
1687,24.0,2.0,22.99,263.85,0,Suite,RoomOnly,0,9
1688,49.0,6.0,5.38,83.77,4,Standard,RoomOnly,0,8
1689,47.0,3.0,26.43,126.38,3,Family,RoomOnly,0,9
1690,38.0,2.0,,121.61,4,Deluxe,RoomOnly,0,7
1691,18.0,5.0,23.62,179.24,6,Deluxe,AllInclusive,0,10
1692,41.0,4.0,19.5,152.85,5,Family,RoomOnly,1,4
1693,32.0,5.0,38.92,159.8,2,Deluxe,AllInclusive,0,9
1694,35.0,4.0,34.77,83.81,0,Standard,RoomOnly,0,8
1695,38.0,5.0,22.46,305.19,1,Suite,AllInclusive,0,10
1696,44.0,5.0,23.86,288.21,6,Suite,AllInclusive,0,10
1697,41.0,2.0,16.58,99.33,5,Standard,RoomOnly,0,9
1698,20.0,1.0,39.98,72.99,0,Standard,RoomOnly,0,8
1699,36.0,2.0,8.21,79.66,2,Standard,RoomOnly,0,8
1700,38.0,4.0,19.23,157.23,1,Deluxe,AllInclusive,0,9
1701,42.0,3.0,36.08,62.29,0,Standard,RoomOnly,0,8
1702,25.0,3.0,17.84,103.58,0,Standard,AllInclusive,0,8
1703,18.0,2.0,10.28,96.02,5,Standard,RoomOnly,0,9
1704,20.0,2.0,10.51,147.95,3,Family,RoomOnly,0,8
1705,34.0,1.0,35.51,107.74,3,Standard,AllInclusive,0,9
1706,39.0,3.0,47.85,83.1,1,Standard,AllInclusive,1,6
1707,18.0,2.0,40.71,73.34,1,Standard,RoomOnly,0,6
1708,37.0,3.0,51.54,164.15,4,Deluxe,AllInclusive,1,6
1709,24.0,3.0,19.49,162.26,2,Family,RoomOnly,0,7
1710,24.0,4.0,30.79,191.15,1,Family,AllInclusive,0,9
1711,33.0,3.0,28.51,208.92,5,Suite,RoomOnly,0,9
1712,54.0,2.0,12.83,147.75,0,Deluxe,RoomOnly,0,6
1713,40.0,2.0,,208.11,0,Deluxe,AllInclusive,0,9
1714,35.0,2.0,20.16,139.54,6,Deluxe,RoomOnly,0,8
1715,23.0,6.0,14.27,92.98,2,Standard,RoomOnly,0,8
1716,47.0,2.0,25.17,103.11,1,Standard,RoomOnly,0,7
1717,30.0,5.0,12.85,125.24,6,Deluxe,RoomOnly,0,9
1718,58.0,3.0,30.56,94.57,0,Standard,RoomOnly,0,9
1719,32.0,4.0,14.08,114.0,4,Standard,AllInclusive,0,9
1720,18.0,2.0,25.29,136.67,5,Deluxe,RoomOnly,0,7
1721,40.0,5.0,20.31,74.4,2,Standard,RoomOnly,0,7
1722,35.0,3.0,22.35,184.5,5,Deluxe,AllInclusive,0,8
1723,44.0,4.0,37.35,101.22,5,Deluxe,RoomOnly,0,5
1724,47.0,3.0,8.34,125.03,3,Standard,AllInclusive,0,8
1725,36.0,2.0,22.38,106.8,3,Standard,AllInclusive,1,6
1726,37.0,4.0,35.76,91.28,6,Standard,RoomOnly,0,9
1727,26.0,4.0,26.16,116.66,6,Deluxe,RoomOnly,0,9
1728,34.0,2.0,39.74,81.67,0,Standard,AllInclusive,0,9
1729,52.0,6.0,20.85,219.35,4,Suite,RoomOnly,0,9
1730,44.0,1.0,11.59,226.33,4,Suite,RoomOnly,0,9
1731,37.0,4.0,62.93,179.16,2,Family,AllInclusive,0,9
1732,48.0,2.0,74.39,80.6,0,Standard,RoomOnly,1,6
1733,41.0,3.0,23.47,242.36,0,Suite,RoomOnly,1,8
1734,45.0,1.0,15.99,145.81,0,Deluxe,RoomOnly,1,7
1735,40.0,4.0,16.55,103.68,2,Standard,AllInclusive,0,9
1736,21.0,3.0,8.94,140.11,1,Deluxe,RoomOnly,0,9
1737,45.0,3.0,15.33,123.46,3,Deluxe,RoomOnly,0,9
1738,58.0,2.0,12.73,121.51,0,Standard,AllInclusive,1,8
1739,39.0,4.0,60.75,118.59,2,Standard,AllInclusive,0,10
1740,31.0,8.0,17.6,136.85,6,Deluxe,RoomOnly,0,7
1741,18.0,2.0,13.52,97.94,5,Standard,AllInclusive,0,10
1742,32.0,2.0,128.95,248.83,2,Suite,AllInclusive,0,10
1743,42.0,4.0,4.92,81.46,1,Standard,RoomOnly,0,7
1744,36.0,3.0,16.7,149.44,0,Deluxe,AllInclusive,1,6
1745,45.0,2.0,26.59,111.24,6,Standard,AllInclusive,0,9
1746,35.0,4.0,26.25,112.73,5,Standard,AllInclusive,0,10
1747,43.0,1.0,15.93,201.67,5,Family,AllInclusive,0,10
1748,37.0,3.0,13.23,116.63,4,Standard,AllInclusive,0,10
1749,31.0,3.0,55.16,308.49,5,Suite,AllInclusive,0,10
1750,28.0,3.0,27.21,120.4,2,Deluxe,RoomOnly,0,8
1751,56.0,4.0,14.4,90.1,6,Standard,RoomOnly,0,8
1752,37.0,1.0,31.54,136.18,2,Deluxe,AllInclusive,0,10
1753,23.0,3.0,11.65,213.03,0,Suite,RoomOnly,1,6
1754,31.0,2.0,24.31,113.92,1,Standard,AllInclusive,0,9
1755,41.0,3.0,20.4,158.73,3,Family,RoomOnly,0,9
1756,32.0,6.0,11.11,84.17,6,Standard,RoomOnly,0,7
1757,37.0,2.0,17.15,278.91,1,Suite,AllInclusive,0,10
1758,57.0,3.0,18.78,84.29,6,Standard,RoomOnly,0,9
1759,26.0,3.0,14.9,117.78,1,Standard,AllInclusive,0,7
1760,47.0,2.0,27.09,104.92,1,Deluxe,RoomOnly,0,10
1761,46.0,6.0,,150.55,4,Family,RoomOnly,0,9
1762,33.0,3.0,35.26,258.88,5,Suite,AllInclusive,0,10
1763,51.0,2.0,46.07,139.45,1,Deluxe,AllInclusive,0,10
1764,41.0,2.0,33.59,197.34,2,Suite,RoomOnly,0,10
1765,18.0,1.0,10.8,141.95,1,Deluxe,RoomOnly,0,9
1766,31.0,3.0,18.66,87.32,2,Standard,RoomOnly,1,5
1767,40.0,2.0,27.44,104.82,2,Standard,AllInclusive,0,8
1768,38.0,7.0,27.58,97.87,2,Standard,RoomOnly,0,10
1769,37.0,9.0,79.08,96.9,5,Standard,RoomOnly,0,8
1770,18.0,2.0,79.95,186.83,3,Family,RoomOnly,0,9
1771,39.0,2.0,6.52,209.37,5,Suite,RoomOnly,0,10
1772,50.0,3.0,9.54,218.86,5,Suite,RoomOnly,0,10
1773,32.0,4.0,58.01,192.91,2,Family,AllInclusive,1,5
1774,52.0,3.0,40.15,122.33,3,Standard,AllInclusive,0,9
1775,43.0,3.0,47.57,109.71,3,Standard,AllInclusive,1,5
1776,46.0,3.0,38.58,77.19,5,Standard,RoomOnly,0,7
1777,40.0,2.0,13.25,225.38,4,Suite,RoomOnly,0,10
1778,19.0,3.0,14.61,139.67,2,Family,RoomOnly,0,9
1779,52.0,2.0,20.6,98.61,3,Standard,RoomOnly,0,8
1780,35.0,5.0,31.66,128.12,1,Standard,AllInclusive,0,10
1781,41.0,2.0,42.78,126.97,4,Family,RoomOnly,0,9
1782,26.0,2.0,36.52,125.21,2,Standard,AllInclusive,0,9
1783,48.0,3.0,33.77,142.09,4,Deluxe,RoomOnly,0,8
1784,36.0,3.0,14.09,178.61,6,Deluxe,RoomOnly,0,9
1785,36.0,3.0,9.26,226.05,2,Suite,RoomOnly,0,8
1786,39.0,5.0,5.67,255.34,3,Suite,AllInclusive,0,10
1787,26.0,2.0,93.2,232.07,3,Suite,AllInclusive,0,10
1788,35.0,2.0,32.53,183.19,4,Suite,RoomOnly,0,10
1789,41.0,3.0,34.64,70.92,2,Standard,RoomOnly,0,9
1790,45.0,2.0,17.52,70.4,1,Standard,RoomOnly,0,7
1791,18.0,5.0,7.14,197.27,3,Family,AllInclusive,0,10
1792,42.0,1.0,18.8,260.11,1,Suite,AllInclusive,0,10
1793,42.0,3.0,8.75,214.35,2,Suite,RoomOnly,0,10
1794,37.0,2.0,17.77,206.61,1,Suite,RoomOnly,0,10
1795,35.0,1.0,16.77,148.98,6,Deluxe,AllInclusive,0,10
1796,24.0,9.0,21.32,84.02,5,Standard,RoomOnly,0,10
1797,40.0,2.0,13.22,159.86,0,Family,RoomOnly,0,9
1798,22.0,4.0,9.02,146.26,0,Deluxe,RoomOnly,1,7
1799,33.0,2.0,,172.5,3,Family,AllInclusive,0,10
1800,48.0,2.0,35.46,87.39,0,Standard,RoomOnly,0,8
1801,42.0,1.0,14.23,72.51,4,Standard,RoomOnly,0,9
1802,18.0,2.0,17.23,152.25,2,Family,RoomOnly,0,8
1803,23.0,8.0,65.95,75.51,5,Standard,RoomOnly,0,8
1804,33.0,5.0,19.94,295.14,1,Suite,AllInclusive,0,10
1805,22.0,2.0,42.29,252.78,0,Suite,RoomOnly,0,10
1806,32.0,1.0,21.04,126.21,4,Deluxe,RoomOnly,0,8
1807,34.0,4.0,14.01,84.16,4,Standard,RoomOnly,1,7
1808,66.0,1.0,35.88,206.0,5,Suite,RoomOnly,0,10
1809,18.0,1.0,26.03,188.79,1,Family,AllInclusive,0,10
1810,46.0,5.0,14.92,109.1,3,Standard,RoomOnly,0,7
1811,25.0,3.0,30.6,189.6,0,Suite,RoomOnly,0,7
1812,35.0,1.0,27.17,156.73,5,Deluxe,RoomOnly,1,7
1813,33.0,4.0,8.71,154.38,6,Deluxe,AllInclusive,0,10
1814,23.0,4.0,5.91,180.26,1,Family,AllInclusive,0,8
1815,19.0,3.0,14.52,88.41,1,Standard,RoomOnly,0,9
1816,37.0,3.0,13.48,108.67,6,Standard,AllInclusive,1,7
1817,49.0,6.0,26.36,133.02,2,Deluxe,RoomOnly,1,6
1818,30.0,5.0,18.86,119.42,4,Deluxe,RoomOnly,0,8
1819,33.0,2.0,31.67,122.95,6,Standard,AllInclusive,0,7
1820,46.0,2.0,28.26,105.59,2,Standard,AllInclusive,1,9
1821,33.0,1.0,47.06,72.57,5,Standard,RoomOnly,0,8
1822,33.0,1.0,32.17,92.46,5,Standard,RoomOnly,0,9
1823,53.0,3.0,15.92,91.17,0,Standard,RoomOnly,0,6
1824,43.0,1.0,23.34,170.31,0,Deluxe,AllInclusive,0,10
1825,48.0,4.0,25.33,140.49,6,Deluxe,RoomOnly,0,8
1826,31.0,4.0,17.42,196.97,4,Family,RoomOnly,0,10
1827,35.0,4.0,18.43,119.04,3,Standard,AllInclusive,0,10
1828,46.0,2.0,14.3,92.55,1,Standard,RoomOnly,1,7
1829,46.0,1.0,29.68,95.68,1,Standard,RoomOnly,0,7
1830,40.0,3.0,,218.86,0,Suite,RoomOnly,0,8
1831,26.0,1.0,30.3,138.9,1,Deluxe,RoomOnly,0,8
1832,29.0,3.0,33.11,261.63,0,Suite,AllInclusive,0,10
1833,51.0,4.0,96.31,136.68,4,Deluxe,RoomOnly,0,8
1834,44.0,2.0,111.72,269.12,2,Suite,RoomOnly,0,10
1835,50.0,2.0,49.3,233.44,2,Suite,AllInclusive,0,9
1836,36.0,3.0,9.12,183.77,6,Family,RoomOnly,0,8
1837,43.0,3.0,17.1,83.44,1,Standard,RoomOnly,0,6
1838,36.0,2.0,28.79,215.05,4,Suite,RoomOnly,0,10
1839,18.0,2.0,40.85,64.77,2,Standard,RoomOnly,0,7
1840,39.0,3.0,,151.82,0,Deluxe,RoomOnly,0,8
1841,35.0,8.0,33.22,99.6,6,Standard,AllInclusive,0,9
1842,59.0,7.0,20.43,80.11,4,Standard,RoomOnly,0,7
1843,45.0,2.0,11.54,121.52,3,Deluxe,RoomOnly,0,7
1844,48.0,2.0,24.81,241.41,3,Suite,RoomOnly,0,10
1845,23.0,3.0,25.68,86.59,0,Standard,RoomOnly,0,7
1846,26.0,3.0,29.0,201.44,3,Suite,RoomOnly,0,9
1847,41.0,6.0,20.79,139.49,4,Standard,AllInclusive,0,8
1848,44.0,3.0,16.51,61.37,0,Standard,RoomOnly,0,8
1849,35.0,1.0,17.72,155.34,6,Family,AllInclusive,0,9
1850,38.0,4.0,15.9,119.28,1,Deluxe,RoomOnly,1,6
1851,43.0,2.0,,219.78,0,Suite,RoomOnly,0,9
1852,48.0,2.0,22.55,137.44,5,Deluxe,AllInclusive,0,9
1853,30.0,2.0,20.9,138.35,2,Deluxe,RoomOnly,0,8
1854,38.0,4.0,14.62,99.7,1,Standard,RoomOnly,0,7
1855,34.0,4.0,20.08,155.37,6,Deluxe,RoomOnly,0,8
1856,49.0,2.0,20.72,247.14,4,Suite,AllInclusive,0,10
1857,20.0,1.0,21.25,69.23,2,Standard,RoomOnly,1,6
1858,22.0,4.0,10.69,95.71,2,Standard,RoomOnly,1,5
1859,24.0,2.0,15.8,234.62,6,Suite,RoomOnly,0,8
1860,52.0,4.0,20.88,246.99,2,Suite,RoomOnly,0,8
1861,35.0,3.0,21.17,222.42,0,Suite,RoomOnly,0,8
1862,35.0,3.0,12.1,174.89,5,Deluxe,AllInclusive,1,5
1863,28.0,1.0,,79.53,0,Standard,RoomOnly,0,8
1864,31.0,6.0,27.9,114.11,0,Standard,AllInclusive,0,7
1865,43.0,6.0,10.61,85.03,4,Standard,RoomOnly,0,8
1866,61.0,1.0,21.94,88.78,1,Standard,RoomOnly,0,10
1867,37.0,3.0,19.59,124.14,3,Standard,AllInclusive,0,9
1868,35.0,4.0,15.4,128.3,2,Deluxe,RoomOnly,0,9
1869,37.0,2.0,15.0,251.81,0,Suite,RoomOnly,0,9
1870,29.0,3.0,19.67,79.33,5,Standard,RoomOnly,0,9
1871,47.0,9.0,22.54,95.21,6,Standard,RoomOnly,0,8
1872,22.0,4.0,17.48,112.07,2,Standard,AllInclusive,0,9
1873,40.0,2.0,39.53,233.7,5,Suite,AllInclusive,0,8
1874,31.0,1.0,33.98,166.27,3,Family,RoomOnly,0,7
1875,23.0,6.0,9.13,76.53,4,Standard,RoomOnly,0,5
1876,26.0,5.0,15.03,196.2,4,Suite,AllInclusive,0,10
1877,26.0,4.0,32.39,133.32,0,Deluxe,RoomOnly,0,10
1878,26.0,8.0,24.1,167.15,1,Deluxe,AllInclusive,0,10
1879,41.0,2.0,18.53,133.76,4,Deluxe,RoomOnly,0,9
1880,56.0,2.0,13.99,216.08,0,Suite,RoomOnly,1,7
1881,39.0,2.0,25.85,161.95,6,Family,RoomOnly,0,8
1882,29.0,1.0,20.76,102.76,3,Standard,AllInclusive,0,8
1883,45.0,3.0,22.97,82.34,6,Standard,RoomOnly,0,9
1884,40.0,2.0,25.97,227.19,0,Suite,RoomOnly,0,10
1885,18.0,5.0,8.37,86.52,6,Standard,AllInclusive,0,6
1886,26.0,3.0,58.05,276.67,1,Suite,AllInclusive,0,10
1887,28.0,4.0,22.22,130.88,1,Deluxe,RoomOnly,0,8
1888,43.0,4.0,29.65,135.81,1,Deluxe,RoomOnly,0,10
1889,36.0,2.0,43.75,203.89,6,Suite,RoomOnly,0,9
1890,37.0,3.0,28.86,63.43,4,Standard,RoomOnly,1,6
1891,33.0,5.0,26.22,85.06,2,Standard,RoomOnly,0,9
1892,44.0,6.0,14.03,209.32,4,Suite,RoomOnly,0,9
1893,27.0,3.0,12.93,244.38,3,Suite,RoomOnly,0,10
1894,18.0,5.0,19.64,214.16,1,Family,AllInclusive,0,10
1895,31.0,2.0,22.53,126.14,3,Standard,AllInclusive,0,9
1896,47.0,3.0,14.57,206.31,0,Suite,RoomOnly,0,10
1897,37.0,4.0,19.05,230.62,0,Suite,RoomOnly,0,10
1898,31.0,3.0,24.43,159.51,0,Deluxe,AllInclusive,0,8
1899,43.0,2.0,28.01,149.49,3,Family,RoomOnly,0,8
1900,30.0,2.0,32.41,256.92,2,Suite,AllInclusive,0,10
1901,35.0,3.0,3.84,104.79,5,Standard,RoomOnly,0,9
1902,27.0,2.0,15.94,129.95,4,Deluxe,RoomOnly,0,7
1903,18.0,2.0,26.78,186.42,4,Deluxe,AllInclusive,0,10
1904,30.0,3.0,9.74,79.52,4,Standard,RoomOnly,0,6
1905,29.0,1.0,21.46,90.45,1,Standard,RoomOnly,0,8
1906,38.0,7.0,18.15,190.77,4,Deluxe,AllInclusive,0,10
1907,46.0,3.0,,202.73,2,Family,AllInclusive,0,10
1908,27.0,3.0,,237.61,2,Suite,RoomOnly,0,10
1909,34.0,5.0,35.62,65.06,3,Standard,RoomOnly,0,7
1910,40.0,2.0,,296.45,3,Suite,AllInclusive,0,10
1911,47.0,4.0,29.08,64.44,5,Standard,RoomOnly,0,6
1912,30.0,2.0,12.36,247.51,0,Suite,AllInclusive,0,10
1913,36.0,2.0,16.9,142.59,2,Family,RoomOnly,0,9
1914,27.0,4.0,39.4,150.83,1,Deluxe,RoomOnly,0,9
1915,50.0,2.0,15.53,191.14,5,Suite,RoomOnly,0,10
1916,34.0,1.0,,134.95,3,Deluxe,RoomOnly,0,7
1917,37.0,4.0,95.7,176.27,2,Deluxe,AllInclusive,0,9
1918,23.0,4.0,18.73,172.01,3,Deluxe,AllInclusive,0,10
1919,51.0,5.0,19.43,109.44,4,Standard,AllInclusive,0,9
1920,36.0,3.0,22.07,82.01,1,Standard,RoomOnly,1,5
1921,47.0,5.0,14.8,85.31,5,Standard,RoomOnly,0,9
1922,26.0,2.0,55.53,149.33,1,Deluxe,AllInclusive,0,10
1923,46.0,3.0,23.05,159.66,0,Family,RoomOnly,0,10
1924,54.0,7.0,22.23,73.22,4,Standard,RoomOnly,0,6
1925,38.0,4.0,32.86,100.73,3,Standard,AllInclusive,1,7
1926,36.0,7.0,3.91,136.73,2,Standard,AllInclusive,0,9
1927,45.0,6.0,32.6,257.72,0,Suite,AllInclusive,0,10
1928,43.0,5.0,12.04,93.01,6,Standard,RoomOnly,1,6
1929,35.0,3.0,24.64,105.6,3,Standard,AllInclusive,0,9
1930,23.0,3.0,14.08,62.2,1,Standard,RoomOnly,0,7
1931,35.0,3.0,15.76,141.31,1,Deluxe,AllInclusive,0,10
1932,26.0,2.0,13.84,98.5,6,Standard,RoomOnly,0,7
1933,22.0,3.0,23.24,108.84,3,Standard,AllInclusive,0,10
1934,20.0,4.0,11.9,128.35,3,Standard,AllInclusive,0,9
1935,30.0,3.0,20.33,206.55,6,Family,AllInclusive,0,10
1936,28.0,3.0,14.28,83.23,5,Standard,RoomOnly,0,9
1937,35.0,3.0,38.68,103.45,4,Deluxe,RoomOnly,0,9
1938,22.0,3.0,21.93,75.85,2,Standard,RoomOnly,1,6
1939,52.0,2.0,19.05,165.68,4,Family,RoomOnly,1,6
1940,32.0,6.0,9.09,185.78,2,Suite,RoomOnly,0,10
1941,54.0,4.0,37.25,160.06,3,Deluxe,AllInclusive,0,10
1942,22.0,2.0,12.16,136.09,6,Family,RoomOnly,0,8
1943,24.0,3.0,41.8,130.1,0,Standard,AllInclusive,0,10
1944,27.0,2.0,40.46,99.57,2,Standard,RoomOnly,0,8
1945,29.0,3.0,18.91,60.95,1,Standard,RoomOnly,0,8
1946,29.0,3.0,23.99,128.49,4,Deluxe,RoomOnly,1,7
1947,48.0,2.0,32.84,166.55,4,Family,AllInclusive,0,10
1948,46.0,3.0,13.5,98.46,1,Standard,RoomOnly,0,7
1949,26.0,5.0,14.5,177.37,3,Deluxe,RoomOnly,1,7
1950,35.0,2.0,21.49,163.6,1,Deluxe,AllInclusive,0,10
1951,28.0,2.0,11.73,221.21,0,Suite,RoomOnly,0,8
1952,18.0,4.0,22.76,100.46,4,Deluxe,RoomOnly,0,7
1953,29.0,2.0,21.51,74.16,2,Standard,RoomOnly,0,9
1954,30.0,2.0,29.52,160.22,0,Deluxe,AllInclusive,0,9
1955,29.0,4.0,11.29,114.02,1,Deluxe,RoomOnly,0,9
1956,23.0,2.0,23.91,82.16,3,Standard,RoomOnly,1,6
1957,33.0,3.0,23.09,178.27,6,Family,RoomOnly,1,6
1958,35.0,1.0,6.9,155.28,5,Family,RoomOnly,1,5
1959,52.0,5.0,40.01,81.95,3,Standard,RoomOnly,0,8
1960,38.0,2.0,28.57,187.74,2,Family,AllInclusive,0,9
1961,18.0,2.0,20.73,228.49,1,Suite,RoomOnly,0,10
1962,46.0,3.0,15.12,287.8,2,Suite,AllInclusive,0,10
1963,49.0,1.0,16.61,237.98,1,Suite,RoomOnly,0,8
1964,33.0,3.0,36.2,121.08,2,Deluxe,RoomOnly,0,9
1965,27.0,2.0,31.06,165.49,5,Deluxe,AllInclusive,0,9
1966,42.0,1.0,22.03,72.21,5,Standard,RoomOnly,0,8
1967,27.0,6.0,15.4,175.99,3,Family,RoomOnly,0,8
1968,21.0,2.0,,139.28,6,Family,RoomOnly,1,4
1969,37.0,3.0,26.11,114.16,4,Standard,AllInclusive,0,7
1970,44.0,2.0,19.42,152.46,4,Family,RoomOnly,0,8
1971,29.0,4.0,39.35,127.71,6,Deluxe,RoomOnly,0,8
1972,38.0,3.0,20.86,257.95,1,Suite,RoomOnly,0,10
1973,61.0,3.0,25.67,318.57,5,Suite,AllInclusive,0,10
1974,29.0,5.0,27.45,75.93,1,Standard,RoomOnly,1,3
1975,42.0,3.0,19.69,85.55,4,Standard,RoomOnly,0,8
1976,32.0,2.0,11.77,135.46,5,Deluxe,AllInclusive,0,10
1977,47.0,5.0,44.17,143.51,6,Deluxe,AllInclusive,0,10
1978,39.0,7.0,23.11,84.62,3,Standard,RoomOnly,0,8
1979,43.0,3.0,31.68,147.58,6,Deluxe,AllInclusive,0,9
1980,27.0,2.0,46.46,117.04,4,Standard,AllInclusive,1,7
1981,37.0,1.0,14.41,264.54,0,Suite,RoomOnly,0,9
1982,41.0,3.0,21.15,161.18,5,Family,RoomOnly,0,9
1983,61.0,4.0,14.46,110.7,2,Standard,AllInclusive,0,9
1984,46.0,3.0,33.99,78.99,6,Standard,RoomOnly,0,9
1985,51.0,5.0,18.61,69.24,0,Standard,RoomOnly,0,7
1986,34.0,3.0,71.92,82.03,2,Standard,RoomOnly,0,8
1987,42.0,4.0,11.47,202.87,5,Family,AllInclusive,0,10
1988,18.0,3.0,13.33,96.09,4,Standard,RoomOnly,0,9
1989,40.0,2.0,16.24,198.41,5,Suite,RoomOnly,0,7
1990,53.0,1.0,21.15,65.73,1,Standard,RoomOnly,0,7
1991,43.0,5.0,15.25,212.68,6,Suite,RoomOnly,0,7
1992,45.0,3.0,12.89,102.19,3,Standard,RoomOnly,0,9
1993,38.0,3.0,43.12,85.31,1,Standard,RoomOnly,0,7
1994,32.0,6.0,10.42,217.48,1,Suite,RoomOnly,0,10
1995,39.0,2.0,49.66,108.64,1,Standard,AllInclusive,0,10
1996,42.0,4.0,9.89,76.87,6,Standard,RoomOnly,1,5
1997,26.0,2.0,28.4,164.55,6,Family,RoomOnly,0,9
1998,55.0,3.0,28.21,132.56,6,Deluxe,RoomOnly,0,10
1999,31.0,3.0,46.8,114.34,1,Standard,AllInclusive,0,9
2000,27.0,5.0,20.17,108.37,4,Standard,AllInclusive,0,7
2001,45.0,9.0,19.96,75.98,5,Standard,RoomOnly,0,8
2002,25.0,5.0,20.73,160.58,3,Family,RoomOnly,0,10
2003,53.0,2.0,14.11,184.17,4,Family,AllInclusive,0,9
2004,23.0,1.0,34.36,111.71,5,Standard,AllInclusive,0,8
2005,36.0,2.0,70.21,131.43,6,Deluxe,RoomOnly,0,8
2006,24.0,2.0,19.64,227.23,2,Suite,AllInclusive,0,8
2007,34.0,3.0,24.02,158.27,0,Family,RoomOnly,0,9
2008,25.0,4.0,24.36,94.33,0,Standard,RoomOnly,1,5
2009,53.0,2.0,8.12,152.98,5,Deluxe,RoomOnly,0,9
2010,24.0,2.0,10.52,140.01,3,Deluxe,RoomOnly,0,8
2011,22.0,7.0,26.2,159.83,5,Family,RoomOnly,0,10
2012,45.0,1.0,9.96,124.74,2,Standard,AllInclusive,0,8
2013,28.0,4.0,39.07,79.74,2,Standard,RoomOnly,0,7
2014,18.0,2.0,33.13,152.6,5,Deluxe,AllInclusive,0,9
2015,32.0,2.0,9.61,117.4,0,Standard,AllInclusive,0,8
2016,31.0,2.0,32.07,129.23,5,Deluxe,RoomOnly,0,7
2017,30.0,2.0,11.6,174.99,5,Suite,RoomOnly,0,10
2018,39.0,2.0,25.18,117.12,1,Deluxe,RoomOnly,0,9
2019,21.0,3.0,19.2,109.15,2,Standard,AllInclusive,0,9
2020,27.0,4.0,40.65,103.94,3,Standard,AllInclusive,0,9
2021,35.0,3.0,16.4,125.25,3,Deluxe,RoomOnly,0,7
2022,29.0,3.0,12.18,106.7,6,Standard,AllInclusive,0,9
2023,23.0,3.0,35.18,174.28,0,Deluxe,AllInclusive,0,10
2024,22.0,3.0,17.85,87.61,2,Standard,RoomOnly,1,8
2025,37.0,4.0,37.84,74.57,6,Standard,RoomOnly,0,7
2026,26.0,3.0,13.85,148.11,2,Family,RoomOnly,1,7
2027,30.0,4.0,7.83,94.41,6,Standard,AllInclusive,0,7
2028,42.0,7.0,7.83,270.89,3,Suite,AllInclusive,0,10
2029,49.0,4.0,9.64,223.36,4,Suite,RoomOnly,0,10
2030,46.0,1.0,30.34,134.49,0,Deluxe,RoomOnly,0,6
2031,40.0,2.0,4.55,234.89,3,Suite,RoomOnly,0,10
2032,32.0,5.0,67.14,279.71,5,Suite,AllInclusive,0,10
2033,25.0,3.0,17.46,65.07,6,Standard,RoomOnly,0,8
2034,30.0,3.0,19.04,127.04,0,Deluxe,RoomOnly,0,7
2035,50.0,4.0,45.32,123.39,0,Standard,AllInclusive,0,9
2036,50.0,2.0,17.95,128.17,6,Standard,AllInclusive,0,10
2037,27.0,3.0,38.85,106.75,4,Standard,AllInclusive,0,9
2038,26.0,3.0,45.01,154.36,3,Deluxe,AllInclusive,0,10
2039,30.0,5.0,34.43,100.39,4,Standard,AllInclusive,0,9
2040,43.0,2.0,20.27,77.1,3,Standard,RoomOnly,0,7
2041,36.0,4.0,38.02,91.92,3,Standard,RoomOnly,1,5
2042,38.0,2.0,23.48,87.42,3,Standard,RoomOnly,0,8
2043,39.0,2.0,27.04,108.13,3,Standard,AllInclusive,0,9
2044,37.0,1.0,6.32,80.71,4,Standard,RoomOnly,0,9
2045,26.0,2.0,31.61,79.85,3,Standard,RoomOnly,0,8
2046,46.0,4.0,39.73,211.13,5,Suite,AllInclusive,0,10
2047,32.0,2.0,24.01,136.34,1,Deluxe,RoomOnly,0,8
2048,49.0,3.0,4.73,260.65,0,Suite,AllInclusive,0,8
2049,45.0,3.0,,239.94,4,Suite,AllInclusive,0,10
2050,47.0,2.0,30.62,84.52,3,Standard,RoomOnly,0,9
2051,23.0,4.0,21.69,253.55,0,Suite,RoomOnly,0,10
2052,38.0,2.0,11.04,86.35,5,Standard,RoomOnly,0,6
2053,45.0,4.0,39.84,78.69,5,Standard,RoomOnly,0,7
2054,31.0,1.0,14.12,223.87,6,Suite,RoomOnly,0,10
2055,40.0,4.0,18.75,192.53,1,Suite,RoomOnly,0,8
2056,39.0,7.0,15.46,263.38,3,Suite,RoomOnly,0,10
2057,19.0,3.0,21.83,174.3,4,Deluxe,AllInclusive,0,9
2058,19.0,2.0,37.43,97.14,4,Standard,AllInclusive,0,9
2059,28.0,1.0,15.54,150.2,6,Deluxe,RoomOnly,0,8
2060,24.0,5.0,53.56,193.68,3,Deluxe,AllInclusive,0,10
2061,43.0,2.0,14.54,105.8,6,Standard,RoomOnly,0,6
2062,35.0,5.0,22.16,271.13,2,Suite,RoomOnly,0,10
2063,38.0,4.0,21.4,256.38,6,Suite,RoomOnly,0,10
2064,22.0,4.0,17.13,88.0,5,Standard,RoomOnly,0,9
2065,45.0,3.0,41.04,205.2,1,Family,AllInclusive,1,7
2066,48.0,3.0,17.16,86.83,6,Standard,RoomOnly,0,9
2067,30.0,2.0,18.4,121.02,4,Standard,AllInclusive,0,9
2068,40.0,3.0,19.81,135.61,0,Family,RoomOnly,0,8
2069,36.0,5.0,,254.61,5,Suite,AllInclusive,0,9
2070,44.0,2.0,,172.35,0,Deluxe,AllInclusive,0,10
2071,39.0,3.0,40.14,163.88,0,Deluxe,RoomOnly,0,9
2072,32.0,3.0,41.29,78.91,3,Standard,RoomOnly,0,8
2073,38.0,2.0,21.34,177.84,6,Deluxe,AllInclusive,1,8
2074,41.0,4.0,22.51,181.22,5,Family,RoomOnly,1,6
2075,42.0,4.0,34.74,84.87,2,Standard,RoomOnly,0,8
2076,50.0,1.0,27.85,76.76,4,Standard,RoomOnly,0,8
2077,19.0,5.0,14.41,225.24,3,Suite,RoomOnly,0,8
2078,32.0,4.0,7.4,270.48,2,Suite,RoomOnly,0,9
2079,34.0,2.0,9.17,81.22,6,Standard,RoomOnly,0,8
2080,48.0,4.0,39.96,230.04,5,Suite,AllInclusive,0,9
2081,28.0,2.0,15.64,291.78,3,Suite,AllInclusive,0,10
2082,37.0,3.0,22.86,132.5,4,Standard,AllInclusive,0,8
2083,29.0,3.0,13.05,103.79,1,Standard,RoomOnly,0,9
2084,25.0,4.0,38.21,99.75,4,Standard,AllInclusive,0,9
2085,32.0,3.0,13.75,164.99,2,Deluxe,AllInclusive,0,8
2086,53.0,5.0,47.36,148.99,2,Deluxe,RoomOnly,0,9
2087,30.0,2.0,43.86,105.29,2,Deluxe,RoomOnly,0,8
2088,41.0,5.0,6.87,99.9,5,Standard,RoomOnly,0,9
2089,33.0,4.0,15.84,176.37,1,Deluxe,AllInclusive,0,10
2090,37.0,3.0,34.4,77.73,2,Standard,RoomOnly,0,7
2091,23.0,6.0,11.27,77.83,1,Standard,RoomOnly,0,8
2092,38.0,8.0,56.53,170.03,0,Deluxe,AllInclusive,0,10
2093,31.0,2.0,39.88,138.78,1,Deluxe,RoomOnly,1,5
2094,36.0,2.0,,100.77,4,Standard,AllInclusive,0,7
2095,29.0,1.0,19.25,141.46,2,Deluxe,AllInclusive,1,5
2096,55.0,3.0,44.17,117.22,4,Standard,RoomOnly,0,7
2097,35.0,3.0,31.78,128.04,1,Standard,AllInclusive,0,9
2098,32.0,3.0,15.8,177.34,6,Family,RoomOnly,0,9
2099,48.0,3.0,9.38,114.05,5,Deluxe,RoomOnly,0,9
2100,33.0,3.0,10.51,113.9,6,Deluxe,RoomOnly,0,9
2101,29.0,4.0,29.56,116.56,4,Standard,AllInclusive,0,8
2102,41.0,2.0,34.2,152.72,4,Standard,AllInclusive,0,10
2103,31.0,2.0,69.18,129.69,5,Standard,AllInclusive,0,10
2104,22.0,2.0,25.35,73.84,1,Standard,RoomOnly,0,7
2105,27.0,2.0,12.19,127.12,6,Deluxe,RoomOnly,0,9
2106,21.0,3.0,22.04,182.95,3,Deluxe,AllInclusive,0,9
2107,28.0,5.0,15.06,100.74,5,Standard,RoomOnly,1,5
2108,54.0,6.0,53.02,132.78,0,Deluxe,RoomOnly,0,10
2109,35.0,2.0,22.73,133.96,5,Standard,AllInclusive,1,9
2110,60.0,3.0,75.78,123.59,5,Standard,AllInclusive,1,7
2111,42.0,1.0,17.94,75.01,0,Standard,RoomOnly,0,9
2112,40.0,2.0,20.98,152.95,2,Family,RoomOnly,0,8
2113,30.0,6.0,28.01,86.74,2,Standard,RoomOnly,0,8
2114,28.0,3.0,28.68,198.79,1,Family,AllInclusive,0,10
2115,38.0,4.0,54.47,119.08,1,Deluxe,RoomOnly,0,10
2116,45.0,8.0,52.98,221.86,6,Suite,AllInclusive,0,10
2117,18.0,4.0,35.31,143.02,6,Deluxe,RoomOnly,0,10
2118,35.0,3.0,,165.49,3,Deluxe,AllInclusive,0,10
2119,32.0,3.0,20.51,102.93,4,Standard,AllInclusive,0,10
2120,33.0,4.0,,189.34,0,Deluxe,AllInclusive,0,10
2121,56.0,3.0,21.92,92.01,2,Standard,AllInclusive,0,7
2122,26.0,2.0,14.17,213.41,4,Suite,RoomOnly,0,9
2123,39.0,2.0,19.89,82.84,6,Standard,RoomOnly,0,9
2124,47.0,3.0,65.89,203.25,6,Suite,RoomOnly,0,9
2125,38.0,4.0,23.16,127.03,1,Standard,AllInclusive,0,10
2126,33.0,2.0,51.49,81.42,6,Standard,RoomOnly,0,7
2127,38.0,1.0,15.78,164.29,4,Deluxe,AllInclusive,0,10
2128,45.0,4.0,44.22,190.45,0,Family,AllInclusive,0,10
2129,30.0,5.0,16.53,177.35,5,Suite,RoomOnly,0,9
2130,37.0,4.0,11.19,71.65,4,Standard,RoomOnly,0,8
2131,37.0,3.0,43.47,223.77,5,Suite,RoomOnly,0,10
2132,25.0,2.0,18.72,264.81,0,Suite,RoomOnly,0,10
2133,22.0,5.0,61.05,106.06,2,Standard,AllInclusive,0,8
2134,49.0,4.0,,235.65,2,Suite,AllInclusive,0,10
2135,44.0,2.0,17.32,132.22,3,Deluxe,RoomOnly,0,9
2136,44.0,4.0,17.15,157.55,1,Deluxe,RoomOnly,0,9
2137,39.0,2.0,23.38,191.83,4,Suite,RoomOnly,0,10
2138,38.0,5.0,37.54,122.5,6,Standard,AllInclusive,0,9
2139,41.0,4.0,26.91,122.7,1,Standard,AllInclusive,0,9
2140,35.0,4.0,67.6,177.69,2,Family,RoomOnly,0,9
2141,40.0,4.0,23.24,187.54,1,Family,RoomOnly,0,10
2142,27.0,5.0,29.35,232.19,4,Suite,RoomOnly,0,10
2143,48.0,2.0,17.84,94.28,1,Standard,AllInclusive,0,7
2144,37.0,4.0,6.8,193.85,5,Suite,RoomOnly,0,10
2145,40.0,2.0,,100.16,5,Standard,AllInclusive,0,8
2146,39.0,4.0,25.28,219.38,2,Family,AllInclusive,0,10
2147,29.0,2.0,27.21,149.27,1,Deluxe,AllInclusive,0,9
2148,42.0,3.0,19.22,252.67,1,Suite,AllInclusive,0,10
2149,34.0,4.0,26.27,245.5,5,Suite,AllInclusive,0,10
2150,33.0,3.0,9.93,77.4,0,Standard,RoomOnly,0,7
2151,23.0,7.0,29.36,137.16,5,Standard,AllInclusive,0,8
2152,21.0,2.0,6.02,233.58,0,Suite,RoomOnly,0,9
2153,25.0,5.0,9.03,100.82,1,Standard,AllInclusive,0,8
2154,33.0,3.0,17.42,172.25,6,Deluxe,AllInclusive,0,10
2155,32.0,3.0,63.94,144.94,1,Deluxe,AllInclusive,0,10
2156,23.0,2.0,33.46,109.63,5,Standard,AllInclusive,0,9
2157,33.0,2.0,26.63,184.95,5,Family,RoomOnly,0,8
2158,25.0,4.0,,280.29,4,Suite,AllInclusive,0,10
2159,21.0,2.0,,147.34,6,Deluxe,RoomOnly,0,8
2160,34.0,6.0,14.62,176.01,5,Family,RoomOnly,0,10
2161,40.0,2.0,31.8,79.61,1,Standard,RoomOnly,1,6
2162,37.0,3.0,47.51,204.12,2,Family,AllInclusive,0,9
2163,18.0,1.0,14.67,132.81,5,Standard,AllInclusive,0,9
2164,26.0,3.0,40.2,188.17,1,Deluxe,AllInclusive,0,7
2165,45.0,4.0,56.18,251.56,3,Suite,AllInclusive,0,10
2166,30.0,5.0,34.76,66.04,4,Standard,RoomOnly,1,4
2167,35.0,3.0,39.36,214.16,5,Suite,RoomOnly,0,10
2168,51.0,2.0,8.71,81.22,1,Standard,RoomOnly,0,7
2169,41.0,2.0,27.47,174.11,1,Deluxe,AllInclusive,0,10
2170,38.0,2.0,,91.82,2,Deluxe,RoomOnly,0,6
2171,23.0,2.0,36.0,110.14,3,Standard,AllInclusive,0,10
2172,50.0,2.0,33.62,252.29,2,Suite,AllInclusive,0,10
2173,37.0,4.0,,131.15,5,Standard,AllInclusive,0,7
2174,29.0,2.0,9.31,79.39,6,Standard,RoomOnly,0,8
2175,42.0,2.0,37.17,75.97,4,Standard,RoomOnly,0,9
2176,21.0,3.0,15.53,189.42,5,Deluxe,AllInclusive,0,10
2177,43.0,2.0,19.44,117.66,1,Standard,AllInclusive,0,10
2178,20.0,2.0,44.26,145.53,5,Deluxe,AllInclusive,0,10
2179,31.0,3.0,14.18,120.84,4,Family,RoomOnly,0,6
2180,20.0,1.0,21.88,261.01,0,Suite,AllInclusive,0,10
2181,34.0,4.0,34.6,161.39,1,Family,RoomOnly,0,7
2182,53.0,1.0,7.25,158.2,1,Deluxe,AllInclusive,0,9
2183,34.0,1.0,17.9,128.55,3,Standard,AllInclusive,0,8
2184,25.0,5.0,20.63,200.42,3,Suite,RoomOnly,0,9
2185,52.0,2.0,47.11,138.17,6,Deluxe,RoomOnly,0,9
2186,34.0,5.0,,139.61,3,Deluxe,AllInclusive,0,8
2187,30.0,4.0,18.91,67.2,4,Standard,RoomOnly,0,8
2188,28.0,3.0,9.7,138.97,3,Deluxe,RoomOnly,0,9
2189,30.0,2.0,37.07,92.63,3,Standard,RoomOnly,0,8
2190,27.0,3.0,58.02,262.01,4,Suite,RoomOnly,0,10
2191,26.0,2.0,113.14,108.15,5,Standard,AllInclusive,0,8
2192,49.0,5.0,25.15,70.17,3,Standard,RoomOnly,0,7
2193,54.0,3.0,96.28,123.6,3,Standard,AllInclusive,1,5
2194,37.0,3.0,34.36,131.24,3,Deluxe,RoomOnly,0,10
2195,33.0,2.0,21.96,112.9,5,Standard,AllInclusive,0,10
2196,51.0,3.0,66.29,131.29,1,Deluxe,RoomOnly,1,8
2197,25.0,2.0,37.22,130.09,5,Standard,AllInclusive,1,7
2198,44.0,3.0,34.93,236.74,4,Suite,AllInclusive,0,10
2199,45.0,3.0,15.77,215.66,5,Suite,RoomOnly,0,10
2200,25.0,4.0,23.93,127.82,3,Deluxe,RoomOnly,1,6
2201,26.0,3.0,16.58,188.58,2,Suite,RoomOnly,0,8
2202,34.0,2.0,13.35,120.55,6,Deluxe,RoomOnly,0,8
2203,30.0,3.0,38.94,121.66,6,Standard,AllInclusive,0,10
2204,18.0,2.0,32.2,112.03,1,Standard,AllInclusive,0,10
2205,29.0,1.0,21.59,94.81,5,Standard,AllInclusive,0,9
2206,28.0,3.0,90.7,161.0,2,Family,AllInclusive,0,9
2207,33.0,4.0,39.46,107.36,3,Deluxe,RoomOnly,0,10
2208,57.0,2.0,35.79,161.41,6,Deluxe,RoomOnly,0,8
2209,48.0,1.0,27.6,193.69,2,Family,AllInclusive,0,10
2210,36.0,3.0,38.93,124.6,2,Standard,AllInclusive,0,9
2211,39.0,1.0,22.41,120.22,2,Deluxe,RoomOnly,0,6
2212,50.0,2.0,45.62,62.6,5,Standard,RoomOnly,0,7
2213,36.0,2.0,62.08,89.59,0,Standard,RoomOnly,0,8
2214,36.0,3.0,7.9,118.89,4,Standard,AllInclusive,0,8
2215,36.0,4.0,65.47,143.66,5,Deluxe,RoomOnly,0,7
2216,42.0,2.0,14.44,155.79,5,Deluxe,AllInclusive,0,9
2217,46.0,1.0,50.33,219.94,3,Family,AllInclusive,0,10
2218,39.0,5.0,42.36,132.8,3,Deluxe,RoomOnly,1,5
2219,45.0,1.0,32.87,264.86,6,Suite,AllInclusive,0,10
2220,38.0,6.0,11.62,241.47,3,Suite,RoomOnly,0,10
2221,20.0,2.0,21.44,158.46,4,Deluxe,RoomOnly,0,9
2222,25.0,5.0,36.92,151.6,6,Deluxe,RoomOnly,0,9
2223,18.0,10.0,23.32,124.43,1,Standard,AllInclusive,0,7
2224,33.0,3.0,30.84,201.98,5,Suite,RoomOnly,0,8
2225,38.0,1.0,21.43,172.76,4,Deluxe,AllInclusive,0,10
2226,18.0,1.0,5.39,228.03,6,Suite,AllInclusive,0,10
2227,25.0,3.0,,196.32,0,Suite,AllInclusive,0,8
2228,35.0,2.0,24.9,87.62,0,Standard,RoomOnly,1,6
2229,34.0,4.0,23.36,221.02,3,Suite,AllInclusive,0,9
2230,44.0,6.0,23.81,196.22,1,Suite,RoomOnly,0,8
2231,39.0,2.0,24.74,86.1,5,Standard,RoomOnly,1,5
2232,27.0,4.0,47.19,135.84,6,Deluxe,RoomOnly,0,8
2233,28.0,6.0,35.22,220.55,5,Suite,RoomOnly,0,9
2234,36.0,3.0,11.34,69.46,0,Standard,RoomOnly,0,7
2235,38.0,2.0,20.76,57.62,1,Standard,RoomOnly,0,9
2236,26.0,2.0,56.98,86.58,2,Standard,RoomOnly,0,7
2237,28.0,2.0,19.05,206.76,5,Suite,RoomOnly,0,9
2238,26.0,2.0,18.36,247.18,4,Suite,RoomOnly,0,10
2239,50.0,3.0,12.66,257.16,1,Suite,AllInclusive,0,10
2240,35.0,2.0,63.14,87.16,4,Standard,AllInclusive,0,7
2241,39.0,5.0,19.88,107.27,3,Deluxe,RoomOnly,0,8
2242,21.0,2.0,9.32,162.44,6,Deluxe,AllInclusive,0,10
2243,26.0,5.0,21.49,255.92,1,Suite,RoomOnly,0,10
2244,49.0,3.0,14.06,60.59,2,Standard,RoomOnly,0,8
2245,28.0,4.0,45.03,71.17,0,Standard,RoomOnly,0,8
2246,32.0,2.0,8.38,69.24,3,Standard,RoomOnly,0,10
2247,20.0,2.0,24.79,146.79,2,Family,RoomOnly,0,8
2248,41.0,3.0,,226.71,2,Suite,AllInclusive,0,10
2249,26.0,5.0,13.01,148.32,4,Deluxe,RoomOnly,0,9
2250,32.0,6.0,9.51,154.18,0,Family,RoomOnly,0,7
2251,51.0,2.0,46.97,82.81,1,Standard,RoomOnly,0,8
2252,38.0,2.0,21.26,181.5,4,Deluxe,AllInclusive,0,10
2253,32.0,5.0,20.7,92.16,1,Standard,RoomOnly,0,9
2254,21.0,7.0,30.1,172.5,2,Deluxe,AllInclusive,0,10
2255,51.0,5.0,,170.93,5,Family,RoomOnly,0,10
2256,44.0,2.0,30.64,116.26,2,Standard,AllInclusive,1,6
2257,28.0,2.0,27.67,182.0,0,Deluxe,AllInclusive,0,8
2258,35.0,8.0,37.76,67.1,5,Standard,RoomOnly,0,7
2259,40.0,5.0,23.52,222.03,0,Suite,RoomOnly,0,10
2260,24.0,1.0,16.18,242.37,5,Suite,AllInclusive,1,9
2261,51.0,3.0,18.95,141.98,1,Deluxe,AllInclusive,0,9
2262,53.0,4.0,20.09,95.39,0,Standard,AllInclusive,0,7
2263,27.0,4.0,19.27,163.92,5,Deluxe,AllInclusive,0,8
2264,31.0,2.0,25.71,78.42,0,Standard,RoomOnly,0,9
2265,35.0,2.0,10.9,81.84,0,Standard,RoomOnly,0,7
2266,49.0,4.0,48.29,114.34,1,Standard,RoomOnly,1,7
2267,39.0,8.0,24.93,96.97,3,Standard,AllInclusive,0,10
2268,45.0,2.0,19.11,138.14,1,Deluxe,RoomOnly,0,8
2269,39.0,10.0,30.04,144.68,3,Deluxe,RoomOnly,0,8
2270,28.0,2.0,22.9,76.92,6,Standard,RoomOnly,0,10
2271,41.0,1.0,22.8,187.91,5,Family,AllInclusive,0,9
2272,44.0,2.0,18.17,62.15,3,Standard,RoomOnly,1,6
2273,41.0,2.0,36.71,178.38,2,Deluxe,AllInclusive,0,9
2274,31.0,4.0,,239.12,6,Suite,RoomOnly,0,10
2275,40.0,2.0,49.73,130.81,6,Deluxe,RoomOnly,0,8
2276,21.0,3.0,20.66,139.55,3,Family,RoomOnly,0,10
2277,40.0,2.0,21.77,210.97,0,Family,RoomOnly,1,7
2278,31.0,6.0,24.56,77.15,5,Standard,RoomOnly,0,9
2279,48.0,3.0,7.51,80.91,6,Standard,RoomOnly,0,7
2280,36.0,1.0,14.94,90.21,2,Standard,RoomOnly,0,9
2281,46.0,4.0,22.12,93.17,5,Standard,RoomOnly,0,8
2282,38.0,3.0,40.13,192.94,1,Family,AllInclusive,0,9
2283,18.0,5.0,26.01,112.76,0,Standard,AllInclusive,0,8
2284,30.0,1.0,18.22,95.05,4,Standard,RoomOnly,0,9
2285,42.0,2.0,47.37,183.68,4,Suite,RoomOnly,0,9
2286,39.0,3.0,28.12,155.7,4,Suite,RoomOnly,1,5
2287,19.0,2.0,17.9,125.05,4,Deluxe,RoomOnly,0,9
2288,26.0,6.0,14.28,177.06,0,Family,RoomOnly,0,8
2289,39.0,2.0,25.28,82.95,5,Standard,RoomOnly,0,6
2290,51.0,2.0,38.62,199.59,5,Suite,RoomOnly,0,9
2291,44.0,6.0,32.12,126.98,6,Deluxe,RoomOnly,0,8
2292,41.0,2.0,17.43,91.38,3,Standard,RoomOnly,0,7
2293,26.0,2.0,25.23,212.78,3,Suite,RoomOnly,0,10
2294,44.0,2.0,25.64,123.78,4,Family,RoomOnly,0,9
2295,26.0,3.0,33.34,93.01,1,Standard,RoomOnly,0,7
2296,27.0,2.0,30.06,217.29,4,Suite,AllInclusive,0,9
2297,39.0,1.0,137.85,117.68,0,Standard,AllInclusive,0,8
2298,54.0,3.0,17.96,80.95,6,Standard,RoomOnly,0,9
2299,28.0,1.0,24.73,146.62,4,Deluxe,RoomOnly,1,6
2300,45.0,3.0,18.23,82.42,4,Standard,RoomOnly,0,9
2301,24.0,4.0,70.5,98.14,2,Standard,AllInclusive,0,8
2302,26.0,3.0,21.47,278.77,0,Suite,AllInclusive,0,10
2303,43.0,4.0,17.61,71.55,0,Standard,RoomOnly,0,8
2304,18.0,3.0,15.33,154.05,2,Family,RoomOnly,0,10
2305,53.0,2.0,9.6,242.74,5,Suite,RoomOnly,0,10
2306,18.0,2.0,18.07,152.67,3,Deluxe,AllInclusive,0,9
2307,42.0,3.0,12.92,58.83,4,Standard,RoomOnly,0,9
2308,34.0,2.0,49.15,118.53,0,Standard,AllInclusive,0,10
2309,33.0,5.0,,110.53,3,Deluxe,RoomOnly,1,6
2310,33.0,4.0,93.84,164.68,1,Deluxe,AllInclusive,0,10
2311,29.0,2.0,17.13,172.84,2,Family,RoomOnly,0,10
2312,21.0,2.0,42.64,92.32,3,Standard,RoomOnly,0,8
2313,31.0,3.0,11.07,147.39,2,Deluxe,AllInclusive,0,10
2314,25.0,3.0,14.89,110.76,5,Deluxe,RoomOnly,0,8
2315,29.0,3.0,14.76,73.44,6,Standard,RoomOnly,0,7
2316,46.0,4.0,73.85,181.87,0,Family,AllInclusive,0,9
2317,34.0,3.0,47.97,83.18,6,Standard,RoomOnly,0,8
2318,26.0,3.0,15.31,95.2,1,Standard,RoomOnly,0,7
2319,30.0,1.0,56.19,61.05,5,Standard,RoomOnly,0,9
2320,24.0,2.0,14.94,160.26,3,Deluxe,AllInclusive,0,10
2321,18.0,4.0,54.86,158.85,5,Deluxe,AllInclusive,0,10
2322,28.0,1.0,8.87,229.42,4,Suite,RoomOnly,0,9
2323,48.0,3.0,,71.2,5,Standard,RoomOnly,0,6
2324,42.0,4.0,27.15,136.09,6,Deluxe,RoomOnly,0,8
2325,31.0,1.0,23.89,218.18,1,Suite,RoomOnly,0,9
2326,30.0,2.0,32.57,93.43,6,Standard,RoomOnly,0,9
2327,18.0,5.0,29.46,187.34,5,Deluxe,AllInclusive,0,10
2328,23.0,4.0,23.51,70.42,4,Standard,RoomOnly,1,5
2329,37.0,3.0,86.51,216.37,5,Suite,RoomOnly,0,9
2330,38.0,4.0,51.23,122.01,5,Standard,AllInclusive,0,8
2331,36.0,3.0,8.62,147.43,0,Deluxe,RoomOnly,0,9
2332,46.0,3.0,28.67,197.66,1,Deluxe,AllInclusive,0,10
2333,30.0,3.0,16.67,181.66,6,Family,AllInclusive,0,10
2334,49.0,1.0,39.83,181.55,4,Deluxe,AllInclusive,0,10
2335,50.0,3.0,10.21,94.28,5,Standard,RoomOnly,0,9
2336,33.0,3.0,20.98,123.32,1,Deluxe,RoomOnly,0,8
2337,24.0,3.0,22.97,113.68,5,Deluxe,RoomOnly,0,7
2338,18.0,4.0,13.64,156.83,5,Deluxe,AllInclusive,0,10
2339,38.0,2.0,14.03,113.54,4,Deluxe,RoomOnly,0,6
2340,46.0,2.0,61.92,219.06,4,Suite,RoomOnly,0,10
2341,47.0,2.0,8.94,98.35,6,Standard,AllInclusive,0,9
2342,30.0,2.0,14.4,144.59,5,Deluxe,RoomOnly,0,9
2343,24.0,5.0,26.91,304.05,2,Suite,AllInclusive,0,10
2344,31.0,2.0,,241.94,0,Suite,RoomOnly,0,8
2345,38.0,3.0,11.13,70.47,0,Standard,RoomOnly,0,6
2346,57.0,2.0,7.28,141.8,3,Deluxe,RoomOnly,0,10
2347,50.0,4.0,,129.93,4,Standard,AllInclusive,0,8
2348,26.0,3.0,19.61,245.88,1,Suite,RoomOnly,0,9
2349,41.0,1.0,21.39,77.53,0,Standard,RoomOnly,1,6
2350,29.0,1.0,35.86,177.53,2,Family,AllInclusive,0,7
2351,60.0,2.0,33.74,306.42,0,Suite,AllInclusive,0,10
2352,29.0,3.0,17.38,74.47,5,Standard,RoomOnly,0,9
2353,32.0,3.0,21.01,145.92,6,Deluxe,AllInclusive,0,8
2354,31.0,3.0,18.06,71.12,2,Standard,RoomOnly,0,7
2355,31.0,1.0,9.33,158.83,6,Deluxe,AllInclusive,0,8
2356,31.0,3.0,9.78,78.23,4,Standard,RoomOnly,1,2
2357,29.0,4.0,23.58,154.61,3,Deluxe,AllInclusive,1,7
2358,20.0,2.0,43.03,205.58,0,Suite,AllInclusive,0,10
2359,26.0,2.0,20.89,102.0,2,Standard,AllInclusive,0,9
2360,53.0,1.0,47.42,125.2,5,Deluxe,RoomOnly,0,8
2361,29.0,6.0,17.89,94.87,0,Standard,RoomOnly,0,7
2362,32.0,4.0,18.98,182.82,5,Family,AllInclusive,0,8
2363,40.0,5.0,26.82,167.27,4,Deluxe,AllInclusive,0,10
2364,24.0,3.0,30.8,122.35,2,Standard,AllInclusive,0,10
2365,38.0,1.0,32.36,147.79,0,Family,RoomOnly,1,7
2366,42.0,4.0,41.12,129.23,4,Deluxe,RoomOnly,0,8
2367,34.0,2.0,23.23,84.82,4,Standard,RoomOnly,0,8
2368,43.0,2.0,21.85,246.54,4,Suite,AllInclusive,0,9
2369,18.0,2.0,10.55,150.25,0,Deluxe,RoomOnly,0,10
2370,29.0,2.0,12.28,121.54,4,Deluxe,RoomOnly,0,9
2371,32.0,1.0,20.97,125.4,0,Standard,AllInclusive,1,6
2372,33.0,1.0,11.91,86.13,5,Standard,RoomOnly,0,9
2373,34.0,2.0,92.73,149.4,5,Deluxe,AllInclusive,0,8
2374,50.0,2.0,26.93,117.55,0,Standard,AllInclusive,0,9
2375,37.0,2.0,20.75,155.43,0,Deluxe,AllInclusive,0,10
2376,31.0,3.0,21.8,171.17,4,Family,RoomOnly,0,8
2377,33.0,2.0,48.19,100.18,1,Standard,AllInclusive,0,10
2378,48.0,3.0,15.63,88.09,5,Standard,RoomOnly,0,6
2379,37.0,4.0,20.84,86.04,1,Standard,RoomOnly,0,8
2380,36.0,5.0,62.12,107.16,6,Standard,AllInclusive,0,9
2381,22.0,5.0,29.25,229.22,1,Suite,RoomOnly,0,10
2382,35.0,4.0,,75.9,2,Standard,RoomOnly,1,5
2383,48.0,2.0,46.14,76.67,5,Standard,RoomOnly,0,5
2384,36.0,1.0,11.63,235.57,1,Suite,AllInclusive,0,9
2385,30.0,5.0,22.03,277.88,6,Suite,RoomOnly,0,10
2386,46.0,4.0,29.58,75.14,6,Standard,RoomOnly,0,8
2387,25.0,4.0,37.96,93.8,5,Standard,RoomOnly,1,6
2388,37.0,2.0,56.77,119.58,0,Standard,AllInclusive,0,8
2389,28.0,4.0,9.37,141.16,1,Deluxe,AllInclusive,0,10
2390,31.0,9.0,44.79,113.21,3,Standard,AllInclusive,0,8
2391,35.0,5.0,29.72,177.53,0,Family,RoomOnly,0,9
2392,48.0,2.0,30.97,110.54,3,Standard,AllInclusive,0,10
2393,37.0,2.0,47.57,191.79,2,Family,RoomOnly,0,8
2394,35.0,2.0,10.37,174.96,4,Suite,RoomOnly,0,10
2395,51.0,4.0,40.69,113.94,1,Standard,AllInclusive,0,10
2396,28.0,3.0,21.29,139.04,3,Family,RoomOnly,0,9
2397,38.0,4.0,,159.55,6,Deluxe,AllInclusive,0,9
2398,20.0,4.0,19.94,201.25,2,Family,AllInclusive,0,9
2399,33.0,4.0,45.31,224.02,0,Suite,RoomOnly,0,7
2400,40.0,2.0,32.52,113.67,0,Standard,AllInclusive,0,9
2401,34.0,3.0,24.23,171.15,5,Family,RoomOnly,0,8
2402,33.0,1.0,20.08,106.97,3,Standard,AllInclusive,0,7
2403,40.0,3.0,46.02,198.27,0,Suite,RoomOnly,0,9
2404,49.0,2.0,50.14,96.76,1,Standard,RoomOnly,0,8
2405,31.0,2.0,45.41,89.59,1,Standard,RoomOnly,0,10
2406,28.0,1.0,25.13,85.99,0,Standard,RoomOnly,0,8
2407,41.0,2.0,13.54,125.86,6,Deluxe,RoomOnly,0,8
2408,41.0,8.0,27.91,112.53,0,Standard,AllInclusive,1,6
2409,27.0,1.0,5.41,71.48,0,Standard,RoomOnly,0,8
2410,42.0,2.0,42.68,69.52,2,Standard,RoomOnly,0,9
2411,40.0,2.0,21.26,121.45,6,Standard,AllInclusive,1,4
2412,36.0,2.0,24.32,197.3,2,Suite,RoomOnly,0,10
2413,26.0,5.0,25.06,219.83,2,Suite,AllInclusive,0,9
2414,31.0,4.0,19.73,143.73,2,Deluxe,RoomOnly,0,9
2415,33.0,4.0,18.45,80.41,2,Standard,RoomOnly,0,8
2416,30.0,3.0,53.55,76.68,2,Standard,RoomOnly,0,7
2417,26.0,3.0,22.0,114.23,6,Deluxe,RoomOnly,0,8
2418,44.0,3.0,26.02,140.84,3,Deluxe,RoomOnly,0,8
2419,40.0,2.0,16.57,157.94,0,Deluxe,AllInclusive,0,8
2420,46.0,12.0,,234.41,3,Suite,AllInclusive,0,10
2421,33.0,3.0,71.38,68.23,1,Standard,RoomOnly,0,9
2422,42.0,2.0,13.34,96.58,3,Standard,RoomOnly,1,7
2423,30.0,2.0,35.09,125.09,3,Deluxe,RoomOnly,0,8
2424,34.0,2.0,34.98,63.52,2,Standard,RoomOnly,0,7
2425,36.0,2.0,8.28,130.92,4,Deluxe,RoomOnly,0,8
2426,27.0,2.0,24.34,80.64,2,Standard,RoomOnly,0,8
2427,50.0,3.0,16.89,219.46,0,Suite,RoomOnly,0,8
2428,41.0,7.0,21.71,98.1,2,Standard,RoomOnly,0,9
2429,18.0,5.0,22.52,223.83,2,Suite,RoomOnly,0,8
2430,29.0,1.0,65.77,109.33,4,Deluxe,RoomOnly,0,8
2431,39.0,3.0,38.12,193.58,6,Family,RoomOnly,0,10
2432,26.0,1.0,23.02,90.59,2,Standard,RoomOnly,1,5
2433,39.0,2.0,26.42,82.19,3,Standard,RoomOnly,0,8
2434,39.0,4.0,17.97,129.87,5,Deluxe,RoomOnly,0,8
2435,48.0,3.0,49.46,87.01,5,Standard,RoomOnly,0,7
2436,37.0,4.0,29.9,156.49,3,Deluxe,RoomOnly,0,10
2437,33.0,4.0,26.82,81.71,0,Standard,RoomOnly,1,5
2438,36.0,2.0,69.13,168.66,6,Deluxe,AllInclusive,0,10
2439,18.0,5.0,14.12,312.62,0,Suite,AllInclusive,1,9
2440,33.0,7.0,21.01,147.7,3,Deluxe,AllInclusive,0,9
2441,60.0,2.0,10.43,186.27,1,Family,RoomOnly,0,8
2442,39.0,3.0,45.94,254.63,0,Suite,RoomOnly,0,10
2443,41.0,2.0,5.87,91.11,3,Standard,RoomOnly,0,7
2444,22.0,5.0,9.5,204.73,5,Suite,RoomOnly,0,10
2445,37.0,3.0,68.72,141.23,3,Standard,AllInclusive,0,8
2446,28.0,2.0,17.88,181.18,2,Family,RoomOnly,0,8
2447,25.0,2.0,24.62,85.91,5,Standard,RoomOnly,0,9
2448,29.0,6.0,51.62,136.06,5,Deluxe,AllInclusive,0,10
2449,37.0,3.0,24.46,62.92,3,Standard,RoomOnly,1,6
2450,47.0,2.0,11.63,146.13,0,Deluxe,RoomOnly,1,6
2451,45.0,1.0,15.86,240.41,6,Suite,RoomOnly,0,9
2452,30.0,2.0,41.94,242.82,3,Family,AllInclusive,0,9
2453,19.0,3.0,57.07,163.59,3,Deluxe,AllInclusive,0,9
2454,18.0,3.0,22.28,156.6,0,Deluxe,AllInclusive,0,9
2455,42.0,3.0,20.19,155.87,1,Family,RoomOnly,0,8
2456,26.0,2.0,46.25,179.72,5,Deluxe,AllInclusive,0,10
2457,43.0,4.0,22.93,100.75,1,Standard,AllInclusive,0,8
2458,44.0,6.0,54.58,237.94,1,Suite,RoomOnly,0,8
2459,40.0,2.0,9.81,161.93,3,Family,RoomOnly,0,8
2460,51.0,3.0,27.87,63.71,6,Standard,RoomOnly,1,5
2461,30.0,6.0,68.74,177.85,6,Deluxe,AllInclusive,0,10
2462,36.0,4.0,71.29,219.32,1,Suite,RoomOnly,0,8
2463,35.0,4.0,24.36,267.34,4,Suite,AllInclusive,0,10
2464,45.0,3.0,25.1,219.31,6,Suite,RoomOnly,0,6
2465,33.0,1.0,14.68,297.38,4,Suite,AllInclusive,0,10
2466,26.0,5.0,27.78,118.2,3,Standard,AllInclusive,0,9
2467,45.0,1.0,22.82,128.38,2,Deluxe,RoomOnly,0,8
2468,44.0,4.0,29.01,209.81,1,Family,AllInclusive,0,9
2469,18.0,6.0,11.6,130.66,6,Standard,AllInclusive,0,9
2470,35.0,5.0,55.85,104.48,0,Standard,AllInclusive,0,9
2471,36.0,3.0,10.79,107.47,6,Standard,AllInclusive,0,7
2472,19.0,3.0,21.82,264.0,1,Suite,RoomOnly,0,9
2473,38.0,6.0,23.75,93.93,1,Standard,RoomOnly,0,6
2474,34.0,1.0,11.82,218.02,2,Suite,RoomOnly,0,9
2475,35.0,2.0,8.28,166.66,1,Family,RoomOnly,0,7
2476,18.0,2.0,14.89,85.21,0,Standard,AllInclusive,0,10
2477,39.0,4.0,72.61,263.24,3,Suite,AllInclusive,0,8
2478,22.0,3.0,23.96,162.47,3,Deluxe,AllInclusive,0,10
2479,35.0,6.0,28.27,110.27,6,Standard,AllInclusive,0,8
2480,32.0,1.0,13.35,237.87,5,Suite,RoomOnly,0,10
2481,36.0,4.0,14.96,111.05,2,Standard,RoomOnly,0,7
2482,45.0,2.0,25.96,180.09,0,Family,RoomOnly,0,9
2483,41.0,2.0,17.89,107.68,2,Deluxe,RoomOnly,0,8
2484,45.0,2.0,16.74,256.34,5,Suite,RoomOnly,0,10
2485,46.0,3.0,53.84,217.19,6,Suite,RoomOnly,0,8
2486,18.0,5.0,33.22,95.78,3,Standard,AllInclusive,0,8
2487,32.0,3.0,40.35,71.94,0,Standard,RoomOnly,0,10
2488,50.0,4.0,31.96,132.78,2,Deluxe,RoomOnly,0,7
2489,40.0,2.0,40.89,119.52,5,Deluxe,RoomOnly,0,8
2490,34.0,2.0,29.48,92.38,2,Standard,RoomOnly,0,9
2491,30.0,3.0,19.62,76.33,0,Standard,RoomOnly,0,5
2492,18.0,1.0,,151.61,1,Deluxe,RoomOnly,0,9
2493,44.0,2.0,11.22,166.5,4,Deluxe,AllInclusive,0,10
2494,29.0,3.0,,111.59,0,Standard,AllInclusive,0,10
2495,38.0,3.0,25.52,170.56,5,Deluxe,AllInclusive,0,9
2496,34.0,2.0,17.56,238.02,1,Suite,RoomOnly,0,10
2497,22.0,2.0,17.7,214.88,0,Suite,RoomOnly,0,10
2498,24.0,3.0,37.75,170.83,1,Family,AllInclusive,0,9
2499,38.0,3.0,20.58,93.27,1,Standard,RoomOnly,0,8
2500,54.0,2.0,8.1,84.62,4,Standard,RoomOnly,1,5
2501,18.0,2.0,20.08,106.25,1,Deluxe,RoomOnly,0,9
2502,31.0,3.0,5.75,87.76,1,Standard,RoomOnly,0,7
2503,18.0,5.0,28.08,104.56,4,Deluxe,RoomOnly,1,6
2504,36.0,3.0,16.79,105.08,1,Standard,AllInclusive,0,8
2505,21.0,8.0,27.26,167.1,6,Deluxe,AllInclusive,0,10
2506,35.0,2.0,36.94,235.83,2,Suite,AllInclusive,0,10
2507,52.0,4.0,31.15,267.83,6,Suite,AllInclusive,0,10
2508,49.0,2.0,17.33,276.49,4,Suite,AllInclusive,0,10
2509,29.0,2.0,27.34,158.46,1,Deluxe,AllInclusive,0,9
2510,26.0,3.0,17.21,232.07,2,Suite,RoomOnly,0,9
2511,43.0,2.0,33.89,248.63,5,Suite,RoomOnly,0,10
2512,38.0,2.0,17.33,150.58,1,Deluxe,RoomOnly,0,9
2513,26.0,3.0,7.38,74.3,1,Standard,RoomOnly,0,8
2514,25.0,3.0,40.88,121.21,3,Standard,AllInclusive,0,10
2515,29.0,5.0,21.78,138.7,5,Deluxe,RoomOnly,0,7
2516,18.0,3.0,29.1,240.79,0,Suite,AllInclusive,0,10
2517,26.0,5.0,8.88,166.81,0,Deluxe,AllInclusive,0,9
2518,38.0,3.0,9.18,256.89,0,Suite,RoomOnly,0,9
2519,35.0,1.0,15.66,132.58,5,Family,RoomOnly,0,10
2520,31.0,3.0,,135.13,0,Deluxe,RoomOnly,1,5
2521,35.0,3.0,43.18,125.95,4,Family,RoomOnly,0,8
2522,38.0,9.0,21.92,156.92,1,Family,RoomOnly,0,7
2523,29.0,3.0,13.84,227.29,4,Suite,RoomOnly,0,10
2524,36.0,1.0,56.39,292.51,1,Suite,AllInclusive,0,10
2525,41.0,2.0,71.99,77.86,0,Standard,RoomOnly,0,7
2526,29.0,4.0,104.17,66.08,2,Standard,RoomOnly,0,8
2527,47.0,2.0,61.02,212.56,4,Suite,RoomOnly,0,10
2528,35.0,2.0,24.07,170.96,1,Deluxe,AllInclusive,0,10
2529,25.0,11.0,16.71,111.8,5,Standard,AllInclusive,0,7
2530,25.0,2.0,10.04,226.33,4,Suite,RoomOnly,0,10
2531,30.0,1.0,19.24,171.26,5,Deluxe,AllInclusive,0,10
2532,37.0,2.0,9.82,67.37,6,Standard,RoomOnly,0,8
2533,18.0,4.0,43.24,131.52,5,Family,RoomOnly,1,4
2534,25.0,2.0,12.25,216.21,4,Suite,RoomOnly,0,10
2535,34.0,3.0,32.07,103.29,0,Standard,AllInclusive,1,5
2536,41.0,5.0,29.82,87.93,6,Standard,RoomOnly,1,8
2537,40.0,1.0,31.97,241.13,1,Suite,RoomOnly,1,8
2538,48.0,2.0,26.2,102.52,5,Standard,AllInclusive,0,9
2539,40.0,2.0,43.04,195.37,3,Suite,RoomOnly,0,10
2540,36.0,4.0,35.26,87.85,0,Standard,RoomOnly,0,10
2541,22.0,2.0,36.02,136.42,0,Deluxe,RoomOnly,0,10
2542,31.0,3.0,32.91,167.21,4,Family,AllInclusive,0,10
2543,21.0,3.0,10.54,141.81,5,Deluxe,RoomOnly,0,7
2544,21.0,3.0,40.66,155.19,5,Deluxe,AllInclusive,0,9
2545,25.0,1.0,44.35,148.38,5,Deluxe,AllInclusive,0,9
2546,44.0,2.0,8.69,87.11,4,Standard,RoomOnly,0,8
2547,44.0,2.0,22.84,226.93,0,Suite,RoomOnly,0,9
2548,33.0,4.0,35.52,65.45,5,Standard,RoomOnly,0,6
2549,39.0,3.0,36.93,309.62,1,Suite,AllInclusive,0,10
2550,32.0,1.0,13.48,144.27,3,Family,RoomOnly,0,9
2551,32.0,2.0,6.35,79.37,1,Standard,RoomOnly,0,7
2552,32.0,1.0,23.42,90.62,6,Standard,RoomOnly,0,7
2553,19.0,5.0,33.33,258.6,1,Suite,AllInclusive,0,10
2554,22.0,4.0,23.05,231.87,5,Suite,RoomOnly,0,9
2555,56.0,2.0,26.54,110.89,4,Standard,AllInclusive,0,8
2556,39.0,3.0,6.1,98.42,5,Standard,RoomOnly,0,9
2557,41.0,1.0,46.24,138.22,0,Standard,AllInclusive,0,10
2558,19.0,2.0,30.6,103.61,1,Standard,RoomOnly,0,7
2559,30.0,4.0,60.64,64.07,5,Standard,RoomOnly,0,7
2560,21.0,3.0,10.9,97.88,0,Standard,RoomOnly,0,7
2561,33.0,2.0,,124.93,0,Deluxe,RoomOnly,0,8
2562,43.0,5.0,16.74,220.95,4,Suite,RoomOnly,0,9
2563,40.0,6.0,9.52,189.14,1,Suite,RoomOnly,0,10
2564,25.0,3.0,9.94,95.58,5,Standard,RoomOnly,0,7
2565,18.0,2.0,11.99,83.31,3,Standard,RoomOnly,0,8
2566,42.0,2.0,15.16,183.41,1,Family,RoomOnly,0,10
2567,27.0,2.0,15.58,231.06,5,Suite,RoomOnly,1,6
2568,38.0,2.0,21.67,90.27,5,Standard,AllInclusive,1,7
2569,23.0,2.0,28.37,119.54,4,Standard,AllInclusive,0,10
2570,39.0,1.0,15.72,59.02,4,Standard,RoomOnly,0,7
2571,34.0,3.0,6.66,116.08,6,Standard,AllInclusive,0,10
2572,36.0,2.0,12.74,81.74,2,Standard,RoomOnly,0,8
2573,44.0,2.0,9.64,65.83,6,Standard,RoomOnly,1,6
2574,40.0,4.0,31.37,96.02,0,Standard,RoomOnly,0,8
2575,39.0,5.0,18.27,93.54,2,Standard,RoomOnly,0,7
2576,43.0,2.0,16.14,101.31,5,Standard,AllInclusive,0,7
2577,39.0,2.0,17.0,75.21,5,Standard,RoomOnly,1,4
2578,29.0,2.0,17.43,159.84,5,Deluxe,AllInclusive,0,10
2579,44.0,3.0,9.81,118.54,3,Deluxe,RoomOnly,1,7
2580,36.0,2.0,26.31,115.36,0,Deluxe,RoomOnly,0,8
2581,41.0,2.0,18.92,78.67,3,Standard,RoomOnly,1,6
2582,40.0,2.0,10.91,107.32,1,Standard,AllInclusive,0,10
2583,48.0,2.0,2.51,130.5,3,Deluxe,RoomOnly,0,8
2584,30.0,2.0,8.24,89.51,0,Standard,RoomOnly,1,4
2585,37.0,4.0,27.15,103.82,3,Standard,AllInclusive,0,7
2586,25.0,2.0,18.74,141.14,6,Family,RoomOnly,0,8
2587,39.0,2.0,32.17,117.12,0,Standard,AllInclusive,0,8
2588,32.0,5.0,92.62,112.7,2,Standard,AllInclusive,0,7
2589,49.0,2.0,21.55,201.07,1,Suite,RoomOnly,0,10
2590,44.0,3.0,,155.04,4,Deluxe,AllInclusive,0,9
2591,35.0,3.0,51.1,196.47,1,Family,AllInclusive,0,10
2592,24.0,7.0,27.06,90.7,6,Standard,AllInclusive,1,6
2593,34.0,1.0,23.78,85.87,2,Standard,RoomOnly,1,5
2594,19.0,3.0,34.88,164.54,3,Family,RoomOnly,1,6
2595,34.0,3.0,19.69,129.4,1,Family,RoomOnly,0,10
2596,37.0,3.0,15.96,147.46,1,Family,RoomOnly,0,9
2597,35.0,1.0,24.58,134.97,2,Family,RoomOnly,0,8
2598,47.0,2.0,26.48,90.24,5,Standard,RoomOnly,0,9
2599,31.0,3.0,29.52,175.37,6,Suite,RoomOnly,0,7
2600,51.0,4.0,8.44,120.43,5,Standard,AllInclusive,0,8
2601,34.0,3.0,17.83,120.96,6,Deluxe,RoomOnly,0,9
2602,42.0,4.0,9.8,173.36,0,Deluxe,AllInclusive,0,10
2603,34.0,5.0,9.27,113.12,4,Standard,AllInclusive,0,7
2604,33.0,3.0,11.89,204.24,3,Suite,RoomOnly,0,9
2605,33.0,1.0,33.52,93.22,5,Standard,RoomOnly,0,9
2606,34.0,2.0,5.89,137.06,2,Deluxe,AllInclusive,0,8
2607,44.0,2.0,22.85,88.14,5,Standard,RoomOnly,1,5
2608,25.0,5.0,5.79,117.07,4,Deluxe,RoomOnly,0,8
2609,23.0,1.0,29.28,144.85,0,Deluxe,AllInclusive,0,9
2610,34.0,3.0,,81.7,6,Standard,RoomOnly,1,4
2611,50.0,2.0,40.78,165.99,6,Deluxe,AllInclusive,0,10
2612,50.0,1.0,32.75,117.61,2,Standard,AllInclusive,0,10
2613,33.0,3.0,25.52,159.81,0,Deluxe,AllInclusive,0,10
2614,46.0,4.0,10.95,113.46,6,Deluxe,RoomOnly,0,8
2615,32.0,2.0,31.55,278.68,0,Suite,AllInclusive,0,10
2616,34.0,1.0,18.44,182.22,0,Suite,RoomOnly,0,8
2617,52.0,4.0,31.08,154.47,1,Family,RoomOnly,0,7
2618,57.0,3.0,39.92,274.66,2,Suite,AllInclusive,0,10
2619,40.0,1.0,52.61,104.66,0,Standard,AllInclusive,0,9
2620,18.0,1.0,45.53,134.38,6,Deluxe,RoomOnly,0,8
2621,22.0,3.0,12.91,126.0,0,Deluxe,RoomOnly,0,8
2622,36.0,3.0,25.46,122.54,3,Standard,AllInclusive,1,6
2623,51.0,2.0,32.92,100.58,2,Deluxe,RoomOnly,0,8
2624,25.0,5.0,39.63,255.88,0,Suite,RoomOnly,0,8
2625,32.0,2.0,12.02,147.46,0,Deluxe,AllInclusive,0,10
2626,43.0,3.0,16.42,176.74,1,Family,RoomOnly,0,10
2627,19.0,3.0,,159.65,2,Family,AllInclusive,0,10
2628,27.0,2.0,12.18,163.88,0,Deluxe,AllInclusive,0,9
2629,46.0,2.0,14.31,68.84,5,Standard,RoomOnly,0,9
2630,41.0,6.0,,119.7,6,Standard,AllInclusive,0,8
2631,57.0,2.0,10.72,130.56,0,Standard,AllInclusive,0,8
2632,32.0,4.0,,75.89,0,Standard,RoomOnly,0,8
2633,55.0,1.0,13.98,231.84,2,Suite,RoomOnly,1,7
2634,25.0,2.0,12.81,209.97,3,Family,RoomOnly,0,8
2635,38.0,3.0,32.12,217.19,6,Suite,RoomOnly,0,10
2636,29.0,2.0,80.96,90.57,4,Standard,RoomOnly,1,5
2637,23.0,4.0,20.29,145.14,0,Deluxe,RoomOnly,0,6
2638,30.0,4.0,21.93,128.93,1,Family,RoomOnly,0,8
2639,22.0,1.0,7.88,91.7,1,Standard,RoomOnly,0,8
2640,57.0,5.0,14.58,109.15,0,Standard,RoomOnly,0,10
2641,43.0,4.0,21.59,168.39,6,Family,RoomOnly,0,8
2642,18.0,2.0,47.77,264.53,2,Suite,RoomOnly,0,9
2643,36.0,2.0,11.57,218.12,4,Suite,RoomOnly,0,8
2644,31.0,5.0,13.97,162.43,3,Deluxe,RoomOnly,0,10
2645,32.0,5.0,44.0,115.95,6,Deluxe,RoomOnly,0,10
2646,32.0,3.0,22.9,138.58,5,Family,RoomOnly,0,8
2647,37.0,1.0,7.52,196.77,0,Suite,AllInclusive,0,10
2648,27.0,4.0,27.98,67.71,4,Standard,RoomOnly,0,8
2649,35.0,2.0,21.74,117.26,3,Deluxe,RoomOnly,0,9
2650,44.0,2.0,29.01,171.65,2,Family,RoomOnly,1,5
2651,31.0,2.0,11.79,244.13,2,Suite,RoomOnly,0,10
2652,54.0,2.0,21.86,150.45,5,Deluxe,RoomOnly,0,7
2653,44.0,6.0,60.32,131.78,1,Standard,AllInclusive,0,8
2654,35.0,1.0,26.53,71.05,5,Standard,RoomOnly,0,10
2655,35.0,6.0,5.66,75.21,1,Standard,RoomOnly,0,8
2656,25.0,6.0,3.09,94.44,0,Standard,AllInclusive,0,9
2657,54.0,2.0,21.51,83.66,2,Standard,RoomOnly,0,9
2658,43.0,3.0,13.19,170.58,4,Deluxe,AllInclusive,0,10
2659,32.0,3.0,10.94,70.33,2,Standard,RoomOnly,0,7
2660,39.0,2.0,18.57,94.42,2,Standard,RoomOnly,0,8
2661,36.0,2.0,,127.56,5,Deluxe,RoomOnly,1,7
2662,49.0,2.0,8.12,169.19,6,Family,RoomOnly,0,10
2663,42.0,3.0,31.58,227.15,3,Suite,AllInclusive,0,10
2664,38.0,2.0,13.98,181.68,5,Family,AllInclusive,0,9
2665,36.0,2.0,9.28,134.98,2,Deluxe,RoomOnly,0,9
2666,18.0,2.0,42.88,111.89,6,Standard,AllInclusive,0,10
2667,34.0,4.0,,248.31,4,Suite,RoomOnly,0,8
2668,39.0,3.0,13.81,232.42,1,Suite,AllInclusive,0,9
2669,37.0,4.0,,278.01,1,Suite,AllInclusive,0,10
2670,21.0,3.0,9.05,147.06,2,Deluxe,AllInclusive,0,8
2671,32.0,2.0,14.14,93.01,2,Standard,AllInclusive,0,8
2672,40.0,8.0,40.2,115.88,6,Standard,AllInclusive,0,9
2673,31.0,2.0,32.56,179.69,5,Family,RoomOnly,0,9
2674,34.0,3.0,85.37,106.05,3,Standard,AllInclusive,0,10
2675,31.0,4.0,11.83,177.53,4,Deluxe,AllInclusive,0,10
2676,36.0,1.0,16.04,67.84,3,Standard,RoomOnly,1,5
2677,34.0,2.0,11.19,151.77,6,Deluxe,RoomOnly,1,7
2678,39.0,7.0,60.67,116.45,5,Deluxe,RoomOnly,0,10
2679,18.0,1.0,43.08,80.7,0,Standard,RoomOnly,0,9
2680,22.0,2.0,6.43,124.48,6,Deluxe,RoomOnly,0,9
2681,30.0,3.0,15.07,61.05,3,Standard,RoomOnly,0,7
2682,26.0,3.0,30.03,115.47,0,Standard,AllInclusive,0,10
2683,45.0,3.0,17.51,208.19,1,Family,AllInclusive,0,10
2684,43.0,2.0,24.44,210.45,4,Suite,RoomOnly,0,10
2685,35.0,1.0,22.44,110.88,2,Standard,AllInclusive,0,10
2686,52.0,7.0,22.4,123.31,3,Standard,AllInclusive,0,8
2687,30.0,2.0,,104.13,5,Standard,RoomOnly,0,7
2688,50.0,1.0,,78.58,4,Standard,RoomOnly,0,6
2689,52.0,4.0,29.07,72.33,2,Standard,RoomOnly,0,10
2690,42.0,1.0,4.48,91.19,5,Standard,RoomOnly,0,9
2691,42.0,3.0,19.23,212.24,1,Suite,RoomOnly,0,8
2692,57.0,3.0,21.87,116.76,1,Deluxe,RoomOnly,0,9
2693,21.0,3.0,17.78,102.7,4,Standard,AllInclusive,0,9
2694,24.0,2.0,45.73,166.87,2,Family,RoomOnly,0,10
2695,30.0,2.0,28.96,212.18,3,Suite,RoomOnly,0,7
2696,41.0,2.0,15.57,126.69,3,Deluxe,RoomOnly,0,8
2697,44.0,2.0,18.59,167.89,2,Deluxe,AllInclusive,0,9
2698,18.0,3.0,8.8,147.63,2,Deluxe,RoomOnly,1,6
2699,34.0,4.0,,132.79,0,Deluxe,RoomOnly,0,7
2700,49.0,5.0,28.23,192.28,6,Family,RoomOnly,0,10
2701,21.0,3.0,15.86,214.19,4,Suite,RoomOnly,0,8
2702,26.0,5.0,13.96,269.0,4,Suite,RoomOnly,0,10
2703,41.0,2.0,21.21,215.5,4,Suite,RoomOnly,0,9
2704,23.0,2.0,10.88,214.14,1,Suite,RoomOnly,0,8
2705,38.0,3.0,8.94,102.66,4,Standard,AllInclusive,0,8
2706,36.0,8.0,8.7,278.54,1,Suite,AllInclusive,0,10
2707,31.0,3.0,,125.03,3,Deluxe,RoomOnly,0,8
2708,24.0,2.0,33.14,218.51,4,Suite,RoomOnly,0,8
2709,39.0,5.0,23.55,172.48,1,Family,AllInclusive,0,9
2710,18.0,3.0,27.12,205.07,2,Family,AllInclusive,0,10
2711,24.0,2.0,46.25,181.52,3,Family,RoomOnly,0,8
2712,50.0,3.0,20.46,140.34,3,Deluxe,AllInclusive,0,8
2713,41.0,4.0,41.38,83.8,3,Standard,RoomOnly,1,5
2714,46.0,3.0,15.09,88.81,4,Standard,RoomOnly,0,10
2715,34.0,2.0,11.96,153.75,5,Family,RoomOnly,0,8
2716,49.0,4.0,15.18,124.31,4,Deluxe,RoomOnly,0,9
2717,41.0,6.0,29.69,115.2,0,Deluxe,RoomOnly,1,5
2718,32.0,4.0,24.43,272.79,5,Suite,AllInclusive,0,10
2719,46.0,3.0,14.58,164.87,4,Deluxe,AllInclusive,0,8
2720,40.0,4.0,25.07,157.96,3,Deluxe,AllInclusive,0,10
2721,24.0,4.0,66.95,253.59,2,Suite,AllInclusive,0,10
2722,38.0,2.0,60.71,267.17,1,Suite,AllInclusive,0,9
2723,33.0,2.0,18.85,74.03,6,Standard,RoomOnly,0,7
2724,44.0,2.0,101.86,247.02,2,Suite,RoomOnly,0,8
2725,44.0,4.0,,223.48,2,Suite,RoomOnly,0,8
2726,31.0,1.0,24.01,129.8,2,Deluxe,RoomOnly,0,9
2727,23.0,1.0,38.3,121.87,5,Deluxe,RoomOnly,0,7
2728,55.0,2.0,15.58,124.91,5,Deluxe,RoomOnly,0,8
2729,36.0,2.0,22.76,90.45,0,Standard,RoomOnly,0,8
2730,54.0,2.0,19.19,170.46,0,Deluxe,AllInclusive,0,10
2731,48.0,3.0,32.3,197.68,1,Family,AllInclusive,0,10
2732,35.0,3.0,,111.51,6,Deluxe,RoomOnly,1,6
2733,29.0,5.0,47.12,181.91,0,Deluxe,AllInclusive,0,10
2734,34.0,6.0,34.75,107.22,1,Standard,AllInclusive,0,10
2735,43.0,5.0,8.47,168.74,4,Deluxe,AllInclusive,0,9
2736,32.0,3.0,15.32,98.58,1,Standard,RoomOnly,0,8
2737,37.0,3.0,51.87,188.9,5,Deluxe,AllInclusive,0,10
2738,44.0,3.0,41.43,85.18,1,Standard,RoomOnly,0,8
2739,35.0,3.0,98.2,112.96,6,Standard,AllInclusive,0,8
2740,29.0,3.0,9.22,125.62,4,Deluxe,RoomOnly,1,7
2741,42.0,5.0,36.95,183.33,2,Family,AllInclusive,1,7
2742,52.0,4.0,18.16,179.05,3,Deluxe,AllInclusive,0,9
2743,55.0,3.0,22.42,79.3,2,Standard,RoomOnly,0,8
2744,28.0,4.0,34.21,110.64,4,Standard,AllInclusive,0,10
2745,27.0,3.0,12.6,253.74,1,Suite,RoomOnly,0,8
2746,18.0,9.0,17.31,204.18,1,Suite,RoomOnly,0,8
2747,25.0,2.0,20.31,218.28,1,Suite,RoomOnly,0,10
2748,39.0,3.0,19.27,70.99,6,Standard,RoomOnly,0,8
2749,26.0,2.0,15.1,164.34,3,Family,RoomOnly,0,9
2750,42.0,2.0,21.83,75.76,1,Standard,RoomOnly,0,9
2751,40.0,3.0,31.75,125.67,3,Deluxe,AllInclusive,0,9
2752,30.0,3.0,27.86,84.08,1,Standard,RoomOnly,0,8
2753,47.0,1.0,18.14,95.19,0,Standard,RoomOnly,0,8
2754,22.0,4.0,23.52,245.96,5,Suite,AllInclusive,0,10
2755,29.0,6.0,22.21,100.23,3,Standard,RoomOnly,0,9
2756,45.0,3.0,13.8,273.93,3,Suite,AllInclusive,0,10
2757,26.0,5.0,27.07,84.94,4,Standard,RoomOnly,0,9
2758,30.0,3.0,23.26,79.08,2,Standard,RoomOnly,0,9
2759,41.0,2.0,22.59,150.28,4,Deluxe,RoomOnly,0,8
2760,42.0,2.0,25.22,200.98,5,Suite,RoomOnly,0,10
2761,25.0,5.0,43.07,167.26,1,Family,RoomOnly,1,6
2762,41.0,5.0,23.11,139.91,4,Family,AllInclusive,0,9
2763,28.0,5.0,14.0,110.19,2,Standard,AllInclusive,0,8
2764,22.0,3.0,14.51,156.06,5,Family,RoomOnly,0,9
2765,44.0,2.0,23.35,164.24,2,Family,RoomOnly,0,9
2766,37.0,2.0,20.79,164.39,5,Family,RoomOnly,0,10
2767,30.0,3.0,23.04,159.94,5,Family,RoomOnly,0,9
2768,41.0,5.0,23.83,237.66,1,Suite,AllInclusive,0,10
2769,32.0,3.0,12.92,116.9,0,Standard,AllInclusive,1,7
2770,38.0,2.0,13.23,254.06,1,Suite,AllInclusive,0,10
2771,27.0,3.0,22.69,132.16,4,Deluxe,RoomOnly,0,8
2772,34.0,3.0,13.87,196.98,3,Family,AllInclusive,0,8
2773,21.0,7.0,15.11,235.17,3,Suite,RoomOnly,0,10
2774,42.0,1.0,10.94,189.57,0,Suite,RoomOnly,1,6
2775,21.0,4.0,32.88,115.36,1,Standard,AllInclusive,1,5
2776,40.0,1.0,31.61,89.84,1,Standard,RoomOnly,0,8
2777,34.0,2.0,33.14,187.08,1,Suite,RoomOnly,0,8
2778,20.0,7.0,13.44,287.12,2,Suite,AllInclusive,0,10
2779,34.0,6.0,15.93,187.13,4,Family,RoomOnly,0,9
2780,54.0,2.0,34.67,134.08,6,Family,RoomOnly,0,9
2781,40.0,2.0,104.88,106.73,2,Standard,AllInclusive,1,7
2782,40.0,1.0,44.0,110.95,3,Standard,AllInclusive,0,8
2783,43.0,1.0,30.04,87.3,6,Standard,RoomOnly,0,8
2784,32.0,1.0,24.29,98.48,2,Standard,AllInclusive,0,10
2785,29.0,3.0,28.17,117.83,2,Standard,RoomOnly,0,8
2786,47.0,1.0,32.07,238.78,1,Suite,AllInclusive,0,10
2787,18.0,3.0,11.78,68.99,2,Standard,RoomOnly,1,7
2788,49.0,2.0,26.79,116.29,5,Standard,AllInclusive,0,9
2789,18.0,1.0,29.99,92.75,2,Standard,RoomOnly,0,8
2790,22.0,5.0,16.55,145.43,4,Family,RoomOnly,0,9
2791,37.0,4.0,10.72,117.86,0,Standard,AllInclusive,0,10
2792,36.0,7.0,19.15,131.12,1,Deluxe,RoomOnly,0,7
2793,21.0,5.0,13.04,242.99,0,Suite,RoomOnly,1,6
2794,24.0,1.0,31.75,92.87,1,Deluxe,RoomOnly,1,6
2795,42.0,3.0,8.88,203.45,2,Suite,RoomOnly,0,8
2796,37.0,2.0,32.57,303.21,6,Suite,AllInclusive,0,10
2797,33.0,6.0,40.11,169.28,4,Deluxe,AllInclusive,0,9
2798,39.0,6.0,17.41,107.74,6,Standard,AllInclusive,0,8
2799,36.0,11.0,17.58,160.44,0,Family,RoomOnly,0,8
2800,45.0,3.0,28.13,173.28,0,Deluxe,AllInclusive,0,10
2801,34.0,3.0,19.83,116.34,4,Deluxe,RoomOnly,0,7
2802,35.0,3.0,26.0,171.34,1,Deluxe,AllInclusive,0,10
2803,25.0,6.0,14.05,76.41,2,Standard,RoomOnly,0,6
2804,41.0,3.0,67.63,95.23,5,Standard,AllInclusive,0,10
2805,29.0,2.0,29.45,286.6,6,Suite,AllInclusive,0,10
2806,30.0,2.0,17.56,185.86,2,Deluxe,AllInclusive,0,9
2807,58.0,5.0,35.04,71.5,4,Standard,RoomOnly,0,7
2808,40.0,1.0,26.52,60.41,2,Standard,RoomOnly,0,7
2809,49.0,1.0,,116.59,3,Standard,AllInclusive,0,8
2810,26.0,6.0,7.6,114.87,0,Standard,AllInclusive,0,9
2811,26.0,3.0,34.47,162.23,6,Deluxe,AllInclusive,0,10
2812,18.0,2.0,18.86,255.33,6,Suite,RoomOnly,0,10
2813,56.0,1.0,79.46,116.03,4,Standard,AllInclusive,0,8
2814,28.0,2.0,21.86,121.19,0,Family,RoomOnly,0,7
2815,48.0,5.0,36.36,125.71,2,Standard,AllInclusive,0,7
2816,33.0,2.0,19.99,230.97,5,Suite,RoomOnly,0,9
2817,30.0,5.0,31.5,218.77,6,Family,AllInclusive,0,10
2818,18.0,2.0,13.24,111.6,0,Deluxe,RoomOnly,0,7
2819,51.0,3.0,90.05,169.22,1,Suite,RoomOnly,1,5
2820,29.0,2.0,7.6,188.1,3,Family,AllInclusive,0,9
2821,26.0,4.0,27.35,194.08,4,Family,AllInclusive,0,10
2822,41.0,3.0,20.53,147.61,4,Deluxe,RoomOnly,0,10
2823,18.0,2.0,22.25,101.73,5,Standard,AllInclusive,0,7
2824,34.0,3.0,,96.99,3,Standard,RoomOnly,0,9
2825,47.0,2.0,9.39,160.4,6,Family,RoomOnly,0,8
2826,46.0,5.0,23.2,94.84,3,Standard,AllInclusive,0,9
2827,28.0,5.0,11.93,211.99,0,Suite,AllInclusive,0,10
2828,33.0,2.0,8.98,156.53,6,Deluxe,RoomOnly,0,9
2829,53.0,8.0,21.48,192.22,5,Family,AllInclusive,0,10
2830,37.0,4.0,27.12,126.23,2,Deluxe,RoomOnly,0,9
2831,38.0,3.0,42.14,117.47,3,Deluxe,AllInclusive,0,8
2832,43.0,4.0,21.24,75.44,2,Standard,RoomOnly,0,7
2833,44.0,2.0,48.71,103.42,4,Standard,AllInclusive,0,9
2834,49.0,3.0,60.61,175.95,0,Family,RoomOnly,0,8
2835,31.0,2.0,18.48,161.72,4,Deluxe,AllInclusive,0,10
2836,36.0,2.0,44.44,90.28,3,Standard,RoomOnly,1,5
2837,28.0,2.0,5.09,134.94,4,Deluxe,RoomOnly,0,9
2838,31.0,4.0,40.14,160.96,0,Family,RoomOnly,0,10
2839,42.0,4.0,13.77,228.18,4,Suite,RoomOnly,0,9
2840,51.0,1.0,16.78,135.06,0,Deluxe,RoomOnly,0,9
2841,18.0,10.0,,122.08,1,Deluxe,RoomOnly,0,9
2842,22.0,3.0,25.15,189.29,1,Family,AllInclusive,0,10
2843,30.0,5.0,20.16,69.52,3,Standard,RoomOnly,0,6
2844,35.0,2.0,6.96,144.4,5,Standard,AllInclusive,0,9
2845,45.0,2.0,9.7,251.18,0,Suite,RoomOnly,0,10
2846,36.0,3.0,58.9,70.91,0,Standard,RoomOnly,0,8
2847,28.0,3.0,8.37,94.13,6,Standard,RoomOnly,1,4
2848,24.0,4.0,9.35,124.68,1,Deluxe,RoomOnly,0,10
2849,51.0,5.0,47.43,98.4,1,Standard,RoomOnly,0,8
2850,37.0,6.0,14.68,119.33,2,Standard,AllInclusive,0,8
2851,31.0,2.0,34.48,122.35,1,Deluxe,RoomOnly,0,9
2852,35.0,8.0,30.28,56.18,1,Standard,RoomOnly,1,5
2853,42.0,1.0,64.49,178.01,5,Family,AllInclusive,0,9
2854,27.0,1.0,25.51,319.61,6,Suite,AllInclusive,0,10
2855,37.0,2.0,17.63,74.62,6,Standard,RoomOnly,0,9
2856,34.0,1.0,12.09,143.47,4,Deluxe,RoomOnly,0,9
2857,48.0,3.0,63.62,96.36,2,Standard,AllInclusive,0,9
2858,27.0,2.0,39.24,76.21,6,Standard,RoomOnly,0,8
2859,18.0,2.0,50.37,71.09,6,Standard,RoomOnly,0,6
2860,59.0,5.0,50.08,129.27,0,Standard,AllInclusive,0,10
2861,31.0,9.0,26.22,118.38,0,Standard,RoomOnly,0,9
2862,38.0,1.0,14.26,101.17,6,Deluxe,RoomOnly,0,8
2863,28.0,6.0,24.82,70.53,6,Standard,RoomOnly,0,7
2864,18.0,3.0,64.22,97.74,4,Standard,AllInclusive,0,10
2865,38.0,1.0,8.82,247.69,4,Suite,AllInclusive,0,10
2866,30.0,4.0,65.18,78.32,2,Standard,RoomOnly,0,9
2867,40.0,2.0,77.87,84.28,6,Standard,RoomOnly,0,7
2868,19.0,3.0,6.19,98.59,6,Standard,AllInclusive,0,9
2869,40.0,3.0,15.06,147.2,1,Family,RoomOnly,0,9
2870,38.0,4.0,18.45,126.48,0,Standard,AllInclusive,0,10
2871,27.0,1.0,47.39,96.37,4,Standard,AllInclusive,1,6
2872,36.0,3.0,16.72,157.67,6,Family,RoomOnly,0,9
2873,22.0,2.0,19.23,157.79,3,Family,RoomOnly,0,10
2874,43.0,2.0,53.0,71.53,2,Standard,RoomOnly,1,4
2875,45.0,1.0,38.37,72.54,1,Standard,RoomOnly,0,7
2876,32.0,3.0,34.9,107.74,0,Standard,AllInclusive,0,8
2877,30.0,2.0,21.61,256.5,5,Suite,AllInclusive,0,10
2878,34.0,2.0,25.2,139.71,0,Deluxe,RoomOnly,0,10
2879,33.0,3.0,17.69,120.75,6,Deluxe,RoomOnly,0,9
2880,24.0,1.0,16.12,121.53,6,Family,RoomOnly,0,8
2881,46.0,4.0,39.15,121.32,5,Deluxe,RoomOnly,0,8
2882,34.0,3.0,9.82,135.34,2,Deluxe,RoomOnly,0,10
2883,30.0,2.0,28.26,195.5,4,Suite,RoomOnly,0,9
2884,26.0,2.0,20.7,93.14,3,Standard,AllInclusive,0,10
2885,43.0,5.0,57.43,82.11,2,Standard,RoomOnly,1,6
2886,43.0,2.0,12.95,114.45,4,Standard,AllInclusive,0,10
2887,30.0,3.0,60.41,92.67,6,Standard,RoomOnly,1,5
2888,22.0,4.0,29.56,121.32,5,Deluxe,RoomOnly,0,9
2889,42.0,2.0,9.57,173.13,0,Family,RoomOnly,0,8
2890,29.0,4.0,132.17,179.26,0,Deluxe,AllInclusive,1,7
2891,34.0,4.0,13.59,79.52,4,Standard,RoomOnly,0,8
2892,55.0,2.0,47.83,108.29,2,Deluxe,RoomOnly,0,9
2893,31.0,3.0,13.56,66.97,3,Standard,RoomOnly,0,10
2894,22.0,3.0,17.4,121.45,4,Family,RoomOnly,0,10
2895,35.0,3.0,24.49,169.49,5,Deluxe,AllInclusive,0,9
2896,33.0,2.0,43.84,206.08,0,Deluxe,AllInclusive,0,9
2897,31.0,4.0,29.98,151.02,2,Deluxe,AllInclusive,0,8
2898,24.0,2.0,12.17,270.89,4,Suite,AllInclusive,0,9
2899,46.0,4.0,41.9,111.32,6,Standard,AllInclusive,0,10
2900,41.0,7.0,78.27,98.29,6,Standard,RoomOnly,0,7
2901,36.0,2.0,28.94,125.69,4,Deluxe,RoomOnly,0,10
2902,44.0,4.0,15.34,69.3,1,Standard,RoomOnly,1,6
2903,23.0,6.0,76.04,130.69,0,Standard,AllInclusive,0,7
2904,36.0,3.0,12.02,87.19,3,Standard,RoomOnly,0,9
2905,36.0,2.0,23.77,126.8,0,Deluxe,RoomOnly,0,8
2906,48.0,2.0,25.63,134.38,6,Deluxe,RoomOnly,0,8
2907,38.0,2.0,18.36,195.24,6,Suite,RoomOnly,0,10
2908,37.0,3.0,11.04,213.36,6,Suite,RoomOnly,0,9
2909,43.0,3.0,26.02,195.81,0,Family,AllInclusive,0,7
2910,46.0,1.0,56.5,142.66,1,Deluxe,RoomOnly,0,10
2911,26.0,2.0,25.32,214.55,0,Suite,RoomOnly,0,9
2912,42.0,2.0,27.82,58.87,2,Standard,RoomOnly,1,3
2913,18.0,4.0,18.19,85.17,6,Standard,RoomOnly,0,10
2914,33.0,2.0,47.38,96.93,1,Standard,AllInclusive,0,8
2915,34.0,4.0,25.58,106.51,6,Standard,AllInclusive,0,9
2916,56.0,2.0,36.6,80.79,1,Standard,RoomOnly,0,7
2917,29.0,2.0,14.91,270.64,0,Suite,AllInclusive,0,10
2918,30.0,3.0,23.29,95.24,4,Standard,AllInclusive,0,9
2919,51.0,5.0,109.02,140.74,4,Family,RoomOnly,1,6
2920,18.0,3.0,10.43,146.18,4,Deluxe,AllInclusive,0,9
2921,38.0,5.0,22.05,176.42,0,Family,AllInclusive,0,10
2922,35.0,3.0,20.74,110.68,3,Standard,AllInclusive,0,8
2923,18.0,2.0,28.46,129.9,3,Deluxe,RoomOnly,0,8
2924,39.0,3.0,17.71,109.22,1,Deluxe,RoomOnly,0,7
2925,41.0,3.0,33.49,124.56,4,Deluxe,RoomOnly,0,10
2926,21.0,2.0,28.98,192.89,2,Deluxe,AllInclusive,0,10
2927,46.0,4.0,38.99,127.17,1,Standard,AllInclusive,0,9
2928,36.0,7.0,35.71,120.61,4,Standard,AllInclusive,0,9
2929,45.0,2.0,24.6,157.21,3,Family,RoomOnly,0,8
2930,42.0,4.0,12.34,114.5,1,Standard,AllInclusive,0,9
2931,31.0,3.0,26.4,102.47,3,Standard,AllInclusive,0,8
2932,46.0,3.0,20.24,77.63,5,Standard,RoomOnly,0,7
2933,35.0,2.0,17.67,208.48,3,Suite,RoomOnly,0,8
2934,36.0,2.0,,188.62,6,Deluxe,AllInclusive,0,10
2935,36.0,2.0,25.59,204.5,4,Suite,RoomOnly,0,9
2936,36.0,2.0,28.1,149.78,6,Family,RoomOnly,0,8
2937,45.0,3.0,15.34,113.46,0,Standard,AllInclusive,0,10
2938,53.0,2.0,38.31,146.97,0,Deluxe,RoomOnly,0,9
2939,31.0,3.0,21.06,287.27,4,Suite,AllInclusive,0,10
2940,35.0,2.0,56.72,161.93,1,Deluxe,AllInclusive,0,10
2941,39.0,5.0,41.23,109.21,3,Standard,AllInclusive,0,8
2942,43.0,2.0,61.18,159.83,3,Family,RoomOnly,0,9
2943,28.0,1.0,25.27,260.26,3,Suite,AllInclusive,0,9
2944,54.0,2.0,31.49,65.65,0,Standard,RoomOnly,1,6
2945,39.0,1.0,23.75,211.36,2,Family,AllInclusive,0,9
2946,20.0,3.0,11.03,268.44,4,Suite,AllInclusive,0,9
2947,29.0,1.0,92.19,86.25,0,Standard,RoomOnly,0,9
2948,52.0,3.0,11.22,161.36,3,Suite,RoomOnly,0,9
2949,18.0,5.0,18.64,236.17,0,Suite,RoomOnly,1,8
2950,37.0,5.0,,88.31,5,Standard,RoomOnly,0,9
2951,38.0,2.0,14.83,111.07,1,Deluxe,RoomOnly,0,7
2952,29.0,1.0,20.28,107.31,2,Standard,AllInclusive,0,8
2953,40.0,8.0,48.34,168.52,2,Family,RoomOnly,0,10
2954,20.0,1.0,10.22,234.38,1,Suite,RoomOnly,0,10
2955,55.0,2.0,28.49,151.29,1,Deluxe,AllInclusive,0,10
2956,51.0,3.0,35.57,215.93,1,Suite,RoomOnly,0,10
2957,42.0,1.0,36.81,239.54,3,Family,AllInclusive,0,10
2958,36.0,2.0,20.77,218.67,2,Family,AllInclusive,0,10
2959,27.0,5.0,18.74,184.41,2,Family,AllInclusive,0,10
2960,30.0,5.0,42.88,122.89,0,Deluxe,RoomOnly,0,10
2961,29.0,2.0,86.67,111.76,6,Standard,AllInclusive,0,9
2962,34.0,2.0,16.03,149.13,5,Deluxe,AllInclusive,0,10
2963,42.0,5.0,16.23,93.07,1,Standard,RoomOnly,0,9
2964,25.0,2.0,15.15,182.13,3,Deluxe,AllInclusive,0,9
2965,46.0,1.0,53.51,118.62,0,Standard,AllInclusive,0,7
2966,20.0,5.0,5.36,131.33,6,Deluxe,RoomOnly,0,6
2967,37.0,2.0,47.81,100.84,5,Standard,AllInclusive,0,10
2968,39.0,1.0,26.07,101.7,3,Standard,RoomOnly,0,9
2969,42.0,3.0,52.28,193.38,4,Suite,RoomOnly,1,5
2970,40.0,4.0,33.49,123.0,3,Deluxe,RoomOnly,0,8
2971,33.0,6.0,10.32,135.36,5,Deluxe,RoomOnly,0,8
2972,27.0,7.0,,205.34,3,Family,AllInclusive,1,9
2973,43.0,2.0,32.4,128.04,2,Standard,AllInclusive,0,8
2974,46.0,1.0,,142.98,4,Family,RoomOnly,0,8
2975,38.0,4.0,17.68,107.66,6,Deluxe,RoomOnly,0,8
2976,29.0,3.0,27.56,160.73,3,Deluxe,AllInclusive,0,8
2977,33.0,3.0,10.7,99.06,4,Standard,AllInclusive,0,9
2978,44.0,2.0,42.39,221.53,5,Suite,RoomOnly,0,8
2979,21.0,2.0,47.8,159.02,0,Deluxe,AllInclusive,0,6
2980,24.0,2.0,8.53,243.94,2,Suite,RoomOnly,0,10
2981,22.0,2.0,25.86,154.32,1,Deluxe,AllInclusive,0,9
2982,36.0,2.0,18.06,82.21,4,Standard,RoomOnly,1,5
2983,30.0,2.0,18.6,141.24,0,Deluxe,RoomOnly,0,9
2984,31.0,3.0,9.7,156.01,6,Family,RoomOnly,0,8
2985,41.0,1.0,53.9,165.97,0,Family,RoomOnly,0,9
2986,37.0,4.0,37.74,123.3,1,Deluxe,RoomOnly,0,7
2987,35.0,2.0,23.14,72.89,2,Standard,RoomOnly,0,9
2988,31.0,1.0,14.63,182.0,2,Family,RoomOnly,0,10
2989,19.0,3.0,36.3,128.0,1,Deluxe,RoomOnly,0,8
2990,34.0,1.0,75.77,250.49,1,Suite,AllInclusive,0,10
2991,40.0,3.0,45.37,217.12,0,Suite,RoomOnly,0,9
2992,53.0,3.0,64.6,101.79,1,Standard,AllInclusive,0,10
2993,24.0,2.0,31.76,166.42,2,Deluxe,RoomOnly,0,9
2994,32.0,3.0,10.01,136.41,3,Standard,AllInclusive,0,8
2995,34.0,2.0,6.97,80.1,2,Standard,RoomOnly,0,7
2996,36.0,1.0,46.31,109.45,5,Standard,AllInclusive,0,10
2997,41.0,4.0,13.61,124.87,6,Standard,AllInclusive,0,9
2998,40.0,2.0,47.28,146.98,1,Deluxe,RoomOnly,0,7
2999,51.0,4.0,40.13,118.3,3,Standard,AllInclusive,0,9
3000,37.0,3.0,14.66,160.64,2,Family,RoomOnly,0,8
3001,51.0,2.0,25.27,127.03,2,Deluxe,RoomOnly,0,9
3002,33.0,6.0,25.73,126.84,0,Deluxe,AllInclusive,0,10
3003,26.0,4.0,27.58,173.92,2,Deluxe,AllInclusive,0,9
3004,36.0,2.0,61.51,101.56,0,Standard,AllInclusive,0,10
3005,18.0,2.0,20.02,132.07,6,Deluxe,RoomOnly,1,5
3006,34.0,9.0,19.75,305.47,1,Suite,AllInclusive,0,9
3007,28.0,3.0,12.09,276.14,1,Suite,AllInclusive,0,10
3008,27.0,4.0,25.26,100.7,2,Standard,RoomOnly,0,8
3009,24.0,2.0,12.09,211.2,3,Suite,RoomOnly,1,8
3010,32.0,2.0,27.57,177.88,5,Deluxe,AllInclusive,0,10
3011,43.0,4.0,19.66,122.17,2,Deluxe,RoomOnly,0,10
3012,22.0,5.0,7.31,137.04,1,Deluxe,RoomOnly,0,8
3013,38.0,2.0,13.65,90.57,4,Standard,RoomOnly,1,3
3014,35.0,3.0,51.49,87.17,5,Standard,RoomOnly,1,5
3015,36.0,3.0,5.35,74.18,0,Standard,RoomOnly,0,9
3016,45.0,2.0,17.08,175.56,2,Deluxe,AllInclusive,0,9
3017,36.0,4.0,53.5,176.32,6,Family,RoomOnly,1,7
3018,41.0,3.0,58.66,133.85,2,Deluxe,RoomOnly,1,6
3019,31.0,1.0,55.29,125.48,4,Deluxe,RoomOnly,0,6
3020,25.0,4.0,7.49,84.16,2,Standard,RoomOnly,0,7
3021,27.0,3.0,37.28,261.45,3,Suite,AllInclusive,0,10
3022,26.0,4.0,14.33,153.41,2,Family,RoomOnly,0,8
3023,26.0,5.0,43.95,85.01,6,Standard,RoomOnly,0,9
3024,37.0,1.0,11.82,132.08,3,Deluxe,RoomOnly,0,7
3025,58.0,1.0,32.39,151.83,2,Deluxe,RoomOnly,0,8
3026,43.0,3.0,21.76,193.76,5,Family,AllInclusive,0,10
3027,25.0,1.0,28.58,75.0,4,Standard,RoomOnly,0,9
3028,42.0,4.0,61.4,149.88,3,Deluxe,RoomOnly,0,9
3029,35.0,2.0,25.08,143.79,2,Deluxe,RoomOnly,0,8
3030,30.0,4.0,19.28,109.03,3,Deluxe,RoomOnly,0,10
3031,25.0,3.0,11.25,77.39,0,Standard,RoomOnly,0,7
3032,43.0,3.0,17.01,167.97,6,Family,RoomOnly,0,7
3033,24.0,2.0,11.88,256.76,4,Suite,AllInclusive,0,10
3034,46.0,2.0,20.58,85.99,5,Standard,RoomOnly,0,7
3035,30.0,5.0,,196.83,6,Deluxe,AllInclusive,0,8
3036,18.0,3.0,14.02,143.8,4,Deluxe,RoomOnly,1,4
3037,32.0,4.0,10.71,144.87,0,Deluxe,RoomOnly,0,8
3038,18.0,1.0,13.52,128.73,3,Deluxe,AllInclusive,0,9
3039,35.0,3.0,17.34,210.99,6,Suite,RoomOnly,0,10
3040,25.0,2.0,,151.87,6,Family,RoomOnly,0,10
3041,42.0,4.0,,183.58,0,Deluxe,AllInclusive,0,10
3042,39.0,3.0,24.49,141.64,0,Deluxe,RoomOnly,0,8
3043,23.0,3.0,22.16,117.33,0,Standard,AllInclusive,0,9
3044,40.0,5.0,46.22,245.34,5,Suite,AllInclusive,0,10
3045,28.0,2.0,15.86,215.51,6,Family,AllInclusive,0,10
3046,25.0,2.0,24.45,132.33,3,Standard,AllInclusive,0,8
3047,38.0,3.0,32.84,110.4,5,Standard,AllInclusive,0,8
3048,35.0,2.0,82.45,106.94,2,Standard,AllInclusive,0,9
3049,22.0,3.0,13.98,148.23,0,Family,RoomOnly,0,6
3050,42.0,1.0,25.51,70.24,6,Standard,RoomOnly,0,5
3051,26.0,1.0,46.08,314.84,3,Suite,AllInclusive,0,10
3052,49.0,2.0,23.43,163.7,6,Deluxe,AllInclusive,0,9
3053,45.0,5.0,63.73,253.46,4,Suite,AllInclusive,0,10
3054,39.0,2.0,,216.33,6,Suite,RoomOnly,0,7
3055,34.0,3.0,11.24,216.62,2,Suite,RoomOnly,0,9
3056,36.0,5.0,10.42,212.43,3,Suite,RoomOnly,0,7
3057,21.0,2.0,15.43,70.8,4,Standard,RoomOnly,0,9
3058,49.0,4.0,,245.45,3,Suite,AllInclusive,0,10
3059,34.0,2.0,24.12,156.06,2,Deluxe,AllInclusive,0,10
3060,28.0,2.0,104.32,191.93,0,Family,AllInclusive,0,10
3061,24.0,6.0,39.53,126.79,3,Standard,AllInclusive,0,8
3062,27.0,3.0,25.78,129.37,2,Standard,AllInclusive,0,9
3063,19.0,2.0,33.65,98.23,1,Standard,RoomOnly,0,8
3064,22.0,4.0,12.84,217.96,1,Suite,RoomOnly,0,7
3065,31.0,2.0,18.69,164.77,4,Family,AllInclusive,0,10
3066,27.0,2.0,15.85,85.07,4,Standard,RoomOnly,0,8
3067,32.0,4.0,10.82,178.61,5,Deluxe,AllInclusive,0,10
3068,31.0,3.0,5.09,196.59,1,Suite,RoomOnly,0,8
3069,46.0,7.0,21.3,73.11,0,Standard,RoomOnly,0,7
3070,50.0,7.0,19.59,93.69,2,Standard,RoomOnly,0,9
3071,28.0,2.0,29.62,102.5,0,Standard,AllInclusive,0,8
3072,18.0,1.0,42.73,111.02,5,Standard,AllInclusive,1,7
3073,47.0,3.0,14.45,91.54,4,Standard,RoomOnly,0,10
3074,35.0,2.0,33.01,163.48,4,Suite,RoomOnly,0,8
3075,18.0,1.0,30.91,94.09,3,Standard,RoomOnly,0,9
3076,35.0,3.0,27.06,177.0,3,Deluxe,AllInclusive,0,10
3077,24.0,2.0,18.26,260.58,2,Suite,AllInclusive,0,9
3078,49.0,2.0,14.96,139.92,0,Deluxe,RoomOnly,0,9
3079,31.0,2.0,20.83,187.92,6,Suite,RoomOnly,0,9
3080,44.0,1.0,21.58,99.27,6,Standard,AllInclusive,0,6
3081,25.0,3.0,21.12,75.81,5,Standard,RoomOnly,0,7
3082,28.0,3.0,10.62,69.99,3,Standard,RoomOnly,0,9
3083,31.0,3.0,87.98,94.95,0,Standard,RoomOnly,0,8
3084,36.0,2.0,27.55,140.01,4,Deluxe,RoomOnly,0,10
3085,32.0,2.0,38.67,108.66,1,Standard,AllInclusive,0,9
3086,22.0,1.0,32.63,187.89,5,Family,AllInclusive,0,10
3087,33.0,5.0,11.48,114.24,0,Deluxe,RoomOnly,0,9
3088,27.0,2.0,14.04,78.92,1,Standard,RoomOnly,0,7
3089,34.0,3.0,18.53,270.69,4,Suite,AllInclusive,1,8
3090,41.0,3.0,17.93,217.66,4,Suite,RoomOnly,0,10
3091,53.0,2.0,25.43,113.84,0,Deluxe,RoomOnly,0,9
3092,44.0,2.0,40.7,212.35,2,Suite,RoomOnly,0,9
3093,30.0,4.0,19.93,92.21,5,Standard,RoomOnly,1,5
3094,25.0,5.0,8.11,136.1,4,Deluxe,RoomOnly,0,10
3095,47.0,1.0,11.05,240.96,3,Suite,AllInclusive,0,10
3096,36.0,4.0,35.29,132.97,3,Deluxe,RoomOnly,0,7
3097,26.0,4.0,19.32,131.68,5,Standard,AllInclusive,0,7
3098,58.0,3.0,134.22,113.67,6,Deluxe,RoomOnly,0,10
3099,38.0,1.0,21.22,193.18,6,Family,AllInclusive,0,9
3100,33.0,4.0,8.02,108.96,6,Standard,AllInclusive,0,9
3101,31.0,7.0,7.91,92.97,5,Standard,RoomOnly,0,8
3102,47.0,1.0,29.74,89.95,6,Standard,RoomOnly,0,6
3103,30.0,5.0,12.93,99.21,1,Standard,RoomOnly,0,8
3104,33.0,1.0,29.31,128.89,6,Deluxe,RoomOnly,0,9
3105,51.0,1.0,37.72,236.48,4,Suite,RoomOnly,0,10
3106,44.0,5.0,43.36,105.64,6,Deluxe,RoomOnly,0,9
3107,30.0,2.0,11.12,256.91,6,Suite,AllInclusive,0,10
3108,34.0,3.0,25.2,93.45,3,Deluxe,RoomOnly,0,7
3109,37.0,3.0,8.37,283.94,5,Suite,AllInclusive,0,10
3110,18.0,4.0,9.73,145.77,1,Deluxe,RoomOnly,0,7
3111,47.0,2.0,19.82,79.73,5,Standard,RoomOnly,0,8
3112,18.0,3.0,15.5,98.24,3,Standard,AllInclusive,0,9
3113,52.0,2.0,46.45,93.3,6,Standard,RoomOnly,0,6
3114,22.0,1.0,44.39,130.12,0,Standard,AllInclusive,0,9
3115,55.0,1.0,10.32,96.53,1,Standard,RoomOnly,1,6
3116,32.0,2.0,19.87,120.39,2,Standard,AllInclusive,0,9
3117,46.0,4.0,21.75,74.82,2,Standard,RoomOnly,0,10
3118,39.0,1.0,28.59,119.68,5,Standard,AllInclusive,0,10
3119,31.0,3.0,16.43,95.2,0,Standard,RoomOnly,0,9
3120,31.0,3.0,28.72,256.12,6,Suite,AllInclusive,0,10
3121,24.0,2.0,7.28,113.15,0,Standard,AllInclusive,0,8
3122,18.0,1.0,59.85,137.78,2,Standard,AllInclusive,0,8
3123,31.0,5.0,11.8,180.97,3,Family,RoomOnly,1,6
3124,31.0,1.0,66.36,90.66,4,Standard,RoomOnly,1,6
3125,46.0,2.0,38.91,182.92,4,Family,AllInclusive,0,9
3126,22.0,3.0,24.11,105.41,3,Standard,AllInclusive,0,9
3127,27.0,4.0,20.42,149.45,3,Deluxe,RoomOnly,0,9
3128,39.0,2.0,34.27,86.76,1,Standard,RoomOnly,0,7
3129,41.0,3.0,14.93,154.97,3,Suite,RoomOnly,0,8
3130,43.0,4.0,11.12,158.77,4,Suite,RoomOnly,0,9
3131,40.0,3.0,23.18,162.25,1,Family,AllInclusive,0,9
3132,34.0,1.0,51.32,87.2,1,Standard,RoomOnly,0,7
3133,36.0,1.0,25.18,105.53,0,Standard,AllInclusive,0,10
3134,43.0,1.0,28.78,126.26,2,Deluxe,RoomOnly,0,7
3135,48.0,3.0,53.9,204.8,2,Suite,RoomOnly,0,8
3136,34.0,3.0,,145.27,4,Deluxe,RoomOnly,0,10
3137,34.0,1.0,26.87,134.91,2,Family,RoomOnly,0,9
3138,44.0,4.0,30.26,233.36,6,Suite,AllInclusive,0,10
3139,27.0,2.0,6.54,101.16,6,Standard,AllInclusive,0,9
3140,33.0,1.0,16.71,119.27,6,Deluxe,RoomOnly,0,6
3141,44.0,8.0,29.6,231.5,0,Suite,RoomOnly,0,10
3142,28.0,2.0,12.75,197.55,1,Family,AllInclusive,0,10
3143,37.0,2.0,30.7,176.02,4,Family,RoomOnly,0,10
3144,32.0,3.0,44.76,86.01,4,Standard,RoomOnly,1,4
3145,34.0,6.0,18.83,162.17,1,Deluxe,AllInclusive,1,7
3146,42.0,3.0,63.74,221.38,1,Suite,RoomOnly,0,10
3147,32.0,4.0,44.13,97.56,3,Standard,RoomOnly,0,7
3148,23.0,3.0,33.07,262.16,2,Suite,AllInclusive,0,10
3149,39.0,3.0,24.35,126.38,0,Family,RoomOnly,1,5
3150,38.0,2.0,14.72,250.03,6,Suite,RoomOnly,0,10
3151,28.0,8.0,46.95,197.14,1,Family,AllInclusive,0,9
3152,43.0,2.0,18.81,283.98,1,Suite,AllInclusive,0,10
3153,30.0,1.0,8.6,102.65,6,Standard,AllInclusive,0,10
3154,42.0,5.0,12.1,72.53,5,Standard,RoomOnly,0,8
3155,46.0,4.0,24.55,142.29,5,Deluxe,RoomOnly,0,8
3156,31.0,1.0,13.67,77.96,4,Standard,RoomOnly,0,9
3157,39.0,2.0,10.01,215.37,0,Suite,RoomOnly,0,9
3158,47.0,2.0,15.75,215.69,0,Family,AllInclusive,0,10
3159,30.0,1.0,17.49,48.85,5,Standard,RoomOnly,0,9
3160,33.0,3.0,59.93,180.32,2,Family,RoomOnly,0,8
3161,26.0,3.0,8.63,83.05,3,Standard,RoomOnly,0,7
3162,40.0,2.0,10.67,130.4,6,Deluxe,RoomOnly,0,8
3163,54.0,4.0,23.93,171.17,1,Deluxe,AllInclusive,0,8
3164,34.0,2.0,15.99,183.42,5,Family,RoomOnly,0,8
3165,36.0,6.0,16.0,194.44,6,Suite,RoomOnly,0,8
3166,27.0,9.0,47.21,62.19,0,Standard,RoomOnly,0,7
3167,20.0,1.0,51.03,133.8,0,Deluxe,RoomOnly,0,8
3168,40.0,8.0,14.01,217.62,6,Suite,RoomOnly,0,9
3169,58.0,3.0,15.88,230.93,4,Suite,RoomOnly,0,9
3170,29.0,10.0,,69.44,1,Standard,RoomOnly,0,8
3171,66.0,1.0,16.25,208.44,1,Family,AllInclusive,0,9
3172,29.0,3.0,23.44,130.08,0,Deluxe,RoomOnly,0,9
3173,35.0,5.0,14.54,131.73,0,Standard,AllInclusive,0,9
3174,57.0,3.0,22.33,115.15,6,Standard,AllInclusive,0,8
3175,49.0,2.0,33.02,163.82,5,Deluxe,AllInclusive,0,10
3176,56.0,1.0,31.91,138.19,5,Deluxe,RoomOnly,0,10
3177,60.0,5.0,40.17,175.48,2,Deluxe,AllInclusive,0,10
3178,28.0,3.0,32.37,94.49,5,Standard,RoomOnly,1,6
3179,33.0,2.0,15.08,116.9,6,Deluxe,RoomOnly,0,9
3180,47.0,3.0,19.05,140.81,1,Family,RoomOnly,0,10
3181,25.0,2.0,77.74,156.7,1,Deluxe,AllInclusive,0,10
3182,32.0,5.0,21.06,181.51,3,Family,RoomOnly,0,10
3183,23.0,3.0,15.72,208.85,3,Suite,RoomOnly,0,9
3184,24.0,4.0,,75.15,1,Standard,RoomOnly,0,8
3185,34.0,4.0,8.5,126.42,1,Deluxe,RoomOnly,0,8
3186,33.0,2.0,13.03,266.45,0,Suite,AllInclusive,0,10
3187,37.0,2.0,20.61,167.95,0,Family,RoomOnly,0,8
3188,50.0,5.0,,159.82,5,Deluxe,AllInclusive,0,10
3189,27.0,1.0,31.44,179.55,2,Family,AllInclusive,0,9
3190,18.0,2.0,28.44,84.53,3,Standard,RoomOnly,0,7
3191,39.0,6.0,13.81,75.68,6,Standard,RoomOnly,0,10
3192,35.0,1.0,27.35,241.82,0,Suite,AllInclusive,0,10
3193,30.0,2.0,18.22,104.1,3,Standard,AllInclusive,0,10
3194,25.0,2.0,13.99,145.64,0,Deluxe,AllInclusive,0,10
3195,31.0,5.0,33.85,141.61,6,Standard,AllInclusive,0,8
3196,29.0,4.0,14.52,231.69,5,Suite,RoomOnly,0,10
3197,35.0,4.0,141.37,93.19,3,Standard,AllInclusive,1,5
3198,37.0,3.0,29.88,115.62,3,Standard,AllInclusive,0,9
3199,35.0,3.0,38.02,205.63,6,Family,AllInclusive,1,8
3200,28.0,3.0,14.22,78.55,1,Standard,RoomOnly,0,8
3201,40.0,3.0,20.49,127.77,0,Family,RoomOnly,0,8
3202,30.0,1.0,24.27,61.02,6,Standard,RoomOnly,0,7
3203,29.0,2.0,18.64,136.39,0,Deluxe,RoomOnly,1,7
3204,27.0,2.0,12.25,87.71,4,Standard,RoomOnly,0,10
3205,36.0,1.0,,250.91,0,Suite,RoomOnly,0,10
3206,23.0,3.0,19.61,203.57,4,Family,AllInclusive,0,10
3207,35.0,3.0,8.54,108.82,3,Standard,RoomOnly,0,8
3208,40.0,2.0,37.32,102.74,0,Standard,AllInclusive,0,9
3209,30.0,3.0,16.17,81.59,5,Standard,RoomOnly,0,9
3210,33.0,5.0,10.99,243.61,6,Suite,RoomOnly,0,9
3211,18.0,2.0,17.39,62.76,4,Standard,RoomOnly,0,7
3212,47.0,1.0,61.53,87.53,3,Standard,RoomOnly,0,9
3213,58.0,1.0,28.99,204.42,2,Suite,RoomOnly,0,9
3214,37.0,3.0,16.72,246.48,5,Suite,AllInclusive,0,9
3215,46.0,3.0,33.44,90.48,2,Standard,RoomOnly,0,8
3216,52.0,2.0,30.11,80.1,3,Standard,RoomOnly,0,7
3217,36.0,2.0,21.98,104.39,4,Standard,AllInclusive,1,5
3218,51.0,2.0,43.28,247.87,3,Suite,AllInclusive,0,9
3219,46.0,5.0,31.29,130.17,1,Standard,AllInclusive,0,10
3220,25.0,2.0,24.37,206.54,1,Suite,RoomOnly,1,7
3221,39.0,3.0,20.46,169.41,6,Family,AllInclusive,0,10
3222,21.0,4.0,28.61,147.7,6,Deluxe,AllInclusive,0,9
3223,48.0,2.0,56.04,127.89,4,Deluxe,RoomOnly,1,7
3224,21.0,7.0,61.47,69.53,0,Standard,RoomOnly,0,8
3225,34.0,2.0,21.3,123.4,5,Standard,AllInclusive,0,10
3226,18.0,4.0,17.71,97.25,5,Standard,AllInclusive,0,9
3227,21.0,3.0,43.7,149.83,5,Deluxe,AllInclusive,0,10
3228,21.0,3.0,7.56,82.44,4,Standard,RoomOnly,1,5
3229,34.0,2.0,16.42,68.75,4,Standard,RoomOnly,0,8
3230,32.0,2.0,19.96,121.74,0,Deluxe,RoomOnly,0,6
3231,36.0,3.0,21.4,45.39,4,Standard,RoomOnly,0,8
3232,41.0,5.0,45.62,83.99,0,Standard,RoomOnly,1,7
3233,48.0,4.0,55.86,211.08,0,Family,AllInclusive,0,10
3234,24.0,2.0,28.66,156.61,5,Family,RoomOnly,0,8
3235,25.0,5.0,19.51,134.49,0,Deluxe,RoomOnly,0,9
3236,32.0,2.0,46.39,76.9,2,Standard,RoomOnly,0,9
3237,46.0,6.0,13.71,98.22,2,Standard,AllInclusive,0,9
3238,22.0,2.0,45.12,114.36,2,Standard,AllInclusive,0,10
3239,54.0,3.0,11.76,73.16,0,Standard,RoomOnly,0,7
3240,20.0,7.0,61.47,223.87,0,Suite,AllInclusive,0,9
3241,18.0,2.0,13.92,87.16,0,Standard,RoomOnly,0,7
3242,48.0,7.0,26.12,70.62,5,Standard,RoomOnly,0,7
3243,35.0,3.0,30.83,82.81,4,Standard,RoomOnly,1,5
3244,41.0,3.0,34.53,167.96,0,Deluxe,AllInclusive,0,10
3245,41.0,2.0,9.76,138.51,3,Deluxe,RoomOnly,0,7
3246,21.0,1.0,33.43,108.58,3,Standard,AllInclusive,0,9
3247,48.0,11.0,31.32,265.56,4,Suite,AllInclusive,0,9
3248,42.0,7.0,19.98,173.06,5,Deluxe,AllInclusive,0,10
3249,39.0,2.0,25.92,201.98,1,Family,AllInclusive,0,10
3250,38.0,4.0,38.28,105.05,2,Standard,AllInclusive,1,6
3251,38.0,3.0,16.44,114.86,2,Standard,AllInclusive,0,7
3252,25.0,2.0,63.8,179.08,1,Deluxe,AllInclusive,1,7
3253,32.0,4.0,29.87,153.68,1,Deluxe,RoomOnly,1,7
3254,40.0,4.0,,126.58,0,Standard,AllInclusive,0,10
3255,32.0,4.0,47.43,93.07,2,Standard,RoomOnly,0,7
3256,36.0,2.0,17.61,137.04,1,Deluxe,RoomOnly,1,7
3257,35.0,3.0,11.57,176.81,3,Family,AllInclusive,0,10
3258,38.0,3.0,,164.71,3,Deluxe,AllInclusive,0,10
3259,40.0,2.0,25.12,204.61,6,Suite,RoomOnly,0,10
3260,36.0,4.0,17.18,142.66,0,Deluxe,RoomOnly,0,8
3261,41.0,6.0,17.59,173.64,5,Family,RoomOnly,0,9
3262,30.0,4.0,87.52,121.48,1,Deluxe,RoomOnly,0,8
3263,39.0,3.0,,102.7,4,Standard,AllInclusive,0,9
3264,45.0,1.0,33.29,150.28,3,Deluxe,AllInclusive,0,8
3265,33.0,1.0,29.38,179.25,0,Family,AllInclusive,0,10
3266,52.0,1.0,9.94,204.43,4,Suite,RoomOnly,1,6
3267,25.0,1.0,30.9,146.27,5,Deluxe,AllInclusive,0,8
3268,45.0,3.0,66.23,107.73,3,Standard,AllInclusive,0,10
3269,57.0,5.0,17.54,140.66,5,Deluxe,RoomOnly,0,7
3270,52.0,5.0,49.05,82.16,5,Standard,RoomOnly,0,7
3271,46.0,1.0,6.38,89.7,5,Standard,RoomOnly,0,6
3272,48.0,3.0,26.52,172.18,6,Deluxe,AllInclusive,0,8
3273,32.0,5.0,9.53,89.13,4,Standard,RoomOnly,1,6
3274,52.0,6.0,17.41,170.45,3,Suite,RoomOnly,0,7
3275,30.0,2.0,7.15,196.12,5,Family,RoomOnly,0,10
3276,32.0,2.0,19.86,67.24,1,Standard,RoomOnly,0,6
3277,18.0,7.0,14.88,125.37,2,Deluxe,RoomOnly,0,7
3278,46.0,1.0,13.28,143.98,2,Deluxe,RoomOnly,0,9
3279,43.0,2.0,20.84,158.89,5,Family,AllInclusive,0,10
3280,35.0,3.0,72.12,161.98,6,Deluxe,AllInclusive,0,9
3281,44.0,3.0,43.99,120.11,4,Standard,AllInclusive,1,6
3282,44.0,4.0,30.64,110.62,2,Standard,AllInclusive,0,10
3283,21.0,2.0,13.79,152.34,2,Deluxe,AllInclusive,0,10
3284,57.0,2.0,33.8,134.43,6,Deluxe,AllInclusive,0,9
3285,37.0,6.0,20.6,247.39,1,Suite,AllInclusive,0,9
3286,40.0,2.0,10.38,77.24,0,Standard,RoomOnly,0,10
3287,52.0,2.0,11.99,245.38,3,Suite,AllInclusive,0,10
3288,25.0,2.0,18.72,89.74,2,Standard,AllInclusive,0,8
3289,26.0,3.0,14.47,142.28,6,Family,RoomOnly,0,7
3290,26.0,4.0,11.61,241.48,5,Suite,RoomOnly,1,8
3291,36.0,2.0,21.24,105.06,2,Standard,AllInclusive,1,7
3292,53.0,3.0,19.2,85.19,6,Standard,RoomOnly,0,8
3293,24.0,4.0,7.94,98.94,4,Standard,RoomOnly,0,7
3294,44.0,4.0,43.66,120.47,3,Standard,AllInclusive,0,9
3295,34.0,5.0,16.37,121.28,3,Deluxe,RoomOnly,0,9
3296,20.0,2.0,31.1,110.27,4,Standard,AllInclusive,0,9
3297,18.0,2.0,56.68,91.23,3,Deluxe,RoomOnly,0,9
3298,37.0,1.0,22.31,207.48,5,Suite,RoomOnly,0,10
3299,22.0,3.0,28.35,85.44,6,Standard,RoomOnly,1,5
3300,38.0,3.0,37.23,160.21,1,Deluxe,AllInclusive,0,10
3301,38.0,3.0,57.46,72.83,0,Standard,RoomOnly,1,7
3302,29.0,2.0,62.43,135.14,6,Deluxe,RoomOnly,1,6
3303,32.0,2.0,27.17,92.95,6,Standard,AllInclusive,0,10
3304,47.0,6.0,31.75,193.35,5,Deluxe,AllInclusive,0,9
3305,37.0,3.0,27.37,94.8,0,Standard,RoomOnly,0,8
3306,34.0,4.0,4.59,71.27,2,Standard,RoomOnly,0,9
3307,70.0,4.0,67.19,99.62,6,Standard,RoomOnly,1,4
3308,46.0,2.0,30.71,135.94,6,Deluxe,RoomOnly,0,9
3309,20.0,4.0,9.26,103.28,1,Standard,RoomOnly,0,9
3310,36.0,1.0,16.99,143.87,4,Family,RoomOnly,0,9
3311,31.0,3.0,17.65,122.41,5,Deluxe,AllInclusive,0,10
3312,34.0,4.0,7.18,209.97,4,Family,AllInclusive,0,10
3313,33.0,3.0,30.66,119.31,1,Standard,AllInclusive,0,6
3314,42.0,3.0,,113.01,1,Deluxe,RoomOnly,0,9
3315,37.0,2.0,,160.06,5,Deluxe,RoomOnly,0,10
3316,35.0,4.0,6.47,115.47,2,Standard,AllInclusive,0,8
3317,46.0,3.0,16.4,230.41,2,Suite,RoomOnly,0,8
3318,30.0,2.0,17.6,152.26,1,Deluxe,RoomOnly,0,9
3319,26.0,1.0,18.11,208.53,3,Suite,AllInclusive,0,10
3320,41.0,4.0,51.04,168.72,4,Deluxe,AllInclusive,0,8
3321,28.0,3.0,6.53,245.62,4,Suite,AllInclusive,0,10
3322,55.0,2.0,7.48,242.04,6,Suite,RoomOnly,0,10
3323,31.0,5.0,25.95,105.85,6,Standard,AllInclusive,0,10
3324,35.0,2.0,47.64,108.71,1,Standard,AllInclusive,0,9
3325,36.0,2.0,63.77,89.67,2,Standard,RoomOnly,1,6
3326,18.0,4.0,168.65,190.4,0,Suite,RoomOnly,0,10
3327,36.0,2.0,,214.01,2,Suite,RoomOnly,0,10
3328,18.0,2.0,28.2,88.5,2,Standard,RoomOnly,1,6
3329,44.0,2.0,14.38,172.59,0,Family,RoomOnly,0,9
3330,32.0,3.0,14.73,106.47,2,Deluxe,RoomOnly,1,5
3331,25.0,3.0,18.26,207.98,1,Suite,RoomOnly,0,9
3332,40.0,2.0,37.72,183.95,0,Family,AllInclusive,0,9
3333,31.0,4.0,34.63,132.61,0,Standard,AllInclusive,1,7
3334,18.0,2.0,17.88,156.32,0,Family,AllInclusive,0,10
3335,38.0,4.0,19.62,123.64,5,Deluxe,RoomOnly,1,7
3336,40.0,4.0,13.68,149.06,5,Deluxe,RoomOnly,0,8
3337,40.0,3.0,5.79,124.15,4,Standard,AllInclusive,0,9
3338,54.0,2.0,4.02,167.57,3,Family,RoomOnly,0,9
3339,24.0,5.0,34.75,179.18,5,Family,AllInclusive,1,9
3340,19.0,3.0,24.97,255.3,2,Suite,AllInclusive,0,10
3341,31.0,5.0,31.1,71.67,4,Standard,RoomOnly,0,8
3342,35.0,3.0,22.66,215.02,2,Suite,RoomOnly,0,8
3343,39.0,4.0,18.6,152.69,0,Deluxe,RoomOnly,0,9
3344,36.0,2.0,27.12,158.05,3,Family,RoomOnly,1,5
3345,25.0,4.0,9.35,133.99,3,Deluxe,RoomOnly,0,9
3346,25.0,1.0,31.09,149.93,0,Deluxe,RoomOnly,0,7
3347,29.0,3.0,37.02,210.14,0,Family,AllInclusive,0,10
3348,27.0,3.0,10.13,173.15,0,Deluxe,AllInclusive,0,9
3349,39.0,2.0,39.56,95.58,6,Standard,RoomOnly,0,8
3350,33.0,2.0,19.12,120.84,2,Deluxe,RoomOnly,0,8
3351,32.0,3.0,19.3,173.13,2,Family,RoomOnly,0,9
3352,31.0,2.0,32.49,94.65,6,Standard,AllInclusive,0,9
3353,51.0,1.0,17.8,211.44,5,Suite,RoomOnly,1,8
3354,47.0,3.0,31.51,139.18,4,Deluxe,RoomOnly,1,5
3355,31.0,2.0,28.43,126.95,4,Standard,AllInclusive,0,9
3356,45.0,2.0,13.93,163.53,4,Family,AllInclusive,0,8
3357,47.0,1.0,26.63,211.73,3,Suite,RoomOnly,0,10
3358,40.0,2.0,35.81,156.07,4,Deluxe,AllInclusive,0,7
3359,39.0,2.0,27.23,195.2,0,Family,AllInclusive,0,10
3360,45.0,2.0,14.85,209.72,0,Family,AllInclusive,0,9
3361,40.0,3.0,20.6,79.96,6,Standard,RoomOnly,0,10
3362,46.0,2.0,29.52,273.96,6,Suite,AllInclusive,0,10
3363,31.0,4.0,8.71,219.24,2,Family,AllInclusive,0,9
3364,43.0,1.0,42.5,92.3,4,Standard,RoomOnly,0,8
3365,36.0,3.0,17.68,110.17,6,Standard,AllInclusive,0,8
3366,26.0,3.0,18.37,71.88,3,Standard,RoomOnly,0,8
3367,18.0,5.0,14.6,147.73,0,Deluxe,RoomOnly,0,9
3368,34.0,3.0,32.1,107.92,0,Standard,AllInclusive,0,10
3369,18.0,6.0,21.26,233.45,5,Suite,RoomOnly,0,8
3370,38.0,2.0,12.53,143.71,0,Deluxe,RoomOnly,0,9
3371,47.0,2.0,22.16,109.53,6,Standard,AllInclusive,0,9
3372,24.0,4.0,20.76,156.87,4,Family,RoomOnly,0,8
3373,34.0,2.0,10.71,146.19,2,Deluxe,AllInclusive,0,9
3374,35.0,2.0,23.92,84.22,3,Standard,RoomOnly,0,7
3375,56.0,3.0,36.91,93.95,2,Deluxe,RoomOnly,0,5
3376,43.0,5.0,33.48,196.43,3,Family,AllInclusive,0,9
3377,35.0,3.0,38.9,194.84,6,Suite,RoomOnly,0,6
3378,35.0,4.0,10.36,138.95,6,Deluxe,RoomOnly,0,8
3379,52.0,3.0,15.36,152.47,6,Deluxe,AllInclusive,0,8
3380,41.0,1.0,20.12,91.35,5,Standard,AllInclusive,0,8
3381,35.0,4.0,19.91,233.84,1,Suite,RoomOnly,0,9
3382,27.0,2.0,23.35,103.17,0,Deluxe,RoomOnly,0,7
3383,32.0,2.0,14.17,222.55,5,Suite,RoomOnly,0,10
3384,33.0,3.0,16.85,199.19,5,Suite,RoomOnly,0,8
3385,43.0,2.0,24.18,202.68,6,Family,AllInclusive,0,10
3386,25.0,2.0,10.77,173.87,0,Family,RoomOnly,0,7
3387,45.0,2.0,4.4,148.25,0,Deluxe,RoomOnly,0,9
3388,46.0,2.0,26.17,230.84,3,Suite,AllInclusive,0,10
3389,34.0,1.0,29.05,98.97,2,Standard,AllInclusive,0,10
3390,25.0,3.0,7.48,262.46,6,Suite,RoomOnly,0,8
3391,33.0,3.0,18.45,92.16,2,Standard,RoomOnly,1,6
3392,47.0,1.0,10.23,92.0,0,Standard,RoomOnly,0,7
3393,37.0,2.0,12.72,95.42,1,Standard,RoomOnly,0,8
3394,18.0,1.0,25.72,242.37,3,Suite,AllInclusive,0,10
3395,49.0,3.0,24.38,298.72,1,Suite,AllInclusive,0,10
3396,24.0,3.0,21.16,56.42,4,Standard,RoomOnly,0,7
3397,23.0,1.0,13.63,84.01,2,Standard,RoomOnly,0,7
3398,26.0,4.0,7.07,126.64,6,Deluxe,RoomOnly,0,8
3399,40.0,2.0,25.05,278.07,1,Suite,AllInclusive,0,7
3400,25.0,1.0,15.87,70.32,0,Standard,RoomOnly,0,9
3401,26.0,2.0,26.57,83.49,4,Standard,RoomOnly,0,8
3402,56.0,2.0,12.74,78.43,4,Standard,RoomOnly,0,8
3403,33.0,3.0,17.54,78.01,5,Standard,RoomOnly,0,9
3404,18.0,4.0,39.44,142.48,3,Family,RoomOnly,1,6
3405,32.0,1.0,91.82,106.69,5,Standard,AllInclusive,0,9
3406,23.0,5.0,22.16,69.31,2,Standard,RoomOnly,0,6
3407,36.0,2.0,38.73,285.53,1,Suite,AllInclusive,0,10
3408,49.0,2.0,12.02,185.38,6,Family,AllInclusive,0,10
3409,56.0,4.0,26.04,118.05,4,Deluxe,RoomOnly,1,7
3410,30.0,5.0,16.36,105.53,2,Standard,AllInclusive,0,9
3411,37.0,3.0,,82.63,0,Standard,RoomOnly,1,5
3412,56.0,2.0,32.82,200.36,3,Suite,RoomOnly,0,10
3413,35.0,5.0,6.39,74.72,1,Standard,RoomOnly,1,4
3414,35.0,2.0,15.07,89.91,5,Standard,AllInclusive,0,10
3415,32.0,4.0,15.22,82.31,1,Standard,RoomOnly,1,6
3416,18.0,1.0,8.47,77.67,0,Standard,RoomOnly,1,6
3417,30.0,2.0,10.28,189.48,0,Deluxe,AllInclusive,0,9
3418,42.0,3.0,14.02,100.15,3,Standard,RoomOnly,0,10
3419,34.0,5.0,83.61,113.74,5,Standard,AllInclusive,0,9
3420,47.0,1.0,15.13,64.08,1,Standard,RoomOnly,1,6
3421,22.0,3.0,49.3,148.01,4,Deluxe,RoomOnly,0,10
3422,39.0,3.0,22.65,170.57,5,Family,RoomOnly,0,10
3423,33.0,1.0,,97.78,4,Standard,AllInclusive,0,8
3424,41.0,6.0,18.23,186.85,2,Suite,RoomOnly,0,10
3425,21.0,4.0,35.49,118.6,2,Standard,AllInclusive,0,8
3426,42.0,1.0,17.27,77.75,4,Standard,RoomOnly,0,8
3427,18.0,6.0,22.17,136.58,4,Deluxe,RoomOnly,0,7
3428,45.0,1.0,31.75,81.74,0,Standard,RoomOnly,1,4
3429,34.0,3.0,48.93,127.57,4,Standard,AllInclusive,1,5
3430,37.0,4.0,,243.85,3,Suite,RoomOnly,0,9
3431,26.0,5.0,30.95,232.53,2,Suite,RoomOnly,0,9
3432,51.0,3.0,35.5,106.38,1,Standard,AllInclusive,0,9
3433,36.0,2.0,11.87,76.63,3,Standard,RoomOnly,0,9
3434,46.0,2.0,23.65,128.9,5,Deluxe,RoomOnly,0,9
3435,29.0,2.0,51.26,124.81,1,Standard,AllInclusive,0,8
3436,22.0,3.0,6.06,91.07,1,Standard,RoomOnly,1,7
3437,46.0,5.0,29.83,190.24,2,Suite,RoomOnly,0,10
3438,20.0,2.0,,184.27,3,Family,AllInclusive,0,10
3439,24.0,5.0,14.76,273.11,5,Suite,RoomOnly,0,9
3440,27.0,5.0,27.17,89.42,3,Standard,RoomOnly,1,6
3441,46.0,4.0,23.39,118.73,1,Standard,AllInclusive,0,9
3442,22.0,3.0,34.85,177.18,0,Deluxe,AllInclusive,0,10
3443,31.0,8.0,26.86,132.98,3,Standard,AllInclusive,0,9
3444,29.0,2.0,17.26,162.04,6,Deluxe,RoomOnly,0,10
3445,35.0,1.0,20.98,130.62,0,Deluxe,RoomOnly,0,7
3446,30.0,2.0,20.18,130.66,5,Deluxe,RoomOnly,0,8
3447,38.0,3.0,59.94,91.73,4,Standard,RoomOnly,0,10
3448,27.0,1.0,14.41,172.77,2,Family,AllInclusive,0,10
3449,32.0,3.0,17.08,91.7,4,Standard,RoomOnly,0,9
3450,46.0,5.0,36.21,182.28,5,Deluxe,AllInclusive,0,6
3451,28.0,2.0,28.36,109.59,6,Standard,AllInclusive,1,6
3452,31.0,3.0,,101.89,6,Deluxe,RoomOnly,0,8
3453,39.0,2.0,56.7,116.37,3,Standard,AllInclusive,0,8
3454,28.0,2.0,12.12,121.19,3,Deluxe,RoomOnly,0,8
3455,27.0,2.0,25.55,135.3,0,Deluxe,RoomOnly,0,7
3456,30.0,3.0,,88.76,4,Standard,RoomOnly,0,7
3457,39.0,4.0,12.15,148.77,3,Deluxe,RoomOnly,0,10
3458,31.0,5.0,23.86,147.08,3,Deluxe,RoomOnly,0,8
3459,21.0,1.0,18.92,187.92,1,Family,AllInclusive,0,9
3460,25.0,2.0,74.24,182.91,2,Deluxe,AllInclusive,0,10
3461,40.0,2.0,3.67,82.45,2,Standard,RoomOnly,0,10
3462,25.0,8.0,17.93,218.21,2,Suite,RoomOnly,0,9
3463,36.0,3.0,10.31,226.57,4,Suite,AllInclusive,0,10
3464,51.0,5.0,18.98,295.87,0,Suite,AllInclusive,0,9
3465,38.0,5.0,31.21,217.51,4,Suite,AllInclusive,0,10
3466,18.0,3.0,14.52,138.88,4,Standard,AllInclusive,0,9
3467,21.0,4.0,69.92,89.23,3,Standard,RoomOnly,0,6
3468,23.0,2.0,6.4,171.37,6,Family,AllInclusive,0,10
3469,37.0,2.0,24.86,99.32,0,Standard,RoomOnly,0,8
3470,25.0,6.0,12.94,259.27,5,Suite,AllInclusive,0,9
3471,37.0,4.0,16.13,202.72,3,Suite,RoomOnly,0,7
3472,47.0,3.0,40.8,183.37,5,Family,AllInclusive,0,8
3473,51.0,2.0,26.01,82.06,0,Standard,RoomOnly,0,7
3474,49.0,2.0,20.57,100.45,1,Standard,AllInclusive,0,10
3475,28.0,2.0,46.25,173.01,5,Family,AllInclusive,0,9
3476,36.0,1.0,47.57,141.99,1,Deluxe,AllInclusive,0,10
3477,32.0,3.0,12.89,118.89,1,Standard,AllInclusive,0,9
3478,55.0,1.0,22.23,223.59,1,Suite,RoomOnly,0,10
3479,40.0,1.0,19.41,155.46,3,Deluxe,AllInclusive,0,10
3480,38.0,1.0,11.82,149.26,2,Deluxe,RoomOnly,0,9
3481,24.0,5.0,16.04,82.22,6,Standard,RoomOnly,0,9
3482,37.0,4.0,35.41,196.37,6,Suite,RoomOnly,0,9
3483,46.0,1.0,,88.99,1,Standard,AllInclusive,0,8
3484,28.0,2.0,25.0,90.39,4,Standard,AllInclusive,1,4
3485,46.0,1.0,31.97,119.48,6,Standard,AllInclusive,0,7
3486,39.0,2.0,17.46,127.59,0,Family,RoomOnly,0,6
3487,31.0,3.0,,111.65,1,Deluxe,RoomOnly,0,10
3488,38.0,2.0,11.1,119.21,0,Deluxe,RoomOnly,0,5
3489,40.0,5.0,16.59,207.94,1,Family,AllInclusive,0,10
3490,18.0,2.0,15.92,76.86,5,Standard,RoomOnly,0,9
3491,46.0,2.0,13.38,169.95,3,Family,RoomOnly,0,8
3492,39.0,2.0,22.2,163.81,4,Family,RoomOnly,0,10
3493,28.0,3.0,7.53,180.86,6,Family,AllInclusive,0,10
3494,36.0,3.0,40.38,131.52,6,Deluxe,RoomOnly,1,6
3495,43.0,3.0,27.5,133.2,0,Deluxe,RoomOnly,0,8
3496,57.0,4.0,5.83,139.62,0,Deluxe,RoomOnly,0,10
3497,31.0,4.0,20.7,144.41,4,Deluxe,AllInclusive,0,10
3498,47.0,4.0,19.5,196.76,0,Family,AllInclusive,0,9
3499,31.0,2.0,61.95,98.55,5,Standard,RoomOnly,0,8
3500,20.0,2.0,28.23,127.34,6,Deluxe,RoomOnly,0,9
3501,27.0,2.0,27.24,184.38,5,Family,RoomOnly,0,9
3502,38.0,5.0,,174.55,6,Deluxe,AllInclusive,0,9
3503,49.0,2.0,35.29,125.34,5,Deluxe,RoomOnly,0,8
3504,24.0,2.0,20.2,159.82,5,Deluxe,AllInclusive,0,9
3505,26.0,2.0,29.45,118.39,0,Standard,AllInclusive,0,9
3506,48.0,4.0,42.79,166.08,4,Deluxe,AllInclusive,0,10
3507,27.0,2.0,53.47,263.93,0,Suite,RoomOnly,0,10
3508,35.0,2.0,40.41,125.8,4,Deluxe,RoomOnly,0,9
3509,34.0,2.0,36.56,126.62,4,Standard,AllInclusive,1,5
3510,32.0,3.0,9.89,210.04,2,Suite,RoomOnly,0,7
3511,34.0,3.0,57.39,148.37,5,Deluxe,RoomOnly,0,10
3512,28.0,1.0,35.85,118.62,3,Standard,AllInclusive,0,8
3513,40.0,4.0,32.5,73.53,2,Standard,RoomOnly,0,8
3514,45.0,4.0,66.93,93.98,0,Deluxe,RoomOnly,0,8
3515,19.0,3.0,27.97,165.85,3,Family,RoomOnly,0,10
3516,36.0,3.0,11.5,126.43,4,Deluxe,RoomOnly,0,6
3517,53.0,2.0,8.69,72.83,6,Standard,RoomOnly,0,6
3518,35.0,1.0,31.87,81.32,4,Standard,RoomOnly,0,9
3519,31.0,4.0,13.11,77.12,3,Standard,RoomOnly,1,6
3520,26.0,1.0,16.73,96.1,2,Standard,RoomOnly,0,8
3521,27.0,4.0,26.32,128.97,3,Standard,AllInclusive,0,10
3522,31.0,2.0,36.11,194.13,6,Suite,RoomOnly,0,9
3523,28.0,3.0,17.39,158.03,5,Deluxe,AllInclusive,0,9
3524,38.0,3.0,77.05,178.37,6,Family,AllInclusive,0,8
3525,31.0,3.0,42.6,197.73,1,Deluxe,AllInclusive,0,10
3526,35.0,7.0,38.72,212.66,3,Suite,RoomOnly,0,9
3527,23.0,4.0,15.71,162.85,0,Deluxe,AllInclusive,1,6
3528,22.0,3.0,21.46,80.04,4,Standard,RoomOnly,0,9
3529,33.0,1.0,40.2,84.06,3,Standard,AllInclusive,0,10
3530,18.0,2.0,8.96,64.51,2,Standard,RoomOnly,0,7
3531,45.0,1.0,43.5,157.9,3,Deluxe,RoomOnly,0,9
3532,39.0,1.0,12.41,239.4,4,Suite,RoomOnly,0,10
3533,26.0,4.0,7.65,196.94,3,Family,RoomOnly,0,8
3534,44.0,3.0,12.78,88.76,3,Standard,RoomOnly,0,8
3535,37.0,3.0,11.99,83.95,6,Standard,RoomOnly,1,6
3536,34.0,4.0,6.1,156.13,0,Family,RoomOnly,1,5
3537,39.0,1.0,32.52,111.18,5,Standard,AllInclusive,0,10
3538,28.0,3.0,50.0,95.39,5,Standard,RoomOnly,0,9
3539,39.0,5.0,29.39,220.41,1,Suite,AllInclusive,1,10
3540,46.0,3.0,15.74,69.32,6,Standard,RoomOnly,1,6
3541,29.0,1.0,8.57,167.34,0,Family,AllInclusive,0,10
3542,48.0,5.0,16.71,75.97,0,Standard,RoomOnly,0,7
3543,35.0,3.0,68.7,253.59,1,Suite,AllInclusive,0,10
3544,31.0,2.0,17.92,144.88,1,Deluxe,RoomOnly,0,7
3545,30.0,2.0,11.97,201.38,3,Family,AllInclusive,0,9
3546,29.0,2.0,29.07,82.85,1,Standard,RoomOnly,0,7
3547,30.0,7.0,49.2,236.64,1,Suite,AllInclusive,0,8
3548,46.0,4.0,13.73,114.33,1,Deluxe,RoomOnly,0,9
3549,44.0,2.0,32.65,171.51,6,Family,RoomOnly,0,8
3550,42.0,3.0,45.86,187.43,6,Suite,RoomOnly,0,9
3551,52.0,3.0,8.52,265.36,3,Suite,AllInclusive,0,10
3552,49.0,6.0,33.27,128.42,0,Standard,AllInclusive,0,9
3553,44.0,3.0,21.53,264.49,3,Suite,AllInclusive,0,9
3554,47.0,2.0,24.97,239.93,0,Suite,AllInclusive,0,10
3555,19.0,4.0,33.92,182.38,4,Deluxe,AllInclusive,0,10
3556,25.0,3.0,19.73,77.29,6,Standard,AllInclusive,1,6
3557,30.0,5.0,19.94,127.65,5,Deluxe,RoomOnly,0,7
3558,38.0,2.0,27.86,128.28,2,Deluxe,RoomOnly,0,9
3559,49.0,4.0,18.31,301.0,3,Suite,AllInclusive,0,10
3560,32.0,7.0,74.29,119.26,4,Standard,AllInclusive,0,9
3561,49.0,4.0,11.05,187.14,6,Family,RoomOnly,0,10
3562,34.0,1.0,18.45,162.0,4,Deluxe,AllInclusive,0,10
3563,41.0,3.0,15.03,74.81,4,Standard,RoomOnly,0,7
3564,32.0,2.0,13.52,180.92,6,Family,AllInclusive,0,9
3565,50.0,4.0,10.5,61.52,5,Standard,RoomOnly,0,10
3566,54.0,3.0,55.19,189.7,3,Deluxe,AllInclusive,0,9
3567,30.0,1.0,52.53,88.99,1,Standard,RoomOnly,1,7
3568,28.0,2.0,73.79,79.84,1,Standard,RoomOnly,1,6
3569,42.0,3.0,11.9,120.64,4,Deluxe,RoomOnly,0,8
3570,30.0,2.0,7.27,103.27,2,Deluxe,RoomOnly,0,7
3571,37.0,3.0,17.8,185.64,3,Family,RoomOnly,0,9
3572,53.0,4.0,45.76,229.2,3,Suite,RoomOnly,0,10
3573,31.0,5.0,8.15,209.89,3,Suite,RoomOnly,0,7
3574,42.0,2.0,22.89,255.61,5,Suite,RoomOnly,0,9
3575,45.0,4.0,44.43,221.85,5,Suite,RoomOnly,0,8
3576,32.0,2.0,23.41,118.98,3,Deluxe,RoomOnly,0,8
3577,47.0,2.0,65.98,238.44,0,Suite,AllInclusive,0,10
3578,56.0,3.0,13.15,83.95,2,Standard,RoomOnly,0,9
3579,21.0,3.0,33.15,143.01,4,Deluxe,AllInclusive,0,10
3580,47.0,2.0,10.2,162.84,6,Deluxe,AllInclusive,0,10
3581,36.0,2.0,6.81,125.77,4,Deluxe,RoomOnly,0,8
3582,39.0,6.0,,171.9,3,Deluxe,AllInclusive,0,10
3583,44.0,6.0,11.17,94.28,4,Standard,RoomOnly,0,9
3584,40.0,5.0,26.19,216.78,5,Suite,RoomOnly,0,8
3585,40.0,2.0,12.16,173.54,5,Family,RoomOnly,0,9
3586,53.0,4.0,40.43,103.01,1,Standard,AllInclusive,0,10
3587,19.0,3.0,12.09,119.17,3,Deluxe,RoomOnly,0,7
3588,26.0,1.0,16.72,217.07,0,Suite,RoomOnly,0,8
3589,39.0,7.0,22.55,151.01,5,Standard,AllInclusive,0,10
3590,28.0,3.0,25.78,274.55,3,Suite,RoomOnly,0,7
3591,32.0,2.0,7.67,161.4,4,Family,RoomOnly,0,10
3592,18.0,3.0,39.94,144.57,3,Family,RoomOnly,0,10
3593,51.0,1.0,72.86,66.64,0,Standard,RoomOnly,1,5
3594,42.0,3.0,47.01,165.56,0,Deluxe,AllInclusive,0,8
3595,35.0,2.0,38.74,160.39,1,Deluxe,AllInclusive,0,10
3596,38.0,3.0,9.93,117.14,5,Standard,AllInclusive,0,9
3597,43.0,2.0,3.34,215.47,0,Suite,RoomOnly,0,10
3598,24.0,4.0,12.49,123.69,6,Deluxe,RoomOnly,0,9
3599,28.0,2.0,15.42,106.63,2,Standard,RoomOnly,1,5
3600,41.0,1.0,49.12,165.04,3,Deluxe,AllInclusive,0,8
3601,41.0,5.0,94.99,71.05,3,Standard,RoomOnly,1,4
3602,50.0,4.0,60.57,125.58,1,Deluxe,AllInclusive,0,9
3603,45.0,3.0,7.76,150.39,4,Deluxe,RoomOnly,0,8
3604,21.0,1.0,,63.8,0,Standard,RoomOnly,0,7
3605,50.0,3.0,16.59,84.26,3,Standard,RoomOnly,0,9
3606,28.0,6.0,36.86,94.31,2,Standard,RoomOnly,0,7
3607,34.0,14.0,29.73,97.88,4,Standard,RoomOnly,0,8
3608,44.0,3.0,23.35,210.31,0,Family,AllInclusive,0,10
3609,37.0,2.0,27.59,114.2,2,Standard,AllInclusive,0,8
3610,32.0,2.0,13.35,58.16,6,Standard,RoomOnly,0,7
3611,18.0,4.0,43.07,152.55,5,Deluxe,AllInclusive,0,9
3612,36.0,3.0,14.7,172.79,1,Deluxe,AllInclusive,0,10
3613,32.0,4.0,4.98,101.72,0,Standard,AllInclusive,0,7
3614,52.0,1.0,20.93,235.58,0,Suite,RoomOnly,0,10
3615,43.0,1.0,7.19,233.58,2,Suite,RoomOnly,0,9
3616,48.0,6.0,33.3,115.94,1,Deluxe,RoomOnly,1,5
3617,24.0,5.0,77.95,147.74,6,Deluxe,RoomOnly,0,8
3618,32.0,2.0,11.49,257.4,3,Suite,AllInclusive,0,9
3619,54.0,2.0,46.23,87.22,4,Standard,RoomOnly,1,6
3620,46.0,3.0,42.68,148.87,5,Deluxe,RoomOnly,0,8
3621,28.0,2.0,34.83,186.43,2,Suite,RoomOnly,0,9
3622,32.0,3.0,41.25,68.94,1,Standard,RoomOnly,1,4
3623,33.0,3.0,,125.4,5,Deluxe,RoomOnly,0,9
3624,30.0,4.0,24.59,217.94,2,Suite,RoomOnly,0,10
3625,18.0,2.0,18.12,105.78,0,Standard,AllInclusive,0,7
3626,18.0,4.0,13.1,176.92,2,Family,RoomOnly,0,8
3627,36.0,1.0,31.45,134.52,3,Standard,AllInclusive,0,9
3628,18.0,1.0,39.62,162.94,3,Deluxe,AllInclusive,1,8
3629,39.0,4.0,36.55,109.73,5,Standard,AllInclusive,0,9
3630,18.0,2.0,57.73,70.4,1,Standard,RoomOnly,0,9
3631,38.0,6.0,11.83,144.35,3,Deluxe,RoomOnly,0,9
3632,31.0,7.0,15.43,67.91,3,Standard,RoomOnly,0,7
3633,32.0,1.0,36.55,190.88,0,Deluxe,AllInclusive,0,10
3634,33.0,2.0,35.93,81.32,4,Standard,RoomOnly,0,7
3635,49.0,2.0,73.07,83.87,3,Standard,RoomOnly,0,9
3636,38.0,1.0,59.72,138.23,5,Deluxe,RoomOnly,0,7
3637,23.0,4.0,30.7,170.06,2,Deluxe,AllInclusive,0,8
3638,36.0,4.0,54.95,147.86,1,Deluxe,AllInclusive,0,9
3639,30.0,2.0,22.6,194.73,6,Family,AllInclusive,0,10
3640,28.0,2.0,14.43,199.4,3,Suite,RoomOnly,0,7
3641,49.0,2.0,10.01,175.37,0,Family,RoomOnly,0,8
3642,56.0,2.0,13.65,293.91,2,Suite,AllInclusive,0,10
3643,49.0,4.0,61.34,250.24,5,Suite,AllInclusive,0,10
3644,43.0,2.0,35.72,210.8,4,Family,AllInclusive,0,10
3645,42.0,3.0,12.75,91.54,0,Standard,AllInclusive,1,6
3646,42.0,1.0,15.86,60.26,1,Standard,RoomOnly,0,7
3647,44.0,1.0,10.59,106.41,0,Standard,AllInclusive,0,9
3648,34.0,3.0,59.16,209.54,5,Suite,RoomOnly,1,6
3649,34.0,11.0,11.12,86.79,6,Standard,RoomOnly,0,8
3650,39.0,1.0,10.11,86.59,0,Standard,RoomOnly,1,6
3651,36.0,2.0,15.31,166.31,5,Deluxe,RoomOnly,0,8
3652,18.0,5.0,26.58,193.58,2,Suite,RoomOnly,0,8
3653,18.0,2.0,8.77,120.89,6,Standard,AllInclusive,0,8
3654,41.0,1.0,9.49,149.57,4,Deluxe,RoomOnly,0,10
3655,21.0,2.0,18.74,205.62,1,Family,AllInclusive,0,10
3656,42.0,5.0,29.23,235.47,2,Suite,RoomOnly,1,7
3657,29.0,2.0,40.94,106.83,0,Standard,AllInclusive,0,10
3658,27.0,4.0,,277.27,5,Suite,RoomOnly,0,8
3659,34.0,2.0,33.31,71.48,1,Standard,RoomOnly,0,7
3660,37.0,4.0,14.09,100.87,4,Standard,AllInclusive,0,9
3661,20.0,4.0,,235.77,3,Suite,RoomOnly,0,9
3662,28.0,5.0,41.62,240.46,0,Family,AllInclusive,0,10
3663,30.0,2.0,10.77,148.69,3,Standard,AllInclusive,0,8
3664,33.0,3.0,32.65,159.33,6,Deluxe,AllInclusive,0,10
3665,40.0,2.0,15.6,108.42,5,Deluxe,RoomOnly,0,9
3666,40.0,3.0,14.04,120.21,2,Deluxe,RoomOnly,0,10
3667,40.0,2.0,43.08,202.41,1,Suite,RoomOnly,0,9
3668,48.0,3.0,23.17,66.78,5,Standard,RoomOnly,0,9
3669,42.0,3.0,12.8,162.33,4,Deluxe,RoomOnly,0,9
3670,39.0,2.0,36.96,89.91,5,Standard,RoomOnly,0,8
3671,59.0,1.0,19.61,153.55,5,Deluxe,AllInclusive,0,7
3672,31.0,9.0,18.54,214.98,1,Suite,RoomOnly,0,9
3673,36.0,2.0,8.87,171.82,0,Deluxe,AllInclusive,0,10
3674,25.0,4.0,33.36,156.21,1,Family,RoomOnly,1,7
3675,23.0,2.0,8.34,127.95,3,Family,RoomOnly,0,9
3676,41.0,3.0,22.08,145.36,0,Deluxe,RoomOnly,1,7
3677,42.0,3.0,15.76,153.07,6,Deluxe,RoomOnly,0,9
3678,57.0,1.0,36.48,76.59,2,Standard,RoomOnly,0,7
3679,37.0,2.0,22.42,230.17,2,Suite,AllInclusive,0,9
3680,37.0,6.0,6.69,253.52,5,Suite,RoomOnly,0,10
3681,22.0,6.0,98.64,107.48,2,Standard,AllInclusive,1,5
3682,40.0,4.0,16.51,59.89,6,Standard,RoomOnly,0,8
3683,36.0,2.0,4.02,99.56,5,Standard,RoomOnly,1,6
3684,34.0,1.0,15.06,68.3,6,Standard,RoomOnly,0,9
3685,32.0,4.0,20.57,178.37,5,Family,RoomOnly,0,8
3686,22.0,8.0,9.26,167.1,6,Suite,RoomOnly,0,8
3687,29.0,3.0,21.99,135.44,2,Deluxe,RoomOnly,0,8
3688,42.0,1.0,33.18,130.95,3,Standard,AllInclusive,0,9
3689,28.0,8.0,32.58,94.0,5,Standard,RoomOnly,0,8
3690,40.0,2.0,14.92,262.7,3,Suite,AllInclusive,0,10
3691,31.0,4.0,18.74,80.63,6,Standard,RoomOnly,0,10
3692,28.0,3.0,13.09,246.07,6,Suite,RoomOnly,0,10
3693,56.0,7.0,44.24,181.17,6,Deluxe,AllInclusive,0,10
3694,41.0,3.0,12.52,121.01,1,Standard,AllInclusive,0,8
3695,37.0,3.0,,197.73,0,Family,AllInclusive,0,10
3696,55.0,4.0,19.77,248.54,6,Suite,AllInclusive,0,10
3697,38.0,3.0,21.64,89.52,6,Standard,RoomOnly,0,10
3698,29.0,2.0,34.13,67.65,1,Standard,RoomOnly,0,9
3699,36.0,4.0,25.8,114.38,3,Standard,RoomOnly,0,9
3700,30.0,5.0,23.54,159.48,3,Family,RoomOnly,0,9
3701,31.0,2.0,32.8,137.81,4,Deluxe,RoomOnly,0,9
3702,36.0,2.0,33.68,95.49,4,Standard,RoomOnly,0,8
3703,54.0,5.0,9.83,205.19,5,Suite,RoomOnly,0,8
3704,18.0,2.0,13.41,104.66,2,Standard,RoomOnly,1,6
3705,29.0,1.0,29.11,89.99,5,Standard,RoomOnly,1,5
3706,56.0,1.0,36.33,189.97,5,Suite,RoomOnly,0,9
3707,18.0,2.0,10.89,97.99,4,Standard,RoomOnly,0,7
3708,54.0,6.0,12.77,63.01,5,Standard,RoomOnly,0,6
3709,31.0,7.0,30.48,107.39,1,Standard,AllInclusive,0,9
3710,27.0,1.0,20.51,110.21,4,Standard,AllInclusive,0,10
3711,48.0,2.0,28.29,195.76,6,Suite,RoomOnly,0,9
3712,38.0,4.0,13.18,113.18,1,Deluxe,RoomOnly,0,8
3713,29.0,7.0,50.42,125.52,5,Deluxe,RoomOnly,1,7
3714,28.0,2.0,54.4,98.33,1,Standard,AllInclusive,0,10
3715,29.0,2.0,7.96,72.61,2,Standard,RoomOnly,1,5
3716,42.0,1.0,34.13,108.79,1,Deluxe,RoomOnly,0,6
3717,36.0,3.0,39.5,152.57,6,Family,RoomOnly,0,8
3718,35.0,2.0,12.22,68.8,3,Standard,RoomOnly,0,6
3719,45.0,1.0,23.67,158.99,4,Deluxe,AllInclusive,0,8
3720,31.0,2.0,11.14,198.62,6,Suite,RoomOnly,0,9
3721,41.0,1.0,17.91,253.97,3,Suite,AllInclusive,0,10
3722,43.0,2.0,,105.07,5,Standard,RoomOnly,0,8
3723,26.0,3.0,43.75,294.39,4,Suite,AllInclusive,0,10
3724,45.0,2.0,26.03,235.51,4,Suite,RoomOnly,0,9
3725,40.0,4.0,22.05,152.55,3,Deluxe,AllInclusive,0,8
3726,30.0,3.0,30.31,154.08,1,Family,AllInclusive,0,10
3727,50.0,1.0,17.51,155.75,3,Family,RoomOnly,0,8
3728,53.0,1.0,47.77,137.06,6,Deluxe,AllInclusive,0,9
3729,50.0,4.0,9.63,85.99,3,Standard,RoomOnly,0,9
3730,34.0,7.0,14.62,210.66,3,Family,AllInclusive,1,7
3731,21.0,2.0,33.01,147.96,3,Deluxe,RoomOnly,0,9
3732,35.0,3.0,14.37,109.44,5,Standard,AllInclusive,0,9
3733,41.0,7.0,45.08,121.72,5,Standard,AllInclusive,0,8
3734,36.0,2.0,48.8,148.68,3,Deluxe,AllInclusive,0,10
3735,38.0,2.0,17.71,50.45,1,Standard,RoomOnly,1,3
3736,33.0,3.0,8.4,135.54,5,Standard,AllInclusive,0,10
3737,18.0,4.0,,211.76,6,Family,AllInclusive,0,9
3738,35.0,2.0,6.28,228.43,5,Suite,AllInclusive,0,10
3739,35.0,2.0,51.09,202.71,5,Family,AllInclusive,0,8
3740,36.0,3.0,46.84,148.94,1,Deluxe,AllInclusive,1,7
3741,56.0,2.0,9.64,63.23,4,Standard,RoomOnly,0,8
3742,20.0,1.0,21.86,91.57,6,Standard,RoomOnly,0,6
3743,20.0,2.0,26.01,152.46,0,Family,AllInclusive,0,10
3744,21.0,3.0,15.21,177.26,2,Family,RoomOnly,0,8
3745,39.0,3.0,45.12,272.95,4,Suite,AllInclusive,0,10
3746,37.0,2.0,49.26,95.75,0,Standard,RoomOnly,0,7
3747,19.0,8.0,27.91,154.23,0,Deluxe,RoomOnly,1,5
3748,22.0,2.0,8.34,94.72,6,Standard,AllInclusive,1,6
3749,38.0,2.0,24.47,234.4,5,Suite,AllInclusive,0,10
3750,37.0,1.0,69.64,277.98,2,Suite,AllInclusive,0,10
3751,23.0,10.0,11.95,243.2,6,Suite,RoomOnly,0,10
3752,56.0,6.0,30.26,73.99,2,Standard,RoomOnly,1,4
3753,53.0,4.0,7.97,97.9,6,Standard,RoomOnly,0,9
3754,46.0,4.0,38.38,109.02,2,Standard,AllInclusive,0,9
3755,40.0,3.0,7.48,200.3,0,Suite,RoomOnly,0,7
3756,25.0,2.0,62.94,248.14,6,Suite,RoomOnly,1,7
3757,45.0,2.0,35.91,73.62,4,Standard,AllInclusive,0,9
3758,27.0,6.0,,289.54,3,Suite,AllInclusive,0,10
3759,31.0,1.0,17.77,135.16,0,Deluxe,RoomOnly,0,10
3760,41.0,3.0,9.8,206.42,4,Family,AllInclusive,0,10
3761,31.0,4.0,16.56,114.82,2,Standard,AllInclusive,0,9
3762,48.0,1.0,23.92,94.44,6,Standard,RoomOnly,0,9
3763,29.0,2.0,13.85,109.02,4,Deluxe,RoomOnly,0,7
3764,39.0,3.0,7.67,95.65,3,Standard,RoomOnly,0,8
3765,33.0,6.0,20.29,91.09,5,Standard,RoomOnly,0,6
3766,33.0,4.0,27.24,271.69,6,Suite,RoomOnly,0,10
3767,54.0,5.0,34.51,163.15,3,Family,RoomOnly,0,7
3768,29.0,3.0,15.71,81.29,0,Standard,RoomOnly,0,6
3769,49.0,2.0,18.08,170.49,0,Family,AllInclusive,1,8
3770,30.0,5.0,26.36,101.84,5,Deluxe,RoomOnly,0,8
3771,37.0,2.0,47.68,79.29,5,Standard,RoomOnly,0,8
3772,27.0,3.0,24.92,73.82,4,Standard,RoomOnly,0,8
3773,53.0,4.0,10.31,71.9,1,Standard,RoomOnly,0,9
3774,39.0,8.0,24.33,267.62,4,Suite,AllInclusive,0,10
3775,24.0,2.0,35.57,166.45,3,Deluxe,AllInclusive,0,9
3776,26.0,5.0,,119.89,2,Standard,AllInclusive,0,7
3777,31.0,8.0,12.71,86.8,3,Standard,RoomOnly,0,8
3778,40.0,2.0,18.87,157.76,1,Family,RoomOnly,0,8
3779,24.0,4.0,31.82,109.54,4,Standard,AllInclusive,0,9
3780,32.0,2.0,14.25,207.83,3,Suite,RoomOnly,0,9
3781,46.0,3.0,51.92,85.35,0,Standard,RoomOnly,0,8
3782,27.0,3.0,33.97,102.23,2,Standard,RoomOnly,0,8
3783,22.0,2.0,16.28,196.98,1,Family,AllInclusive,0,10
3784,49.0,2.0,7.11,80.02,1,Standard,RoomOnly,0,7
3785,47.0,5.0,35.05,109.69,4,Standard,AllInclusive,0,8
3786,32.0,3.0,16.18,102.56,6,Deluxe,RoomOnly,0,8
3787,32.0,1.0,8.55,123.39,5,Standard,AllInclusive,0,10
3788,35.0,3.0,57.89,265.61,6,Suite,AllInclusive,0,10
3789,46.0,3.0,21.18,167.79,4,Deluxe,AllInclusive,0,10
3790,19.0,5.0,13.16,255.08,0,Suite,RoomOnly,0,10
3791,25.0,2.0,15.36,72.38,3,Standard,RoomOnly,1,5
3792,36.0,1.0,14.69,138.38,0,Deluxe,RoomOnly,0,9
3793,29.0,3.0,53.23,108.2,4,Standard,AllInclusive,0,10
3794,31.0,3.0,7.75,239.42,6,Suite,AllInclusive,0,10
3795,24.0,6.0,14.38,68.18,1,Standard,RoomOnly,0,5
3796,35.0,3.0,30.89,121.92,1,Standard,AllInclusive,0,8
3797,37.0,3.0,14.34,113.33,6,Standard,RoomOnly,0,10
3798,41.0,5.0,19.74,264.95,2,Suite,AllInclusive,0,10
3799,36.0,2.0,33.56,172.23,4,Deluxe,AllInclusive,0,9
3800,41.0,1.0,25.55,156.89,3,Deluxe,AllInclusive,0,10
3801,22.0,2.0,10.58,145.46,2,Deluxe,RoomOnly,0,8
3802,29.0,3.0,67.04,119.94,1,Standard,AllInclusive,0,8
3803,24.0,1.0,10.42,163.74,5,Family,RoomOnly,0,6
3804,49.0,3.0,34.51,193.61,1,Suite,RoomOnly,0,7
3805,39.0,3.0,17.01,235.14,3,Suite,RoomOnly,0,9
3806,31.0,1.0,16.06,82.14,0,Standard,RoomOnly,0,7
3807,21.0,3.0,27.47,92.92,1,Standard,RoomOnly,0,7
3808,23.0,2.0,66.19,98.58,1,Standard,AllInclusive,1,5
3809,48.0,3.0,34.45,98.22,5,Deluxe,RoomOnly,0,10
3810,44.0,5.0,38.51,109.41,5,Standard,AllInclusive,0,8
3811,31.0,2.0,52.45,161.85,3,Deluxe,AllInclusive,0,10
3812,26.0,4.0,18.58,175.47,0,Deluxe,AllInclusive,0,10
3813,25.0,3.0,25.69,120.99,6,Deluxe,RoomOnly,0,9
3814,27.0,2.0,18.13,52.3,0,Standard,RoomOnly,1,3
3815,37.0,3.0,14.2,219.95,6,Suite,RoomOnly,0,9
3816,35.0,2.0,30.12,145.41,6,Deluxe,RoomOnly,0,7
3817,53.0,7.0,6.26,145.15,1,Deluxe,RoomOnly,0,8
3818,29.0,1.0,52.61,173.97,1,Family,RoomOnly,1,7
3819,36.0,8.0,19.96,224.35,0,Suite,RoomOnly,0,10
3820,31.0,2.0,13.51,155.49,3,Deluxe,AllInclusive,0,9
3821,29.0,4.0,16.09,239.16,0,Suite,RoomOnly,0,9
3822,51.0,3.0,21.48,217.72,5,Suite,RoomOnly,0,9
3823,46.0,2.0,,152.07,2,Deluxe,AllInclusive,0,8
3824,55.0,1.0,,95.24,5,Standard,RoomOnly,0,6
3825,42.0,2.0,18.49,151.88,6,Deluxe,AllInclusive,0,9
3826,23.0,4.0,19.36,174.37,4,Family,RoomOnly,0,8
3827,38.0,2.0,29.51,110.76,3,Deluxe,RoomOnly,0,7
3828,30.0,3.0,14.3,101.66,5,Standard,AllInclusive,1,5
3829,47.0,2.0,13.57,155.47,5,Deluxe,RoomOnly,0,10
3830,43.0,2.0,16.51,192.38,6,Suite,RoomOnly,0,8
3831,31.0,1.0,48.69,111.36,5,Deluxe,RoomOnly,0,9
3832,25.0,3.0,17.53,74.2,1,Standard,RoomOnly,0,8
3833,18.0,4.0,27.22,156.34,1,Family,RoomOnly,0,7
3834,34.0,3.0,22.89,126.75,5,Deluxe,RoomOnly,0,9
3835,43.0,3.0,21.41,84.41,5,Standard,RoomOnly,0,7
3836,29.0,10.0,29.93,131.54,4,Standard,AllInclusive,0,10
3837,31.0,2.0,15.96,135.54,6,Deluxe,RoomOnly,0,9
3838,48.0,5.0,11.17,96.4,6,Standard,AllInclusive,0,9
3839,39.0,4.0,20.77,72.48,0,Standard,RoomOnly,0,9
3840,20.0,3.0,49.69,117.84,0,Standard,AllInclusive,0,10
3841,27.0,2.0,14.15,230.06,3,Suite,RoomOnly,0,9
3842,34.0,3.0,4.02,121.93,2,Deluxe,RoomOnly,0,7
3843,41.0,2.0,18.12,176.43,5,Suite,RoomOnly,0,8
3844,32.0,2.0,11.61,91.36,5,Standard,RoomOnly,0,7
3845,24.0,4.0,10.93,225.01,4,Suite,RoomOnly,0,8
3846,42.0,2.0,28.18,144.45,0,Deluxe,AllInclusive,0,9
3847,41.0,5.0,18.02,91.24,4,Standard,RoomOnly,0,8
3848,18.0,1.0,10.9,137.09,6,Deluxe,RoomOnly,0,6
3849,46.0,2.0,8.86,146.11,6,Deluxe,RoomOnly,0,10
3850,40.0,3.0,12.3,160.93,1,Family,RoomOnly,0,8
3851,29.0,4.0,15.27,170.3,3,Family,RoomOnly,0,9
3852,33.0,3.0,31.72,226.25,1,Suite,AllInclusive,0,8
3853,45.0,3.0,26.1,89.41,5,Standard,RoomOnly,0,6
3854,37.0,5.0,8.53,236.66,0,Suite,AllInclusive,0,10
3855,25.0,4.0,19.0,281.52,0,Suite,AllInclusive,0,10
3856,27.0,3.0,76.11,130.98,5,Deluxe,RoomOnly,0,9
3857,18.0,2.0,26.66,80.64,3,Standard,RoomOnly,1,7
3858,32.0,5.0,24.71,172.59,6,Deluxe,AllInclusive,0,10
3859,49.0,3.0,,73.53,1,Standard,RoomOnly,0,6
3860,35.0,2.0,112.26,282.12,1,Suite,AllInclusive,0,10
3861,53.0,3.0,11.94,88.04,6,Standard,AllInclusive,0,8
3862,39.0,3.0,,177.94,2,Deluxe,AllInclusive,0,10
3863,30.0,6.0,24.57,239.2,2,Suite,RoomOnly,0,8
3864,24.0,5.0,32.28,133.47,3,Deluxe,RoomOnly,0,10
3865,22.0,2.0,43.24,127.84,6,Deluxe,RoomOnly,0,8
3866,21.0,2.0,10.36,97.56,0,Deluxe,RoomOnly,0,8
3867,43.0,2.0,8.25,232.85,4,Suite,RoomOnly,0,8
3868,29.0,1.0,,182.78,4,Family,RoomOnly,0,8
3869,33.0,2.0,16.48,188.8,5,Family,RoomOnly,0,9
3870,43.0,5.0,5.39,239.79,5,Suite,RoomOnly,0,8
3871,31.0,2.0,11.35,60.56,3,Standard,RoomOnly,0,9
3872,23.0,4.0,18.85,172.28,5,Deluxe,AllInclusive,0,9
3873,25.0,5.0,4.93,229.91,4,Suite,AllInclusive,0,10
3874,27.0,1.0,17.51,133.07,1,Deluxe,RoomOnly,0,9
3875,24.0,7.0,3.69,200.45,6,Suite,RoomOnly,0,9
3876,24.0,5.0,43.44,99.86,6,Standard,RoomOnly,0,8
3877,25.0,3.0,,82.1,4,Standard,RoomOnly,0,7
3878,44.0,4.0,34.96,137.26,3,Deluxe,RoomOnly,0,7
3879,31.0,4.0,11.87,89.4,6,Standard,RoomOnly,0,8
3880,26.0,4.0,10.12,87.41,1,Standard,RoomOnly,0,7
3881,23.0,4.0,131.45,180.31,3,Deluxe,AllInclusive,0,9
3882,38.0,3.0,32.61,70.87,4,Standard,RoomOnly,0,9
3883,30.0,2.0,23.31,116.32,2,Standard,AllInclusive,0,10
3884,44.0,4.0,18.89,149.58,0,Deluxe,AllInclusive,0,10
3885,29.0,3.0,31.75,116.07,2,Standard,AllInclusive,0,8
3886,24.0,5.0,30.72,187.02,2,Deluxe,AllInclusive,0,8
3887,37.0,3.0,17.86,248.18,5,Suite,RoomOnly,0,9
3888,32.0,3.0,29.14,83.04,5,Standard,RoomOnly,0,8
3889,29.0,3.0,32.96,120.27,6,Deluxe,RoomOnly,0,9
3890,55.0,4.0,13.17,167.44,2,Family,RoomOnly,0,9
3891,33.0,1.0,44.2,119.85,1,Standard,AllInclusive,0,8
3892,35.0,1.0,63.44,109.25,4,Standard,AllInclusive,0,10
3893,43.0,4.0,30.62,75.11,2,Standard,RoomOnly,0,6
3894,21.0,2.0,23.12,131.14,4,Standard,AllInclusive,0,9
3895,37.0,2.0,19.71,90.31,2,Standard,RoomOnly,0,9
3896,54.0,4.0,29.49,240.1,2,Suite,RoomOnly,0,8
3897,31.0,4.0,20.83,133.09,4,Family,RoomOnly,0,8
3898,32.0,2.0,10.81,96.6,5,Deluxe,RoomOnly,0,8
3899,18.0,2.0,9.69,246.66,2,Suite,RoomOnly,0,6
3900,18.0,2.0,,134.76,4,Standard,AllInclusive,0,10
3901,48.0,1.0,7.99,204.55,3,Suite,RoomOnly,0,8
3902,49.0,2.0,39.36,117.88,0,Deluxe,RoomOnly,0,8
3903,30.0,3.0,15.66,77.23,5,Standard,RoomOnly,0,9
3904,54.0,2.0,14.53,201.89,4,Deluxe,AllInclusive,0,9
3905,42.0,4.0,27.83,193.76,1,Family,AllInclusive,0,9
3906,35.0,1.0,7.26,107.27,1,Deluxe,RoomOnly,1,6
3907,43.0,3.0,,77.86,4,Standard,RoomOnly,0,8
3908,46.0,8.0,15.74,245.24,5,Suite,RoomOnly,0,9
3909,18.0,3.0,32.13,210.23,1,Suite,RoomOnly,0,8
3910,51.0,2.0,38.06,110.09,6,Standard,RoomOnly,1,4
3911,34.0,2.0,22.29,269.95,4,Suite,AllInclusive,0,9
3912,21.0,1.0,58.25,255.06,4,Suite,AllInclusive,0,10
3913,27.0,2.0,9.16,191.47,2,Suite,RoomOnly,0,9
3914,18.0,4.0,51.8,260.67,5,Suite,RoomOnly,0,10
3915,32.0,3.0,13.56,131.81,2,Deluxe,RoomOnly,0,7
3916,46.0,2.0,27.8,212.49,6,Family,AllInclusive,0,10
3917,48.0,3.0,25.09,122.29,0,Deluxe,RoomOnly,0,9
3918,35.0,4.0,27.61,127.53,2,Standard,AllInclusive,1,5
3919,23.0,4.0,32.68,87.86,1,Standard,RoomOnly,0,7
3920,23.0,2.0,13.21,82.8,0,Standard,RoomOnly,0,9
3921,37.0,2.0,17.64,169.13,4,Deluxe,AllInclusive,0,9
3922,25.0,3.0,3.84,80.74,1,Standard,RoomOnly,1,5
3923,34.0,6.0,18.46,136.05,6,Deluxe,RoomOnly,0,10
3924,23.0,1.0,13.2,139.09,4,Family,RoomOnly,0,9
3925,35.0,2.0,41.4,228.49,0,Suite,RoomOnly,0,10
3926,27.0,4.0,9.49,103.7,3,Standard,RoomOnly,0,10
3927,30.0,2.0,,94.36,1,Standard,RoomOnly,1,5
3928,44.0,3.0,24.65,133.71,5,Deluxe,AllInclusive,0,8
3929,26.0,2.0,30.68,169.8,4,Deluxe,AllInclusive,1,7
3930,20.0,1.0,17.24,154.38,0,Deluxe,RoomOnly,0,10
3931,28.0,3.0,44.98,201.63,4,Family,AllInclusive,0,10
3932,33.0,3.0,28.98,90.17,2,Standard,RoomOnly,0,6
3933,33.0,2.0,43.8,96.69,2,Family,RoomOnly,0,10
3934,35.0,3.0,18.68,116.14,2,Deluxe,RoomOnly,1,6
3935,18.0,2.0,45.32,187.13,2,Family,RoomOnly,0,8
3936,23.0,2.0,16.61,133.54,4,Deluxe,AllInclusive,1,5
3937,18.0,4.0,15.36,254.58,4,Suite,AllInclusive,0,10
3938,41.0,1.0,37.92,73.51,0,Standard,RoomOnly,0,10
3939,18.0,3.0,32.92,241.68,1,Suite,AllInclusive,0,10
3940,18.0,3.0,17.84,122.51,1,Standard,AllInclusive,0,8
3941,26.0,3.0,12.37,94.42,5,Standard,AllInclusive,0,9
3942,36.0,5.0,18.16,71.74,5,Standard,RoomOnly,0,7
3943,30.0,5.0,18.98,147.33,4,Deluxe,RoomOnly,1,6
3944,36.0,2.0,9.17,159.29,5,Family,RoomOnly,0,10
3945,20.0,2.0,37.36,161.35,4,Deluxe,AllInclusive,0,9
3946,28.0,2.0,18.02,91.13,5,Standard,RoomOnly,0,6
3947,39.0,1.0,72.18,277.04,3,Suite,AllInclusive,0,10
3948,43.0,9.0,,56.55,5,Standard,RoomOnly,1,5
3949,29.0,3.0,71.38,240.02,2,Suite,RoomOnly,0,10
3950,27.0,1.0,21.66,215.77,2,Suite,RoomOnly,0,9
3951,31.0,3.0,28.6,234.25,1,Suite,AllInclusive,0,9
3952,38.0,1.0,25.94,132.95,0,Deluxe,AllInclusive,0,8
3953,26.0,2.0,11.64,97.8,5,Standard,AllInclusive,0,8
3954,42.0,7.0,17.03,164.34,5,Family,RoomOnly,0,8
3955,42.0,2.0,76.39,88.21,1,Standard,RoomOnly,1,4
3956,42.0,3.0,30.27,212.86,4,Suite,RoomOnly,1,9
3957,44.0,3.0,78.85,177.6,4,Deluxe,AllInclusive,0,8
3958,31.0,1.0,11.95,124.36,1,Standard,AllInclusive,1,7
3959,39.0,5.0,47.42,193.46,3,Family,AllInclusive,0,10
3960,25.0,2.0,39.12,167.96,1,Family,RoomOnly,0,10
3961,46.0,1.0,45.04,131.33,2,Deluxe,RoomOnly,0,9
3962,28.0,4.0,22.2,85.41,0,Standard,RoomOnly,1,6
3963,50.0,2.0,45.75,82.18,1,Standard,AllInclusive,0,9
3964,61.0,2.0,16.53,139.26,6,Family,RoomOnly,0,9
3965,34.0,2.0,17.83,74.06,4,Standard,RoomOnly,0,5
3966,40.0,5.0,29.54,195.43,0,Suite,RoomOnly,0,8
3967,33.0,2.0,9.66,116.9,3,Standard,AllInclusive,0,10
3968,31.0,4.0,23.89,151.94,2,Family,RoomOnly,0,10
3969,18.0,5.0,28.73,90.43,4,Standard,RoomOnly,0,7
3970,34.0,3.0,8.5,153.64,1,Deluxe,RoomOnly,0,9
3971,40.0,3.0,11.66,204.68,0,Suite,RoomOnly,1,6
3972,18.0,1.0,14.0,230.85,0,Suite,AllInclusive,0,10
3973,59.0,4.0,37.7,198.09,2,Deluxe,AllInclusive,0,10
3974,28.0,3.0,20.17,131.85,2,Standard,AllInclusive,0,8
3975,30.0,2.0,19.95,97.17,6,Standard,RoomOnly,0,9
3976,19.0,1.0,26.61,84.11,6,Standard,RoomOnly,1,4
3977,31.0,2.0,20.68,221.29,1,Suite,RoomOnly,0,9
3978,31.0,3.0,55.85,173.64,3,Family,RoomOnly,0,10
3979,50.0,2.0,33.38,97.21,1,Standard,RoomOnly,0,7
3980,18.0,2.0,16.12,125.33,3,Deluxe,RoomOnly,0,8
3981,36.0,2.0,55.41,73.74,5,Standard,RoomOnly,0,8
3982,44.0,6.0,95.55,107.75,4,Standard,AllInclusive,0,10
3983,26.0,4.0,97.33,135.5,6,Deluxe,AllInclusive,0,10
3984,41.0,3.0,35.04,282.73,0,Suite,AllInclusive,0,10
3985,37.0,2.0,43.75,109.89,5,Deluxe,RoomOnly,0,8
3986,35.0,5.0,24.77,296.06,6,Suite,AllInclusive,0,10
3987,32.0,2.0,14.11,226.02,6,Suite,RoomOnly,0,10
3988,28.0,2.0,36.92,239.88,5,Suite,AllInclusive,0,10
3989,32.0,4.0,20.93,152.97,5,Deluxe,AllInclusive,0,8
3990,26.0,1.0,10.21,195.14,5,Suite,RoomOnly,0,10
3991,43.0,3.0,19.83,156.92,1,Family,RoomOnly,1,7
3992,31.0,2.0,35.86,107.78,6,Standard,AllInclusive,1,5
3993,31.0,3.0,29.72,126.98,3,Deluxe,RoomOnly,0,7
3994,18.0,2.0,23.19,115.36,0,Standard,AllInclusive,0,9
3995,55.0,4.0,30.45,101.25,1,Standard,RoomOnly,1,5
3996,33.0,3.0,12.59,144.13,1,Deluxe,RoomOnly,1,6
3997,40.0,3.0,6.0,226.75,2,Suite,RoomOnly,0,8
3998,51.0,2.0,8.05,160.42,1,Family,RoomOnly,0,6
3999,29.0,3.0,14.67,90.2,4,Standard,RoomOnly,0,6
4000,26.0,3.0,14.63,244.72,0,Suite,RoomOnly,0,10
4001,43.0,2.0,21.48,233.26,4,Suite,AllInclusive,0,10
4002,39.0,4.0,8.25,207.4,2,Family,RoomOnly,0,10
4003,44.0,8.0,25.94,187.9,6,Deluxe,AllInclusive,0,10
4004,53.0,1.0,74.24,300.01,3,Suite,AllInclusive,0,10
4005,33.0,4.0,,118.67,6,Standard,AllInclusive,0,10
4006,19.0,7.0,5.94,87.77,3,Standard,RoomOnly,0,8
4007,32.0,2.0,28.27,185.89,5,Suite,RoomOnly,0,9
4008,36.0,3.0,23.1,183.29,1,Suite,RoomOnly,0,8
4009,52.0,6.0,47.74,126.33,5,Standard,AllInclusive,0,7
4010,31.0,4.0,20.48,91.51,3,Standard,RoomOnly,0,8
4011,18.0,4.0,,77.0,4,Standard,RoomOnly,0,7
4012,22.0,3.0,38.34,191.1,2,Deluxe,AllInclusive,1,7
4013,38.0,3.0,18.94,158.73,1,Family,RoomOnly,0,9
4014,40.0,2.0,31.32,260.11,6,Suite,AllInclusive,0,8
4015,18.0,1.0,29.08,124.11,3,Standard,AllInclusive,0,9
4016,27.0,2.0,12.51,149.74,0,Deluxe,RoomOnly,0,8
4017,24.0,3.0,6.72,170.32,2,Deluxe,AllInclusive,0,10
4018,26.0,3.0,28.54,175.2,0,Family,RoomOnly,0,10
4019,49.0,2.0,32.49,274.57,3,Suite,AllInclusive,0,9
4020,40.0,5.0,32.01,98.55,2,Standard,RoomOnly,0,9
4021,28.0,2.0,48.4,139.25,0,Deluxe,RoomOnly,0,8
4022,37.0,3.0,15.49,233.32,6,Suite,RoomOnly,0,10
4023,49.0,3.0,22.58,134.41,5,Deluxe,RoomOnly,0,10
4024,27.0,2.0,34.19,270.91,2,Suite,AllInclusive,0,10
4025,30.0,10.0,16.93,184.58,2,Family,RoomOnly,0,9
4026,42.0,2.0,21.86,260.07,1,Suite,RoomOnly,0,10
4027,42.0,2.0,12.07,131.63,4,Deluxe,RoomOnly,0,9
4028,23.0,2.0,16.02,179.8,1,Family,AllInclusive,0,9
4029,38.0,4.0,12.88,245.0,2,Suite,RoomOnly,0,8
4030,40.0,6.0,32.5,197.71,5,Family,AllInclusive,0,9
4031,20.0,2.0,22.94,212.39,5,Suite,RoomOnly,0,10
4032,27.0,4.0,26.04,124.27,6,Deluxe,RoomOnly,1,6
4033,40.0,1.0,20.97,81.68,3,Standard,RoomOnly,0,8
4034,18.0,5.0,11.36,82.06,4,Standard,RoomOnly,0,8
4035,41.0,4.0,12.11,212.9,5,Suite,RoomOnly,0,9
4036,48.0,2.0,27.06,86.4,2,Standard,RoomOnly,0,7
4037,32.0,2.0,,175.63,2,Family,AllInclusive,0,9
4038,32.0,7.0,4.62,112.12,0,Standard,AllInclusive,0,10
4039,46.0,1.0,40.28,78.8,0,Standard,AllInclusive,0,9
4040,37.0,5.0,23.98,83.18,2,Standard,RoomOnly,0,7
4041,24.0,2.0,25.29,167.26,2,Family,AllInclusive,0,8
4042,33.0,3.0,107.21,97.04,1,Standard,RoomOnly,0,9
4043,44.0,3.0,29.0,258.07,4,Suite,AllInclusive,0,10
4044,43.0,3.0,18.42,101.02,5,Standard,AllInclusive,0,10
4045,34.0,3.0,18.0,77.39,2,Standard,RoomOnly,0,7
4046,36.0,2.0,14.9,218.09,1,Suite,RoomOnly,0,10
4047,38.0,3.0,6.78,234.97,3,Suite,RoomOnly,0,8
4048,24.0,2.0,26.5,70.46,4,Standard,RoomOnly,0,6
4049,37.0,3.0,35.73,186.11,1,Family,RoomOnly,1,5
4050,29.0,2.0,30.6,150.3,4,Deluxe,RoomOnly,1,8
4051,36.0,3.0,41.77,71.05,5,Standard,RoomOnly,0,10
4052,38.0,2.0,19.42,130.75,6,Deluxe,RoomOnly,0,9
4053,35.0,1.0,14.82,140.94,5,Standard,AllInclusive,0,9
4054,33.0,5.0,19.73,183.65,6,Family,AllInclusive,0,10
4055,38.0,4.0,42.06,91.17,1,Standard,RoomOnly,1,5
4056,37.0,2.0,24.82,154.97,0,Family,RoomOnly,0,8
4057,46.0,2.0,,286.57,1,Suite,RoomOnly,0,10
4058,33.0,1.0,42.53,243.89,2,Suite,RoomOnly,0,8
4059,36.0,2.0,27.73,75.12,4,Standard,RoomOnly,0,6
4060,18.0,2.0,9.43,66.21,0,Standard,RoomOnly,0,9
4061,34.0,2.0,11.64,131.72,5,Deluxe,RoomOnly,0,9
4062,48.0,1.0,30.1,178.91,6,Deluxe,AllInclusive,0,10
4063,48.0,4.0,15.73,106.22,5,Deluxe,RoomOnly,0,8
4064,31.0,3.0,41.37,155.95,5,Suite,RoomOnly,0,9
4065,29.0,2.0,5.36,79.85,3,Standard,RoomOnly,0,9
4066,28.0,3.0,20.23,154.78,2,Deluxe,RoomOnly,0,8
4067,26.0,3.0,47.41,175.03,6,Deluxe,AllInclusive,0,8
4068,39.0,4.0,25.83,87.61,6,Standard,RoomOnly,0,7
4069,48.0,2.0,7.54,89.34,6,Standard,RoomOnly,0,7
4070,38.0,2.0,22.08,115.95,6,Standard,AllInclusive,0,8
4071,18.0,3.0,21.39,199.89,4,Suite,RoomOnly,1,5
4072,34.0,3.0,15.07,243.28,0,Suite,AllInclusive,0,10
4073,39.0,2.0,54.14,123.23,4,Standard,AllInclusive,1,8
4074,39.0,2.0,5.85,81.76,5,Standard,RoomOnly,0,7
4075,40.0,8.0,,100.3,0,Standard,RoomOnly,0,10
4076,40.0,3.0,24.27,166.93,0,Deluxe,AllInclusive,0,7
4077,28.0,1.0,19.5,91.12,6,Standard,AllInclusive,0,9
4078,18.0,3.0,12.53,95.22,6,Standard,RoomOnly,0,7
4079,26.0,5.0,27.72,113.65,4,Deluxe,RoomOnly,0,8
4080,18.0,3.0,38.16,128.43,6,Deluxe,AllInclusive,1,7
4081,39.0,3.0,37.92,166.1,0,Family,RoomOnly,0,10
4082,18.0,4.0,32.08,134.34,1,Deluxe,RoomOnly,0,6
4083,36.0,2.0,12.36,168.73,6,Family,AllInclusive,0,9
4084,53.0,6.0,9.07,228.62,6,Suite,RoomOnly,0,9
4085,41.0,6.0,17.27,234.23,6,Suite,RoomOnly,0,9
4086,27.0,2.0,24.48,65.36,5,Standard,RoomOnly,0,8
4087,29.0,1.0,48.67,191.42,0,Family,AllInclusive,0,10
4088,44.0,2.0,33.03,239.5,2,Suite,RoomOnly,0,8
4089,31.0,7.0,63.99,111.83,5,Standard,AllInclusive,0,8
4090,25.0,2.0,53.86,182.06,4,Deluxe,AllInclusive,0,9
4091,47.0,5.0,19.46,247.79,2,Suite,RoomOnly,0,9
4092,52.0,2.0,18.65,234.1,6,Suite,RoomOnly,0,10
4093,35.0,6.0,20.74,155.25,3,Family,AllInclusive,0,9
4094,37.0,1.0,29.0,77.95,0,Standard,RoomOnly,0,8
4095,31.0,4.0,54.29,144.77,5,Deluxe,RoomOnly,1,6
4096,30.0,2.0,47.91,239.51,4,Suite,AllInclusive,0,9
4097,37.0,2.0,12.01,68.31,5,Standard,RoomOnly,1,3
4098,35.0,2.0,46.14,79.07,0,Standard,RoomOnly,0,6
4099,34.0,2.0,19.21,123.24,6,Deluxe,RoomOnly,0,10
4100,33.0,2.0,3.45,97.89,6,Standard,RoomOnly,0,8
4101,65.0,4.0,7.54,80.79,5,Standard,RoomOnly,0,9
4102,24.0,4.0,15.35,96.74,3,Standard,RoomOnly,0,9
4103,34.0,2.0,32.84,168.84,5,Family,RoomOnly,0,7
4104,38.0,6.0,31.11,198.23,5,Family,RoomOnly,0,9
4105,26.0,3.0,17.61,211.68,1,Suite,RoomOnly,0,10
4106,33.0,1.0,,256.82,2,Suite,AllInclusive,0,9
4107,47.0,2.0,30.07,180.51,5,Deluxe,AllInclusive,0,10
4108,30.0,3.0,19.06,229.28,1,Suite,RoomOnly,0,10
4109,44.0,3.0,15.42,111.83,1,Standard,AllInclusive,0,8
4110,39.0,1.0,8.78,78.9,0,Standard,RoomOnly,0,7
4111,33.0,2.0,13.74,79.13,0,Standard,RoomOnly,0,8
4112,33.0,3.0,3.99,96.73,3,Standard,RoomOnly,0,9
4113,37.0,3.0,18.64,212.69,2,Deluxe,AllInclusive,0,9
4114,25.0,3.0,48.65,83.29,1,Standard,RoomOnly,1,5
4115,43.0,7.0,8.99,120.3,5,Standard,AllInclusive,0,8
4116,40.0,2.0,40.7,293.9,0,Suite,AllInclusive,0,10
4117,35.0,2.0,33.37,63.26,4,Standard,RoomOnly,0,9
4118,32.0,3.0,11.32,157.83,1,Family,RoomOnly,0,10
4119,22.0,4.0,28.15,98.51,2,Standard,RoomOnly,0,8
4120,42.0,2.0,16.59,161.24,3,Deluxe,AllInclusive,0,7
4121,34.0,6.0,34.77,142.64,0,Deluxe,RoomOnly,0,9
4122,28.0,3.0,18.26,110.35,3,Deluxe,RoomOnly,0,6
4123,28.0,3.0,37.83,104.55,1,Standard,AllInclusive,1,8
4124,38.0,6.0,6.96,181.87,0,Suite,RoomOnly,1,8
4125,40.0,2.0,12.55,101.87,3,Standard,RoomOnly,1,3
4126,25.0,2.0,62.17,176.94,4,Family,AllInclusive,0,10
4127,27.0,3.0,22.69,139.02,4,Family,RoomOnly,0,8
4128,29.0,3.0,74.86,83.39,6,Standard,AllInclusive,0,9
4129,39.0,2.0,27.0,150.21,2,Deluxe,RoomOnly,0,8
4130,27.0,6.0,18.21,73.81,5,Standard,RoomOnly,0,7
4131,34.0,2.0,11.43,181.57,1,Family,RoomOnly,0,8
4132,39.0,3.0,15.08,75.47,2,Standard,RoomOnly,0,8
4133,39.0,1.0,49.38,63.38,1,Standard,RoomOnly,0,4
4134,27.0,4.0,19.75,165.12,2,Deluxe,AllInclusive,0,10
4135,40.0,3.0,5.57,116.63,4,Deluxe,RoomOnly,0,8
4136,35.0,4.0,9.61,123.66,1,Standard,AllInclusive,0,9
4137,33.0,3.0,30.26,168.56,3,Family,RoomOnly,0,10
4138,27.0,3.0,31.85,111.52,1,Standard,AllInclusive,0,8
4139,34.0,1.0,15.09,152.97,4,Deluxe,RoomOnly,0,9
4140,31.0,2.0,56.15,219.75,4,Suite,RoomOnly,0,9
4141,29.0,2.0,18.75,169.98,1,Deluxe,AllInclusive,0,10
4142,27.0,3.0,25.57,174.95,3,Family,RoomOnly,0,7
4143,25.0,3.0,29.23,96.73,5,Standard,AllInclusive,0,9
4144,42.0,5.0,64.37,119.49,4,Standard,AllInclusive,0,8
4145,31.0,2.0,15.27,174.35,1,Family,AllInclusive,0,8
4146,55.0,4.0,29.48,240.32,1,Suite,AllInclusive,0,9
4147,34.0,2.0,17.23,138.62,4,Standard,AllInclusive,0,10
4148,18.0,12.0,32.94,271.89,4,Suite,AllInclusive,0,10
4149,35.0,2.0,12.92,64.91,6,Standard,RoomOnly,0,6
4150,37.0,2.0,17.68,76.3,3,Standard,RoomOnly,0,8
4151,36.0,4.0,21.7,151.07,0,Deluxe,AllInclusive,0,9
4152,49.0,2.0,38.34,162.32,2,Family,AllInclusive,0,9
4153,28.0,2.0,78.66,179.73,2,Family,AllInclusive,0,10
4154,48.0,3.0,39.68,240.53,6,Suite,AllInclusive,0,10
4155,33.0,4.0,16.33,218.51,2,Suite,RoomOnly,1,7
4156,28.0,4.0,29.49,281.38,3,Suite,RoomOnly,0,9
4157,47.0,3.0,29.55,169.05,0,Deluxe,RoomOnly,0,8
4158,40.0,5.0,25.76,251.84,0,Suite,AllInclusive,0,9
4159,28.0,3.0,16.62,145.45,0,Deluxe,AllInclusive,0,8
4160,44.0,2.0,27.64,65.38,6,Standard,RoomOnly,0,7
4161,18.0,2.0,52.91,104.33,0,Standard,AllInclusive,0,7
4162,33.0,5.0,47.56,153.51,4,Deluxe,AllInclusive,0,10
4163,36.0,4.0,33.37,81.58,6,Standard,RoomOnly,0,7
4164,34.0,1.0,46.49,245.44,2,Suite,AllInclusive,0,9
4165,45.0,4.0,7.7,85.52,1,Standard,RoomOnly,0,8
4166,44.0,2.0,40.9,258.1,0,Suite,RoomOnly,0,9
4167,30.0,3.0,18.73,149.61,6,Deluxe,AllInclusive,0,9
4168,36.0,1.0,,170.19,2,Family,AllInclusive,0,8
4169,37.0,2.0,18.53,80.12,5,Standard,RoomOnly,0,9
4170,41.0,2.0,13.35,77.16,0,Standard,RoomOnly,0,8
4171,26.0,2.0,23.55,192.73,6,Family,RoomOnly,0,8
4172,28.0,2.0,9.75,162.77,1,Family,RoomOnly,1,6
4173,47.0,3.0,39.9,172.39,5,Family,AllInclusive,0,8
4174,34.0,2.0,30.57,169.36,3,Family,AllInclusive,0,8
4175,43.0,2.0,46.14,221.22,2,Suite,AllInclusive,0,10
4176,45.0,3.0,35.13,68.77,0,Standard,RoomOnly,0,10
4177,31.0,4.0,28.64,166.33,2,Deluxe,AllInclusive,0,10
4178,44.0,1.0,20.46,104.2,4,Standard,AllInclusive,0,9
4179,29.0,5.0,16.29,114.67,6,Standard,AllInclusive,0,9
4180,28.0,2.0,16.1,112.01,5,Standard,AllInclusive,0,9
4181,41.0,4.0,22.86,118.46,5,Standard,AllInclusive,0,8
4182,22.0,2.0,22.7,74.21,4,Standard,RoomOnly,0,8
4183,21.0,6.0,6.48,177.58,4,Family,RoomOnly,0,8
4184,34.0,3.0,12.61,175.72,1,Family,RoomOnly,0,9
4185,38.0,3.0,52.53,114.41,5,Standard,AllInclusive,0,8
4186,25.0,2.0,30.97,115.88,1,Standard,AllInclusive,0,9
4187,44.0,1.0,23.38,212.92,1,Suite,RoomOnly,0,10
4188,19.0,4.0,25.66,131.47,6,Deluxe,RoomOnly,0,8
4189,21.0,2.0,40.69,250.72,4,Suite,RoomOnly,0,9
4190,25.0,4.0,18.33,114.53,5,Standard,AllInclusive,0,9
4191,28.0,3.0,19.76,175.42,6,Family,RoomOnly,1,7
4192,41.0,3.0,42.12,103.22,6,Standard,RoomOnly,0,9
4193,38.0,1.0,62.46,87.04,0,Standard,RoomOnly,1,5
4194,31.0,4.0,25.04,77.31,5,Standard,RoomOnly,0,6
4195,26.0,2.0,10.31,179.17,6,Family,RoomOnly,0,8
4196,33.0,2.0,15.76,139.14,5,Standard,AllInclusive,0,9
4197,39.0,2.0,9.53,113.42,2,Standard,AllInclusive,0,10
4198,40.0,2.0,42.64,195.5,2,Family,AllInclusive,0,10
4199,32.0,3.0,20.03,165.08,0,Suite,RoomOnly,0,8
4200,33.0,3.0,24.34,140.57,5,Deluxe,RoomOnly,1,7
4201,48.0,2.0,15.56,168.59,5,Family,RoomOnly,0,8
4202,26.0,2.0,163.66,219.64,3,Family,AllInclusive,1,7
4203,33.0,1.0,36.51,137.97,4,Deluxe,RoomOnly,0,7
4204,42.0,3.0,19.19,289.49,0,Suite,AllInclusive,0,10
4205,37.0,5.0,28.17,125.86,6,Deluxe,RoomOnly,0,9
4206,48.0,8.0,31.78,136.32,0,Deluxe,RoomOnly,0,10
4207,38.0,4.0,16.49,107.38,2,Standard,RoomOnly,0,9
4208,37.0,3.0,17.06,156.72,5,Deluxe,AllInclusive,0,10
4209,57.0,3.0,15.12,226.27,3,Suite,RoomOnly,0,9
4210,28.0,3.0,35.87,119.85,6,Standard,AllInclusive,0,9
4211,36.0,2.0,15.99,232.47,2,Suite,RoomOnly,0,10
4212,40.0,3.0,17.93,145.36,3,Deluxe,RoomOnly,0,10
4213,18.0,4.0,23.62,191.46,1,Deluxe,AllInclusive,0,9
4214,46.0,4.0,13.54,242.29,0,Suite,RoomOnly,0,10
4215,35.0,3.0,14.74,207.61,0,Suite,RoomOnly,0,10
4216,19.0,3.0,10.16,155.71,1,Family,RoomOnly,1,5
4217,19.0,2.0,22.22,182.67,3,Deluxe,AllInclusive,0,10
4218,29.0,1.0,37.56,114.49,0,Standard,AllInclusive,0,8
4219,33.0,2.0,17.61,115.09,3,Standard,AllInclusive,0,9
4220,29.0,2.0,20.17,177.68,0,Family,AllInclusive,0,10
4221,37.0,3.0,16.44,137.41,1,Deluxe,RoomOnly,0,9
4222,37.0,6.0,16.54,274.82,0,Suite,RoomOnly,0,10
4223,26.0,1.0,29.63,93.81,0,Standard,RoomOnly,0,8
4224,18.0,3.0,27.05,95.5,4,Standard,RoomOnly,0,7
4225,35.0,4.0,29.94,161.66,3,Family,RoomOnly,0,8
4226,49.0,1.0,27.87,112.68,0,Deluxe,RoomOnly,0,7
4227,40.0,3.0,16.86,163.92,4,Suite,RoomOnly,0,10
4228,29.0,4.0,22.9,179.44,5,Family,AllInclusive,0,10
4229,42.0,3.0,25.15,236.9,2,Suite,RoomOnly,0,10
4230,42.0,1.0,8.72,110.36,2,Deluxe,RoomOnly,0,7
4231,51.0,2.0,16.5,124.03,5,Deluxe,RoomOnly,0,9
4232,40.0,3.0,19.47,116.39,6,Standard,AllInclusive,1,8
4233,18.0,2.0,5.24,130.45,4,Standard,AllInclusive,0,10
4234,37.0,2.0,24.75,167.53,4,Deluxe,AllInclusive,0,10
4235,51.0,2.0,2.42,120.6,5,Standard,AllInclusive,0,8
4236,48.0,2.0,11.52,97.63,6,Standard,AllInclusive,0,10
4237,34.0,9.0,9.54,107.79,2,Standard,RoomOnly,0,9
4238,31.0,2.0,15.68,121.51,6,Standard,AllInclusive,0,9
4239,32.0,3.0,16.82,113.46,6,Deluxe,RoomOnly,0,8
4240,25.0,3.0,60.12,178.18,5,Family,AllInclusive,1,7
4241,18.0,5.0,38.93,119.71,2,Standard,AllInclusive,0,10
4242,29.0,2.0,10.51,143.42,4,Deluxe,RoomOnly,0,8
4243,41.0,3.0,19.62,156.44,5,Deluxe,AllInclusive,0,9
4244,32.0,1.0,19.26,52.57,5,Standard,RoomOnly,0,8
4245,20.0,3.0,18.36,197.36,0,Family,RoomOnly,0,9
4246,22.0,3.0,9.09,83.58,3,Standard,RoomOnly,0,5
4247,36.0,2.0,11.01,69.98,4,Standard,RoomOnly,0,9
4248,31.0,3.0,13.5,242.18,5,Suite,AllInclusive,0,10
4249,48.0,5.0,29.82,142.91,1,Deluxe,RoomOnly,0,8
4250,55.0,4.0,18.3,134.3,4,Standard,AllInclusive,1,6
4251,25.0,4.0,24.87,125.84,4,Standard,AllInclusive,0,10
4252,34.0,2.0,28.25,312.9,5,Suite,AllInclusive,0,10
4253,46.0,2.0,10.0,77.94,5,Standard,RoomOnly,0,8
4254,47.0,4.0,96.26,124.35,1,Standard,AllInclusive,0,7
4255,34.0,2.0,21.31,228.62,0,Suite,RoomOnly,0,9
4256,23.0,2.0,10.56,77.47,5,Standard,RoomOnly,0,8
4257,36.0,5.0,48.28,82.19,3,Standard,RoomOnly,0,8
4258,29.0,2.0,87.25,127.96,0,Standard,AllInclusive,0,7
4259,31.0,2.0,11.36,140.86,0,Deluxe,AllInclusive,0,9
4260,45.0,1.0,31.78,190.38,2,Suite,RoomOnly,0,9
4261,41.0,5.0,20.54,154.39,3,Family,RoomOnly,0,7
4262,35.0,2.0,54.14,133.09,5,Standard,AllInclusive,0,10
4263,27.0,3.0,72.44,109.3,2,Standard,AllInclusive,0,10
4264,26.0,1.0,10.58,140.06,6,Deluxe,AllInclusive,0,10
4265,29.0,4.0,20.38,196.55,6,Family,AllInclusive,0,9
4266,46.0,5.0,38.93,134.87,0,Deluxe,RoomOnly,0,6
4267,28.0,8.0,24.82,129.47,2,Deluxe,RoomOnly,1,7
4268,32.0,1.0,28.17,111.48,6,Standard,AllInclusive,0,8
4269,32.0,2.0,12.6,59.15,1,Standard,RoomOnly,0,6
4270,39.0,4.0,54.65,257.9,0,Suite,AllInclusive,0,10
4271,18.0,3.0,19.11,122.78,1,Family,RoomOnly,0,8
4272,39.0,3.0,23.64,217.12,2,Suite,RoomOnly,0,10
4273,37.0,3.0,11.58,93.12,0,Standard,RoomOnly,1,4
4274,42.0,5.0,19.19,104.25,0,Deluxe,RoomOnly,0,8
4275,31.0,4.0,,157.43,2,Family,RoomOnly,0,10
4276,37.0,5.0,14.02,171.44,5,Deluxe,AllInclusive,0,9
4277,56.0,3.0,19.57,154.89,1,Deluxe,RoomOnly,0,9
4278,26.0,4.0,13.32,205.8,5,Deluxe,AllInclusive,0,10
4279,38.0,2.0,38.84,230.3,5,Suite,RoomOnly,0,9
4280,22.0,3.0,27.15,126.38,5,Standard,AllInclusive,0,9
4281,28.0,2.0,,107.9,2,Standard,AllInclusive,1,7
4282,26.0,2.0,22.09,112.0,4,Deluxe,RoomOnly,1,6
4283,40.0,2.0,22.25,120.36,6,Deluxe,RoomOnly,0,8
4284,35.0,3.0,10.24,88.65,4,Standard,RoomOnly,0,9
4285,25.0,3.0,25.9,117.93,2,Deluxe,RoomOnly,1,3
4286,44.0,3.0,31.58,101.38,2,Standard,AllInclusive,1,7
4287,50.0,5.0,23.24,80.73,1,Standard,RoomOnly,0,8
4288,33.0,2.0,10.3,135.54,2,Deluxe,RoomOnly,0,9
4289,26.0,1.0,46.57,134.53,1,Deluxe,RoomOnly,0,8
4290,26.0,2.0,17.95,236.72,2,Suite,RoomOnly,1,6
4291,36.0,1.0,57.67,82.31,3,Standard,RoomOnly,1,7
4292,46.0,2.0,19.54,87.9,2,Standard,RoomOnly,0,7
4293,47.0,2.0,19.32,157.11,4,Deluxe,AllInclusive,0,8
4294,37.0,6.0,13.45,120.78,2,Standard,AllInclusive,0,9
4295,33.0,2.0,30.82,163.59,3,Deluxe,RoomOnly,0,9
4296,39.0,4.0,9.78,84.89,1,Standard,RoomOnly,0,7
4297,41.0,3.0,45.16,73.69,6,Standard,RoomOnly,0,8
4298,42.0,6.0,16.54,170.99,4,Family,AllInclusive,0,10
4299,45.0,2.0,20.99,230.88,4,Suite,AllInclusive,0,10
4300,28.0,3.0,18.19,65.28,0,Standard,RoomOnly,0,8
4301,34.0,5.0,,88.82,3,Standard,RoomOnly,0,9
4302,48.0,3.0,50.25,149.33,1,Deluxe,AllInclusive,0,9
4303,18.0,4.0,,221.53,0,Suite,RoomOnly,0,10
4304,35.0,1.0,30.21,83.62,3,Deluxe,RoomOnly,0,6
4305,30.0,4.0,27.39,150.84,2,Deluxe,AllInclusive,0,10
4306,47.0,3.0,45.31,105.21,0,Standard,AllInclusive,0,7
4307,28.0,3.0,25.01,153.18,4,Deluxe,AllInclusive,0,10
4308,52.0,2.0,4.48,121.73,6,Deluxe,RoomOnly,0,8
4309,37.0,1.0,20.05,97.57,6,Standard,RoomOnly,0,9
4310,31.0,3.0,15.72,185.99,2,Family,AllInclusive,0,10
4311,18.0,3.0,11.52,122.79,3,Deluxe,RoomOnly,0,8
4312,39.0,1.0,24.27,209.48,0,Suite,RoomOnly,0,9
4313,36.0,2.0,25.54,75.95,0,Standard,RoomOnly,0,9
4314,30.0,4.0,9.51,163.95,0,Deluxe,AllInclusive,0,10
4315,23.0,5.0,6.33,83.32,5,Standard,RoomOnly,0,7
4316,18.0,2.0,13.98,100.79,0,Standard,AllInclusive,0,9
4317,40.0,5.0,4.08,139.04,2,Standard,AllInclusive,0,9
4318,36.0,2.0,42.19,273.95,2,Suite,RoomOnly,0,10
4319,23.0,3.0,141.14,71.33,4,Standard,RoomOnly,1,6
4320,19.0,4.0,20.03,78.89,4,Standard,RoomOnly,0,5
4321,43.0,3.0,28.29,131.83,2,Standard,AllInclusive,0,8
4322,35.0,3.0,67.72,108.85,6,Deluxe,RoomOnly,0,6
4323,52.0,1.0,32.6,104.77,1,Standard,AllInclusive,0,7
4324,42.0,4.0,14.28,168.87,1,Family,RoomOnly,0,9
4325,44.0,3.0,49.79,197.5,4,Suite,RoomOnly,0,10
4326,40.0,4.0,,153.97,5,Family,RoomOnly,0,8
4327,35.0,3.0,9.12,131.16,5,Deluxe,RoomOnly,0,9
4328,44.0,1.0,17.4,123.9,2,Standard,AllInclusive,0,8
4329,43.0,1.0,35.61,101.79,6,Standard,RoomOnly,0,8
4330,28.0,6.0,24.52,164.94,4,Deluxe,AllInclusive,0,9
4331,34.0,7.0,17.63,243.72,6,Suite,AllInclusive,0,10
4332,35.0,2.0,47.24,113.94,4,Standard,AllInclusive,0,9
4333,33.0,2.0,26.85,167.34,5,Deluxe,AllInclusive,0,8
4334,53.0,1.0,31.19,139.9,2,Deluxe,AllInclusive,0,10
4335,30.0,2.0,18.43,148.28,1,Family,RoomOnly,0,8
4336,40.0,1.0,13.58,149.6,2,Deluxe,RoomOnly,0,10
4337,59.0,3.0,11.59,143.64,4,Deluxe,AllInclusive,0,9
4338,24.0,5.0,,188.59,4,Family,AllInclusive,0,8
4339,51.0,1.0,19.56,118.4,5,Standard,AllInclusive,0,7
4340,18.0,7.0,13.5,124.76,2,Family,RoomOnly,0,9
4341,35.0,4.0,43.12,142.25,3,Deluxe,AllInclusive,0,10
4342,36.0,7.0,22.2,99.02,3,Standard,RoomOnly,0,9
4343,20.0,1.0,35.66,130.17,5,Deluxe,RoomOnly,0,7
4344,53.0,3.0,37.69,148.81,5,Deluxe,AllInclusive,0,10
4345,39.0,5.0,45.95,90.98,0,Standard,RoomOnly,0,7
4346,61.0,4.0,25.28,72.29,0,Standard,RoomOnly,0,8
4347,18.0,2.0,21.56,136.7,0,Deluxe,RoomOnly,0,8
4348,34.0,3.0,57.19,140.01,4,Standard,AllInclusive,0,7
4349,39.0,2.0,23.6,74.34,2,Standard,RoomOnly,0,7
4350,49.0,2.0,6.33,141.66,0,Deluxe,RoomOnly,0,8
4351,33.0,2.0,11.73,260.65,5,Suite,RoomOnly,0,9
4352,39.0,2.0,,130.74,5,Deluxe,RoomOnly,0,9
4353,38.0,7.0,20.17,136.81,6,Deluxe,RoomOnly,1,6
4354,30.0,8.0,20.33,142.72,6,Standard,AllInclusive,0,10
4355,48.0,2.0,21.52,110.51,1,Standard,AllInclusive,0,7
4356,41.0,2.0,24.75,153.91,4,Deluxe,RoomOnly,0,9
4357,28.0,3.0,75.17,261.32,3,Suite,AllInclusive,0,10
4358,40.0,11.0,17.8,128.77,6,Deluxe,RoomOnly,0,9
4359,39.0,3.0,16.78,249.61,6,Suite,RoomOnly,0,9
4360,44.0,3.0,97.21,258.19,3,Suite,AllInclusive,1,8
4361,40.0,2.0,47.32,86.05,0,Standard,RoomOnly,0,9
4362,33.0,4.0,33.44,112.91,4,Standard,AllInclusive,0,8
4363,34.0,3.0,15.58,178.96,6,Family,RoomOnly,0,9
4364,40.0,2.0,19.9,139.33,1,Deluxe,RoomOnly,0,10
4365,39.0,4.0,13.19,138.68,4,Deluxe,RoomOnly,0,10
4366,26.0,2.0,25.99,129.47,6,Standard,AllInclusive,0,9
4367,47.0,2.0,19.55,128.67,4,Deluxe,RoomOnly,1,6
4368,30.0,2.0,36.43,75.58,0,Standard,RoomOnly,0,7
4369,34.0,3.0,29.77,69.47,2,Standard,RoomOnly,0,7
4370,22.0,2.0,33.86,239.57,0,Suite,RoomOnly,0,9
4371,25.0,2.0,56.28,77.37,5,Standard,RoomOnly,0,6
4372,36.0,2.0,39.88,164.56,3,Deluxe,AllInclusive,0,10
4373,30.0,4.0,31.8,153.4,2,Deluxe,AllInclusive,0,9
4374,19.0,4.0,20.85,162.61,2,Deluxe,AllInclusive,0,10
4375,24.0,5.0,12.47,262.67,1,Suite,AllInclusive,0,10
4376,29.0,2.0,8.42,166.95,4,Deluxe,AllInclusive,0,8
4377,58.0,2.0,31.77,174.01,5,Deluxe,AllInclusive,0,10
4378,27.0,3.0,19.49,183.17,6,Family,AllInclusive,0,10
4379,27.0,3.0,23.76,135.47,6,Deluxe,RoomOnly,0,9
4380,48.0,5.0,13.13,238.44,4,Suite,RoomOnly,0,7
4381,21.0,5.0,22.02,217.11,4,Suite,RoomOnly,0,8
4382,42.0,4.0,49.29,91.39,2,Standard,AllInclusive,0,8
4383,32.0,2.0,39.91,171.94,6,Deluxe,AllInclusive,0,8
4384,33.0,3.0,29.5,144.92,5,Family,RoomOnly,0,10
4385,34.0,7.0,36.07,150.65,3,Deluxe,AllInclusive,0,8
4386,37.0,2.0,21.96,235.12,2,Suite,RoomOnly,0,9
4387,25.0,2.0,31.22,160.21,1,Family,RoomOnly,0,9
4388,52.0,2.0,51.6,119.11,3,Standard,AllInclusive,0,8
4389,39.0,4.0,29.37,180.88,3,Family,RoomOnly,1,7
4390,29.0,8.0,23.5,152.34,3,Family,RoomOnly,0,8
4391,36.0,3.0,58.74,226.57,2,Suite,AllInclusive,0,10
4392,23.0,2.0,14.39,132.44,2,Deluxe,AllInclusive,0,9
4393,35.0,4.0,25.88,160.75,0,Deluxe,AllInclusive,0,10
4394,35.0,3.0,9.47,85.67,6,Standard,RoomOnly,0,7
4395,41.0,4.0,22.81,101.25,1,Standard,AllInclusive,0,9
4396,34.0,3.0,24.99,249.81,6,Suite,RoomOnly,0,10
4397,44.0,2.0,45.03,249.68,1,Suite,AllInclusive,0,10
4398,48.0,2.0,12.06,132.28,5,Deluxe,RoomOnly,0,9
4399,29.0,5.0,20.05,135.65,0,Deluxe,RoomOnly,0,7
4400,32.0,2.0,20.9,72.79,1,Standard,RoomOnly,0,9
4401,32.0,2.0,21.94,95.68,1,Standard,RoomOnly,0,8
4402,45.0,1.0,24.2,192.15,4,Family,AllInclusive,0,9
4403,43.0,3.0,21.19,83.87,1,Standard,RoomOnly,1,5
4404,29.0,2.0,33.66,125.22,4,Standard,AllInclusive,0,10
4405,38.0,1.0,33.46,256.09,5,Suite,AllInclusive,1,8
4406,42.0,4.0,18.66,72.32,1,Standard,RoomOnly,0,9
4407,20.0,2.0,35.31,74.92,1,Standard,RoomOnly,0,9
4408,34.0,4.0,,74.62,1,Standard,RoomOnly,0,5
4409,37.0,7.0,11.05,177.89,6,Deluxe,AllInclusive,0,9
4410,23.0,4.0,14.57,79.88,5,Standard,RoomOnly,0,8
4411,42.0,4.0,57.65,156.14,3,Deluxe,AllInclusive,0,9
4412,44.0,6.0,22.52,200.3,5,Family,AllInclusive,0,10
4413,39.0,3.0,7.6,107.46,5,Deluxe,RoomOnly,0,8
4414,41.0,2.0,32.43,211.35,1,Suite,RoomOnly,0,10
4415,48.0,2.0,47.97,84.05,4,Standard,RoomOnly,0,7
4416,45.0,2.0,20.01,109.56,2,Deluxe,RoomOnly,0,8
4417,46.0,2.0,5.3,209.23,3,Suite,RoomOnly,0,8
4418,44.0,3.0,47.46,115.0,1,Standard,AllInclusive,1,9
4419,29.0,2.0,14.76,164.94,4,Deluxe,AllInclusive,0,9
4420,20.0,2.0,16.95,152.39,6,Deluxe,AllInclusive,0,10
4421,28.0,3.0,21.59,127.64,6,Standard,AllInclusive,0,10
4422,49.0,1.0,34.08,150.82,4,Family,RoomOnly,0,8
4423,50.0,3.0,,141.75,4,Family,RoomOnly,0,10
4424,21.0,3.0,34.12,129.53,0,Deluxe,RoomOnly,0,8
4425,38.0,3.0,19.22,57.8,5,Standard,RoomOnly,0,8
4426,27.0,3.0,20.35,232.1,1,Suite,RoomOnly,0,9
4427,36.0,2.0,25.95,56.91,3,Standard,RoomOnly,0,7
4428,51.0,3.0,19.07,178.48,0,Deluxe,AllInclusive,0,10
4429,35.0,4.0,14.68,107.78,2,Deluxe,RoomOnly,0,9
4430,42.0,2.0,24.25,105.67,0,Standard,AllInclusive,0,8
4431,27.0,3.0,,84.85,2,Standard,RoomOnly,0,6
4432,50.0,2.0,19.15,225.18,5,Suite,RoomOnly,0,6
4433,23.0,4.0,15.95,176.31,6,Family,RoomOnly,0,6
4434,30.0,3.0,15.78,166.52,5,Family,AllInclusive,0,10
4435,32.0,8.0,46.62,80.49,4,Standard,RoomOnly,1,5
4436,41.0,5.0,19.28,111.14,2,Standard,AllInclusive,0,10
4437,36.0,3.0,13.02,75.85,0,Standard,RoomOnly,0,7
4438,38.0,2.0,18.96,158.44,0,Deluxe,RoomOnly,0,8
4439,40.0,1.0,34.81,87.3,1,Standard,RoomOnly,0,8
4440,33.0,9.0,21.93,136.81,0,Deluxe,RoomOnly,0,8
4441,38.0,4.0,15.87,131.71,6,Deluxe,RoomOnly,0,8
4442,18.0,3.0,10.86,126.45,5,Deluxe,RoomOnly,0,8
4443,21.0,2.0,18.38,241.35,3,Suite,AllInclusive,0,10
4444,45.0,2.0,46.05,153.11,2,Deluxe,AllInclusive,0,10
4445,37.0,4.0,21.84,168.17,4,Family,RoomOnly,0,10
4446,46.0,2.0,23.35,236.93,2,Suite,AllInclusive,0,10
4447,37.0,3.0,28.84,233.44,0,Suite,RoomOnly,1,7
4448,30.0,6.0,12.96,125.78,6,Deluxe,RoomOnly,0,7
4449,39.0,2.0,33.39,85.89,0,Standard,RoomOnly,0,8
4450,55.0,3.0,6.12,149.04,5,Deluxe,RoomOnly,0,10
4451,25.0,4.0,,248.51,3,Suite,RoomOnly,0,9
4452,30.0,3.0,17.31,68.43,0,Standard,RoomOnly,0,6
4453,18.0,2.0,18.28,87.55,1,Standard,RoomOnly,0,7
4454,36.0,2.0,18.49,220.92,0,Suite,RoomOnly,0,9
4455,39.0,2.0,9.44,162.28,3,Deluxe,AllInclusive,0,9
4456,43.0,3.0,73.25,99.99,4,Standard,AllInclusive,0,9
4457,38.0,4.0,10.38,107.64,0,Standard,RoomOnly,0,7
4458,38.0,2.0,29.0,177.34,5,Family,AllInclusive,0,10
4459,33.0,3.0,17.87,196.87,0,Family,AllInclusive,0,10
4460,28.0,1.0,30.43,90.31,0,Standard,RoomOnly,1,4
4461,37.0,5.0,13.07,96.5,2,Standard,RoomOnly,0,7
4462,25.0,2.0,56.84,245.82,2,Suite,RoomOnly,0,7
4463,41.0,2.0,10.68,128.52,6,Standard,AllInclusive,0,8
4464,46.0,2.0,28.35,166.39,4,Deluxe,AllInclusive,0,10
4465,18.0,3.0,37.65,87.12,4,Standard,AllInclusive,0,10
4466,41.0,1.0,14.03,80.86,3,Standard,RoomOnly,0,7
4467,28.0,4.0,13.12,102.88,3,Standard,AllInclusive,0,9
4468,35.0,2.0,10.32,151.62,6,Deluxe,RoomOnly,0,8
4469,48.0,1.0,18.66,84.32,2,Standard,RoomOnly,0,6
4470,20.0,2.0,29.15,98.93,4,Standard,AllInclusive,0,9
4471,33.0,3.0,26.78,62.81,4,Standard,RoomOnly,0,7
4472,52.0,2.0,22.97,174.31,6,Deluxe,AllInclusive,0,10
4473,29.0,4.0,11.72,132.82,5,Deluxe,RoomOnly,0,6
4474,23.0,6.0,19.74,74.08,6,Standard,RoomOnly,0,6
4475,48.0,3.0,51.63,93.91,4,Standard,AllInclusive,1,8
4476,23.0,2.0,98.74,81.81,4,Standard,RoomOnly,0,6
4477,23.0,2.0,21.97,261.6,3,Suite,RoomOnly,0,8
4478,29.0,3.0,63.52,171.15,1,Deluxe,AllInclusive,0,10
4479,25.0,3.0,24.23,158.74,4,Deluxe,AllInclusive,0,10
4480,24.0,1.0,24.56,138.61,0,Deluxe,RoomOnly,0,9
4481,26.0,2.0,40.5,78.07,3,Standard,RoomOnly,0,9
4482,31.0,4.0,23.67,90.96,4,Standard,RoomOnly,1,6
4483,19.0,2.0,30.93,104.63,5,Standard,AllInclusive,0,8
4484,44.0,4.0,96.44,115.11,4,Standard,AllInclusive,0,10
4485,27.0,3.0,23.92,199.29,3,Deluxe,AllInclusive,0,10
4486,27.0,5.0,10.08,140.98,3,Deluxe,RoomOnly,0,9
4487,50.0,2.0,15.48,74.72,6,Standard,RoomOnly,0,7
4488,36.0,1.0,46.47,172.79,0,Family,AllInclusive,0,10
4489,32.0,4.0,29.75,105.38,4,Standard,AllInclusive,0,9
4490,51.0,3.0,37.16,269.38,1,Suite,RoomOnly,0,10
4491,38.0,3.0,45.94,148.21,4,Deluxe,RoomOnly,1,8
4492,47.0,2.0,26.34,103.8,6,Standard,AllInclusive,0,10
4493,32.0,2.0,18.76,208.06,3,Suite,RoomOnly,0,10
4494,47.0,2.0,,168.42,4,Deluxe,AllInclusive,0,10
4495,18.0,3.0,27.17,74.4,0,Standard,RoomOnly,0,7
4496,18.0,2.0,53.78,223.28,5,Suite,RoomOnly,0,6
4497,41.0,4.0,16.48,87.54,5,Standard,RoomOnly,0,5
4498,52.0,4.0,20.88,74.37,1,Standard,RoomOnly,0,7
4499,44.0,2.0,13.08,259.0,2,Suite,AllInclusive,0,10
4500,32.0,2.0,35.82,307.56,1,Suite,AllInclusive,0,10
4501,37.0,5.0,21.06,227.44,0,Suite,RoomOnly,0,10
4502,51.0,3.0,47.65,93.69,0,Standard,RoomOnly,0,8
4503,37.0,3.0,19.91,158.9,1,Deluxe,AllInclusive,0,8
4504,30.0,5.0,14.01,145.73,6,Deluxe,RoomOnly,1,5
4505,29.0,3.0,28.64,167.43,2,Deluxe,AllInclusive,0,10
4506,44.0,4.0,56.18,262.16,0,Suite,AllInclusive,0,10
4507,28.0,4.0,23.21,102.97,4,Standard,RoomOnly,1,5
4508,18.0,3.0,8.66,116.72,2,Standard,AllInclusive,0,10
4509,42.0,2.0,58.63,173.71,2,Family,RoomOnly,0,9
4510,45.0,3.0,5.89,108.77,0,Standard,AllInclusive,1,5
4511,32.0,2.0,28.12,122.89,2,Standard,AllInclusive,0,8
4512,32.0,2.0,35.63,99.33,6,Standard,AllInclusive,0,8
4513,41.0,3.0,20.61,264.12,0,Suite,RoomOnly,0,8
4514,37.0,5.0,12.3,273.22,0,Suite,AllInclusive,0,10
4515,26.0,4.0,19.61,70.58,1,Standard,RoomOnly,0,8
4516,38.0,3.0,7.98,251.75,4,Suite,RoomOnly,0,9
4517,45.0,3.0,12.9,96.87,1,Standard,AllInclusive,0,8
4518,43.0,4.0,82.99,84.37,2,Standard,RoomOnly,0,9
4519,38.0,3.0,17.01,88.83,2,Standard,RoomOnly,0,9
4520,44.0,5.0,18.04,163.09,2,Deluxe,RoomOnly,0,9
4521,47.0,3.0,18.5,253.21,0,Suite,RoomOnly,0,9
4522,18.0,2.0,,98.09,0,Deluxe,RoomOnly,0,6
4523,26.0,3.0,71.44,128.71,5,Standard,AllInclusive,0,9
4524,30.0,5.0,23.12,75.84,3,Standard,RoomOnly,0,7
4525,31.0,1.0,35.95,251.23,1,Suite,RoomOnly,0,9
4526,47.0,3.0,46.19,89.59,0,Standard,RoomOnly,0,7
4527,31.0,1.0,28.75,155.25,5,Deluxe,AllInclusive,0,10
4528,30.0,2.0,12.12,105.64,6,Standard,AllInclusive,0,6
4529,35.0,3.0,9.6,154.24,1,Deluxe,RoomOnly,0,10
4530,50.0,3.0,14.87,79.11,3,Standard,RoomOnly,0,8
4531,34.0,4.0,16.4,142.44,1,Deluxe,AllInclusive,1,6
4532,44.0,6.0,21.39,215.15,4,Suite,RoomOnly,1,5
4533,18.0,3.0,18.54,92.39,0,Standard,RoomOnly,0,9
4534,41.0,2.0,50.65,151.94,3,Deluxe,AllInclusive,0,10
4535,26.0,3.0,35.83,273.45,4,Suite,AllInclusive,0,10
4536,23.0,2.0,35.78,199.16,2,Suite,RoomOnly,0,8
4537,33.0,2.0,,154.63,0,Family,RoomOnly,0,10
4538,33.0,4.0,11.74,112.77,1,Deluxe,RoomOnly,0,7
4539,28.0,3.0,,124.28,0,Deluxe,RoomOnly,1,7
4540,23.0,2.0,20.55,211.28,1,Suite,RoomOnly,0,8
4541,33.0,3.0,16.26,106.77,3,Standard,RoomOnly,0,8
4542,28.0,1.0,21.02,152.65,3,Deluxe,AllInclusive,0,9
4543,37.0,2.0,22.92,71.78,0,Standard,RoomOnly,1,4
4544,27.0,2.0,7.64,73.62,2,Standard,RoomOnly,0,9
4545,18.0,1.0,15.43,209.14,0,Suite,RoomOnly,0,10
4546,39.0,3.0,14.96,100.27,0,Standard,AllInclusive,0,9
4547,27.0,1.0,43.65,161.45,5,Deluxe,AllInclusive,0,10
4548,49.0,4.0,23.12,128.37,0,Deluxe,RoomOnly,1,5
4549,34.0,2.0,26.9,172.01,0,Deluxe,AllInclusive,0,8
4550,35.0,2.0,31.11,259.36,4,Suite,RoomOnly,0,9
4551,22.0,6.0,37.88,280.53,3,Suite,AllInclusive,0,10
4552,18.0,7.0,25.87,85.2,3,Standard,RoomOnly,0,8
4553,30.0,1.0,20.35,88.27,3,Standard,RoomOnly,0,8
4554,42.0,4.0,10.6,214.96,6,Suite,RoomOnly,0,9
4555,25.0,1.0,52.93,162.68,4,Family,RoomOnly,0,8
4556,18.0,1.0,12.46,69.83,2,Standard,RoomOnly,0,9
4557,32.0,2.0,7.17,157.06,5,Family,RoomOnly,0,8
4558,27.0,3.0,45.49,86.33,0,Standard,RoomOnly,0,9
4559,32.0,3.0,29.24,158.69,5,Deluxe,RoomOnly,0,7
4560,51.0,5.0,43.18,112.86,6,Standard,AllInclusive,0,9
4561,31.0,3.0,25.48,292.31,5,Suite,AllInclusive,0,10
4562,39.0,2.0,8.32,79.83,0,Standard,RoomOnly,1,3
4563,42.0,2.0,14.09,87.49,4,Standard,RoomOnly,0,8
4564,39.0,3.0,33.07,71.9,5,Standard,RoomOnly,0,8
4565,39.0,2.0,21.73,102.41,4,Standard,AllInclusive,0,10
4566,18.0,1.0,32.27,100.02,3,Standard,RoomOnly,0,9
4567,44.0,1.0,8.03,68.82,3,Standard,RoomOnly,0,6
4568,23.0,2.0,5.8,202.67,0,Family,RoomOnly,0,10
4569,26.0,3.0,28.39,240.29,5,Suite,AllInclusive,0,9
4570,28.0,3.0,146.31,250.88,0,Suite,AllInclusive,0,10
4571,35.0,4.0,12.14,168.81,6,Deluxe,AllInclusive,0,10
4572,36.0,3.0,22.36,102.09,2,Standard,AllInclusive,0,7
4573,38.0,2.0,,65.52,5,Standard,RoomOnly,0,9
4574,54.0,2.0,38.44,155.52,6,Family,RoomOnly,0,8
4575,26.0,3.0,12.37,297.24,5,Suite,AllInclusive,0,10
4576,26.0,7.0,14.29,99.02,2,Standard,RoomOnly,0,10
4577,41.0,6.0,17.74,76.08,2,Standard,RoomOnly,0,7
4578,28.0,2.0,15.18,124.82,1,Standard,AllInclusive,0,9
4579,49.0,4.0,12.83,79.45,2,Standard,RoomOnly,0,8
4580,32.0,4.0,26.71,141.28,0,Deluxe,RoomOnly,0,7
4581,29.0,1.0,53.73,99.96,3,Standard,AllInclusive,0,9
4582,43.0,7.0,70.52,53.51,5,Standard,RoomOnly,0,8
4583,30.0,2.0,14.64,189.74,2,Suite,RoomOnly,0,9
4584,41.0,6.0,15.38,239.3,0,Suite,AllInclusive,0,10
4585,40.0,2.0,29.6,99.23,6,Standard,AllInclusive,0,9
4586,32.0,3.0,28.03,118.41,0,Standard,AllInclusive,0,9
4587,31.0,1.0,,236.91,6,Suite,RoomOnly,0,9
4588,41.0,3.0,17.23,68.02,6,Standard,RoomOnly,1,5
4589,26.0,6.0,13.44,113.63,6,Standard,AllInclusive,0,9
4590,21.0,2.0,12.56,85.86,0,Standard,AllInclusive,0,6
4591,28.0,2.0,9.6,144.28,5,Deluxe,RoomOnly,0,10
4592,23.0,2.0,12.4,133.79,0,Family,RoomOnly,0,7
4593,21.0,6.0,9.38,162.22,5,Deluxe,AllInclusive,0,9
4594,29.0,2.0,15.96,234.12,3,Suite,RoomOnly,0,10
4595,37.0,4.0,7.74,263.04,3,Suite,RoomOnly,0,8
4596,54.0,4.0,41.42,73.77,0,Standard,RoomOnly,0,8
4597,41.0,1.0,,104.45,1,Deluxe,RoomOnly,0,10
4598,29.0,2.0,46.47,113.59,6,Standard,AllInclusive,0,9
4599,18.0,6.0,17.13,106.93,4,Standard,RoomOnly,0,7
4600,24.0,3.0,21.29,191.18,0,Family,AllInclusive,1,6
4601,29.0,4.0,23.03,108.92,3,Standard,AllInclusive,1,6
4602,48.0,3.0,22.57,205.35,1,Family,AllInclusive,0,10
4603,39.0,3.0,23.54,106.19,3,Standard,AllInclusive,0,10
4604,33.0,2.0,20.2,128.29,4,Deluxe,RoomOnly,1,6
4605,28.0,5.0,9.68,160.58,1,Deluxe,AllInclusive,0,9
4606,50.0,4.0,28.39,94.74,0,Standard,AllInclusive,0,9
4607,26.0,2.0,29.61,177.95,6,Family,RoomOnly,1,9
4608,52.0,2.0,14.22,159.29,4,Deluxe,AllInclusive,0,10
4609,46.0,2.0,30.25,118.28,1,Deluxe,RoomOnly,0,9
4610,42.0,5.0,75.02,175.87,5,Deluxe,AllInclusive,0,10
4611,54.0,1.0,22.17,119.14,5,Standard,AllInclusive,0,10
4612,50.0,8.0,26.76,220.31,3,Suite,RoomOnly,0,10
4613,29.0,3.0,,113.76,0,Deluxe,RoomOnly,0,7
4614,37.0,1.0,22.71,252.62,3,Suite,AllInclusive,0,9
4615,54.0,3.0,,179.77,3,Suite,RoomOnly,0,10
4616,40.0,4.0,13.46,122.05,2,Deluxe,RoomOnly,0,8
4617,40.0,3.0,15.88,130.35,5,Deluxe,RoomOnly,1,5
4618,46.0,3.0,15.71,64.94,3,Standard,RoomOnly,1,6
4619,41.0,1.0,10.42,150.37,0,Deluxe,RoomOnly,0,9
4620,18.0,3.0,41.68,123.4,5,Standard,AllInclusive,1,7
4621,39.0,5.0,12.13,193.51,0,Family,AllInclusive,0,10
4622,43.0,2.0,20.77,115.54,0,Deluxe,RoomOnly,0,9
4623,43.0,3.0,6.11,93.91,6,Standard,RoomOnly,0,9
4624,35.0,8.0,15.33,272.3,5,Suite,AllInclusive,0,10
4625,46.0,3.0,29.62,131.29,2,Standard,AllInclusive,0,7
4626,36.0,1.0,26.67,115.51,2,Deluxe,RoomOnly,0,7
4627,49.0,4.0,22.13,107.41,2,Standard,AllInclusive,0,10
4628,35.0,5.0,15.6,235.51,3,Suite,AllInclusive,0,10
4629,40.0,7.0,42.5,105.59,4,Standard,AllInclusive,0,9
4630,20.0,2.0,61.9,86.33,3,Standard,RoomOnly,0,8
4631,31.0,2.0,11.19,113.28,6,Standard,AllInclusive,0,8
4632,50.0,1.0,26.14,150.04,3,Family,RoomOnly,1,7
4633,48.0,3.0,28.56,155.54,4,Family,RoomOnly,0,7
4634,32.0,7.0,14.04,102.94,3,Standard,AllInclusive,0,9
4635,30.0,3.0,36.91,106.85,3,Standard,AllInclusive,0,10
4636,47.0,2.0,9.31,201.69,6,Suite,RoomOnly,0,9
4637,41.0,2.0,18.36,181.34,5,Deluxe,AllInclusive,0,10
4638,31.0,3.0,25.71,129.55,6,Deluxe,RoomOnly,0,8
4639,72.0,3.0,11.95,105.43,0,Deluxe,RoomOnly,0,7
4640,57.0,3.0,10.58,121.51,2,Deluxe,RoomOnly,0,8
4641,24.0,4.0,35.04,95.82,3,Standard,AllInclusive,0,9
4642,40.0,2.0,,90.87,0,Standard,RoomOnly,1,6
4643,32.0,3.0,,164.45,1,Deluxe,AllInclusive,0,8
4644,41.0,8.0,13.01,238.5,4,Suite,RoomOnly,1,6
4645,39.0,2.0,3.78,199.48,3,Suite,RoomOnly,0,9
4646,26.0,1.0,12.66,112.62,6,Standard,RoomOnly,1,6
4647,32.0,1.0,8.83,189.13,5,Suite,RoomOnly,0,9
4648,28.0,3.0,15.0,80.01,6,Standard,RoomOnly,1,4
4649,41.0,2.0,13.99,133.39,1,Deluxe,RoomOnly,0,9
4650,36.0,7.0,13.37,200.07,4,Suite,RoomOnly,0,10
4651,24.0,1.0,45.19,68.45,5,Standard,RoomOnly,0,6
4652,25.0,5.0,9.83,211.71,6,Suite,RoomOnly,0,10
4653,41.0,3.0,12.2,190.16,2,Suite,RoomOnly,0,10
4654,45.0,3.0,48.43,191.34,1,Deluxe,AllInclusive,0,8
4655,53.0,2.0,16.05,134.36,6,Standard,AllInclusive,0,10
4656,22.0,3.0,19.74,235.42,6,Suite,AllInclusive,0,8
4657,27.0,1.0,33.54,81.12,3,Standard,RoomOnly,0,10
4658,51.0,1.0,18.67,147.28,4,Deluxe,AllInclusive,0,9
4659,18.0,1.0,57.16,262.6,4,Suite,AllInclusive,0,10
4660,22.0,3.0,29.16,256.65,1,Suite,RoomOnly,0,10
4661,18.0,2.0,31.79,282.13,5,Suite,AllInclusive,0,10
4662,45.0,4.0,33.41,115.79,2,Standard,AllInclusive,0,8
4663,18.0,3.0,25.95,110.53,1,Standard,AllInclusive,0,9
4664,38.0,6.0,10.22,80.7,3,Standard,RoomOnly,0,6
4665,39.0,2.0,12.24,233.23,2,Suite,AllInclusive,0,10
4666,40.0,3.0,31.09,189.48,2,Family,RoomOnly,0,9
4667,30.0,4.0,29.19,75.49,2,Standard,RoomOnly,1,4
4668,32.0,3.0,13.05,259.98,0,Suite,AllInclusive,0,9
4669,27.0,3.0,29.36,116.29,6,Deluxe,RoomOnly,0,7
4670,37.0,2.0,9.18,244.66,4,Suite,RoomOnly,0,9
4671,47.0,2.0,10.51,134.14,0,Deluxe,RoomOnly,0,9
4672,26.0,4.0,96.22,88.94,4,Standard,AllInclusive,0,10
4673,35.0,2.0,21.54,134.47,2,Deluxe,RoomOnly,0,9
4674,30.0,3.0,50.33,116.17,3,Standard,AllInclusive,0,8
4675,24.0,2.0,27.2,162.36,6,Family,RoomOnly,0,10
4676,32.0,3.0,25.66,91.34,5,Standard,RoomOnly,0,7
4677,48.0,5.0,24.98,156.15,0,Family,RoomOnly,0,8
4678,26.0,2.0,24.41,76.69,4,Standard,RoomOnly,0,6
4679,38.0,4.0,68.68,105.54,5,Standard,AllInclusive,0,8
4680,25.0,2.0,23.24,218.58,4,Suite,RoomOnly,0,8
4681,34.0,4.0,26.16,154.18,6,Deluxe,AllInclusive,1,8
4682,51.0,3.0,48.7,120.39,3,Deluxe,RoomOnly,0,7
4683,36.0,3.0,15.08,206.11,1,Family,AllInclusive,0,10
4684,37.0,3.0,39.99,268.11,1,Suite,RoomOnly,0,10
4685,35.0,2.0,41.27,82.12,5,Standard,RoomOnly,0,9
4686,50.0,2.0,15.76,190.75,0,Family,RoomOnly,0,9
4687,32.0,3.0,29.26,108.54,4,Standard,RoomOnly,1,4
4688,37.0,4.0,21.33,157.05,4,Family,RoomOnly,0,9
4689,26.0,2.0,15.55,212.47,3,Deluxe,AllInclusive,0,9
4690,32.0,2.0,72.88,213.48,2,Family,RoomOnly,0,9
4691,41.0,3.0,45.26,95.35,2,Standard,RoomOnly,0,8
4692,37.0,5.0,18.85,95.76,2,Standard,RoomOnly,0,8
4693,29.0,8.0,17.75,161.29,2,Family,AllInclusive,0,9
4694,23.0,4.0,29.43,69.12,1,Standard,RoomOnly,0,7
4695,46.0,3.0,26.11,153.5,0,Deluxe,RoomOnly,0,9
4696,47.0,2.0,6.94,211.17,0,Suite,RoomOnly,0,7
4697,20.0,3.0,9.79,99.98,3,Standard,AllInclusive,0,9
4698,42.0,2.0,51.42,194.18,1,Deluxe,AllInclusive,1,8
4699,44.0,4.0,17.88,110.93,5,Standard,AllInclusive,1,8
4700,26.0,5.0,17.1,81.78,6,Standard,RoomOnly,0,8
4701,36.0,3.0,9.82,259.38,5,Suite,AllInclusive,0,10
4702,54.0,3.0,17.95,165.95,3,Deluxe,AllInclusive,0,8
4703,37.0,2.0,7.34,186.29,5,Family,AllInclusive,1,9
4704,31.0,5.0,26.91,164.34,0,Deluxe,AllInclusive,0,9
4705,29.0,1.0,15.39,106.17,1,Deluxe,RoomOnly,0,9
4706,33.0,2.0,,112.92,3,Standard,AllInclusive,0,8
4707,41.0,4.0,24.83,186.67,1,Suite,RoomOnly,0,10
4708,42.0,2.0,19.42,217.76,5,Suite,RoomOnly,0,7
4709,45.0,1.0,7.59,108.76,3,Standard,AllInclusive,0,9
4710,31.0,2.0,29.78,117.11,0,Standard,AllInclusive,0,9
4711,34.0,1.0,12.31,131.57,3,Deluxe,RoomOnly,0,9
4712,43.0,3.0,49.09,105.12,0,Standard,AllInclusive,0,9
4713,31.0,2.0,93.83,150.21,5,Deluxe,RoomOnly,0,10
4714,45.0,5.0,34.69,175.67,3,Family,AllInclusive,0,10
4715,34.0,2.0,34.86,116.64,2,Standard,AllInclusive,0,8
4716,27.0,3.0,15.72,79.1,5,Standard,RoomOnly,0,7
4717,20.0,4.0,45.16,99.28,5,Standard,AllInclusive,0,7
4718,36.0,4.0,32.77,107.02,3,Standard,AllInclusive,0,8
4719,48.0,2.0,19.78,112.99,1,Deluxe,RoomOnly,0,7
4720,22.0,4.0,34.73,133.44,2,Deluxe,RoomOnly,0,10
4721,30.0,4.0,39.7,106.31,4,Deluxe,RoomOnly,0,8
4722,35.0,5.0,25.52,131.91,4,Standard,AllInclusive,0,8
4723,22.0,2.0,9.34,126.12,3,Standard,AllInclusive,0,10
4724,32.0,4.0,17.84,92.71,3,Standard,AllInclusive,0,8
4725,66.0,3.0,18.63,88.03,2,Standard,RoomOnly,0,8
4726,35.0,3.0,27.95,108.09,4,Standard,AllInclusive,0,10
4727,43.0,3.0,33.93,337.61,2,Suite,AllInclusive,0,10
4728,45.0,5.0,16.29,93.29,2,Standard,RoomOnly,0,6
4729,51.0,3.0,10.79,120.39,3,Deluxe,RoomOnly,0,8
4730,62.0,5.0,26.47,146.57,4,Deluxe,AllInclusive,0,10
4731,33.0,2.0,20.98,208.85,2,Family,AllInclusive,0,9
4732,21.0,2.0,37.44,119.84,1,Standard,AllInclusive,0,9
4733,43.0,2.0,9.26,243.03,2,Suite,RoomOnly,0,10
4734,29.0,3.0,96.44,202.1,2,Family,AllInclusive,0,9
4735,54.0,1.0,7.57,138.16,2,Deluxe,RoomOnly,0,8
4736,42.0,2.0,32.44,184.76,4,Deluxe,AllInclusive,0,10
4737,32.0,1.0,26.6,177.43,2,Suite,RoomOnly,0,9
4738,27.0,3.0,50.35,145.78,5,Deluxe,RoomOnly,1,6
4739,31.0,4.0,11.07,290.46,5,Suite,AllInclusive,0,9
4740,40.0,1.0,32.22,176.91,3,Deluxe,AllInclusive,0,8
4741,25.0,3.0,9.73,94.08,0,Standard,RoomOnly,0,7
4742,18.0,2.0,38.09,117.75,5,Deluxe,RoomOnly,1,9
4743,47.0,2.0,43.04,127.3,5,Standard,AllInclusive,0,8
4744,58.0,1.0,20.81,232.23,5,Suite,AllInclusive,0,10
4745,45.0,3.0,8.17,58.9,6,Standard,RoomOnly,0,9
4746,40.0,1.0,150.61,151.81,4,Deluxe,AllInclusive,1,7
4747,42.0,4.0,32.93,174.23,5,Deluxe,AllInclusive,0,9
4748,18.0,4.0,15.84,135.64,1,Deluxe,RoomOnly,1,7
4749,19.0,4.0,23.67,251.51,4,Suite,AllInclusive,0,10
4750,45.0,1.0,14.82,103.32,6,Standard,AllInclusive,0,10
4751,49.0,4.0,19.35,278.59,5,Suite,AllInclusive,0,10
4752,31.0,5.0,18.76,203.08,5,Deluxe,AllInclusive,0,10
4753,18.0,2.0,25.4,108.3,4,Standard,AllInclusive,1,6
4754,48.0,5.0,,229.51,2,Suite,RoomOnly,0,9
4755,30.0,5.0,13.6,207.96,1,Suite,RoomOnly,0,6
4756,18.0,5.0,8.97,147.72,0,Family,RoomOnly,0,9
4757,33.0,3.0,42.95,188.78,4,Suite,RoomOnly,0,8
4758,41.0,4.0,18.23,183.23,2,Deluxe,AllInclusive,0,10
4759,29.0,2.0,25.92,65.46,0,Standard,RoomOnly,0,6
4760,29.0,3.0,5.86,73.97,4,Standard,RoomOnly,0,9
4761,43.0,2.0,28.88,83.7,2,Standard,RoomOnly,0,7
4762,47.0,2.0,17.61,208.13,4,Family,AllInclusive,0,10
4763,53.0,4.0,20.4,75.47,4,Standard,RoomOnly,0,6
4764,24.0,7.0,44.4,74.18,4,Standard,RoomOnly,0,10
4765,46.0,5.0,20.54,55.39,2,Standard,RoomOnly,0,6
4766,36.0,1.0,27.09,109.56,4,Deluxe,RoomOnly,0,10
4767,34.0,2.0,17.54,80.01,0,Standard,RoomOnly,0,5
4768,34.0,3.0,32.57,185.35,6,Suite,RoomOnly,0,10
4769,54.0,1.0,23.15,157.02,2,Deluxe,AllInclusive,0,10
4770,42.0,2.0,8.23,218.14,3,Suite,RoomOnly,0,9
4771,40.0,1.0,31.68,250.56,5,Suite,RoomOnly,1,7
4772,24.0,2.0,40.63,103.1,2,Standard,AllInclusive,0,10
4773,40.0,2.0,11.42,172.0,3,Family,RoomOnly,0,9
4774,33.0,4.0,22.09,173.69,4,Family,AllInclusive,0,10
4775,40.0,2.0,6.48,199.84,2,Suite,RoomOnly,1,7
4776,47.0,2.0,12.28,217.99,5,Family,AllInclusive,0,10
4777,28.0,1.0,29.92,104.03,6,Standard,AllInclusive,0,7
4778,27.0,4.0,16.23,80.13,6,Standard,RoomOnly,1,7
4779,41.0,3.0,22.59,168.35,5,Family,AllInclusive,1,6
4780,42.0,2.0,15.81,86.92,4,Standard,RoomOnly,0,7
4781,29.0,3.0,29.31,171.14,4,Family,AllInclusive,0,10
4782,35.0,2.0,23.8,173.08,1,Deluxe,AllInclusive,0,10
4783,53.0,3.0,5.34,127.34,1,Deluxe,RoomOnly,0,9
4784,48.0,6.0,12.68,128.97,4,Standard,AllInclusive,1,6
4785,36.0,2.0,44.46,119.61,0,Standard,AllInclusive,0,10
4786,31.0,3.0,7.42,155.44,2,Family,RoomOnly,0,8
4787,46.0,5.0,27.2,144.24,4,Family,RoomOnly,0,8
4788,35.0,6.0,42.31,176.27,5,Deluxe,AllInclusive,0,9
4789,66.0,1.0,44.77,79.66,5,Standard,RoomOnly,0,6
4790,62.0,3.0,16.86,257.53,6,Suite,RoomOnly,0,10
4791,41.0,1.0,17.77,169.39,5,Deluxe,RoomOnly,0,9
4792,18.0,4.0,,250.74,2,Suite,AllInclusive,0,9
4793,44.0,3.0,18.37,207.35,5,Suite,RoomOnly,0,9
4794,27.0,1.0,15.73,75.89,2,Standard,RoomOnly,1,4
4795,23.0,2.0,11.11,138.88,2,Family,RoomOnly,0,10
4796,50.0,1.0,45.01,129.91,2,Deluxe,RoomOnly,0,6
4797,24.0,6.0,42.09,250.51,0,Suite,AllInclusive,0,10
4798,24.0,3.0,19.39,168.29,2,Family,AllInclusive,0,10
4799,37.0,3.0,12.05,53.26,4,Standard,RoomOnly,0,6
4800,40.0,1.0,54.93,154.27,2,Family,AllInclusive,0,10
4801,29.0,2.0,,159.77,6,Deluxe,AllInclusive,0,8
4802,31.0,4.0,24.45,103.74,3,Standard,AllInclusive,0,9
4803,56.0,2.0,66.62,72.04,3,Standard,RoomOnly,0,7
4804,50.0,3.0,39.42,262.6,6,Suite,AllInclusive,0,10
4805,47.0,4.0,24.17,217.26,2,Suite,RoomOnly,0,10
4806,41.0,1.0,17.89,121.7,3,Standard,AllInclusive,0,10
4807,18.0,4.0,15.11,192.3,2,Family,AllInclusive,0,9
4808,31.0,2.0,28.94,105.75,0,Standard,RoomOnly,0,8
4809,28.0,3.0,13.67,213.74,3,Suite,RoomOnly,0,8
4810,38.0,2.0,9.16,263.71,1,Suite,AllInclusive,0,10
4811,21.0,4.0,11.05,83.63,3,Standard,RoomOnly,1,5
4812,47.0,2.0,10.59,79.86,0,Standard,RoomOnly,0,8
4813,33.0,2.0,23.57,179.76,3,Suite,AllInclusive,0,10
4814,43.0,3.0,10.96,120.01,3,Deluxe,RoomOnly,0,10
4815,37.0,3.0,27.53,163.66,5,Deluxe,RoomOnly,0,8
4816,49.0,2.0,39.68,98.72,3,Standard,AllInclusive,0,8
4817,31.0,5.0,21.31,132.35,3,Deluxe,RoomOnly,0,9
4818,31.0,3.0,34.78,223.07,4,Suite,RoomOnly,0,8
4819,25.0,1.0,26.98,150.59,6,Deluxe,AllInclusive,0,10
4820,23.0,2.0,22.63,279.39,1,Suite,AllInclusive,0,10
4821,31.0,2.0,36.29,207.05,0,Family,AllInclusive,1,8
4822,33.0,5.0,49.18,85.18,4,Standard,RoomOnly,0,9
4823,31.0,5.0,24.6,103.63,2,Standard,RoomOnly,0,8
4824,35.0,4.0,31.24,318.26,4,Suite,AllInclusive,0,10
4825,45.0,2.0,36.49,70.32,0,Standard,RoomOnly,0,7
4826,39.0,3.0,6.66,189.93,1,Family,AllInclusive,0,9
4827,33.0,4.0,12.57,151.85,3,Deluxe,AllInclusive,0,9
4828,23.0,3.0,50.34,207.16,0,Suite,RoomOnly,0,10
4829,18.0,3.0,23.66,78.62,1,Standard,RoomOnly,0,8
4830,41.0,3.0,47.8,96.54,2,Standard,AllInclusive,0,8
4831,22.0,2.0,19.33,204.19,4,Family,AllInclusive,0,9
4832,38.0,4.0,6.94,230.83,6,Suite,RoomOnly,0,8
4833,32.0,2.0,38.81,69.95,0,Standard,RoomOnly,0,7
4834,36.0,7.0,10.89,229.78,1,Suite,RoomOnly,0,8
4835,21.0,4.0,17.06,164.79,3,Family,RoomOnly,0,8
4836,36.0,2.0,18.12,92.66,1,Standard,AllInclusive,0,10
4837,33.0,2.0,22.45,88.63,3,Standard,RoomOnly,1,6
4838,18.0,2.0,15.65,148.19,4,Family,RoomOnly,0,8
4839,42.0,2.0,30.2,175.67,3,Deluxe,AllInclusive,0,10
4840,29.0,4.0,25.92,114.78,3,Standard,AllInclusive,0,10
4841,37.0,4.0,17.35,204.73,1,Suite,RoomOnly,0,10
4842,30.0,3.0,51.36,278.21,1,Suite,AllInclusive,0,10
4843,35.0,1.0,8.4,77.55,0,Standard,RoomOnly,0,6
4844,23.0,2.0,33.97,204.37,5,Family,AllInclusive,0,10
4845,56.0,2.0,56.27,71.4,1,Standard,RoomOnly,1,6
4846,24.0,7.0,17.66,164.42,0,Family,RoomOnly,0,7
4847,25.0,3.0,48.47,106.69,0,Standard,AllInclusive,1,5
4848,40.0,3.0,17.62,92.56,5,Standard,RoomOnly,0,8
4849,33.0,3.0,22.69,129.25,5,Deluxe,RoomOnly,0,9
4850,51.0,1.0,13.13,174.54,0,Suite,RoomOnly,0,10
4851,27.0,4.0,16.6,73.49,4,Standard,RoomOnly,0,9
4852,19.0,1.0,26.88,155.46,5,Family,RoomOnly,0,9
4853,37.0,3.0,40.63,251.63,3,Suite,RoomOnly,0,10
4854,53.0,2.0,16.35,145.52,6,Deluxe,AllInclusive,1,6
4855,49.0,2.0,32.62,158.7,6,Family,RoomOnly,0,10
4856,33.0,6.0,24.93,137.11,3,Deluxe,RoomOnly,1,6
4857,47.0,2.0,,163.89,6,Family,RoomOnly,0,10
4858,50.0,4.0,7.27,175.21,1,Deluxe,AllInclusive,0,10
4859,18.0,3.0,26.24,209.16,0,Suite,RoomOnly,0,9
4860,27.0,5.0,,254.44,3,Suite,AllInclusive,0,10
4861,25.0,3.0,13.81,115.25,2,Standard,AllInclusive,0,8
4862,37.0,5.0,,156.98,4,Deluxe,AllInclusive,0,7
4863,55.0,10.0,55.37,302.43,4,Suite,AllInclusive,0,10
4864,38.0,4.0,20.11,128.45,5,Standard,AllInclusive,0,8
4865,36.0,1.0,18.46,156.62,2,Deluxe,AllInclusive,0,8
4866,55.0,4.0,14.63,106.63,1,Standard,AllInclusive,0,8
4867,25.0,3.0,46.46,140.65,0,Deluxe,AllInclusive,0,10
4868,29.0,2.0,25.22,99.13,0,Standard,AllInclusive,0,10
4869,43.0,4.0,37.98,97.87,1,Standard,AllInclusive,0,9
4870,25.0,4.0,23.26,134.61,4,Standard,AllInclusive,0,10
4871,26.0,7.0,12.12,161.26,2,Deluxe,AllInclusive,0,9
4872,39.0,2.0,27.97,87.42,4,Standard,RoomOnly,0,8
4873,28.0,4.0,19.54,169.25,0,Family,RoomOnly,1,7
4874,33.0,2.0,24.0,107.11,6,Deluxe,RoomOnly,0,7
4875,46.0,5.0,9.37,146.37,1,Deluxe,RoomOnly,0,8
4876,36.0,2.0,14.94,127.73,6,Standard,AllInclusive,0,9
4877,33.0,2.0,14.54,153.44,1,Family,RoomOnly,0,10
4878,24.0,3.0,18.43,81.5,5,Standard,RoomOnly,0,7
4879,40.0,3.0,16.54,222.99,0,Suite,RoomOnly,0,8
4880,26.0,3.0,10.9,105.51,4,Standard,RoomOnly,0,6
4881,43.0,2.0,18.63,145.81,0,Deluxe,AllInclusive,1,6
4882,26.0,2.0,,117.44,0,Standard,AllInclusive,0,9
4883,29.0,6.0,22.28,87.5,6,Standard,RoomOnly,0,6
4884,38.0,1.0,44.72,258.08,1,Suite,RoomOnly,0,8
4885,38.0,2.0,13.37,160.21,4,Deluxe,AllInclusive,0,9
4886,27.0,3.0,,75.43,1,Standard,RoomOnly,0,8
4887,34.0,2.0,31.05,163.44,6,Family,RoomOnly,0,8
4888,35.0,2.0,24.05,79.49,1,Standard,RoomOnly,0,8
4889,24.0,3.0,26.6,178.94,5,Deluxe,AllInclusive,1,6
4890,37.0,1.0,16.31,241.21,1,Suite,RoomOnly,0,10
4891,33.0,3.0,61.92,106.49,4,Standard,AllInclusive,0,10
4892,42.0,2.0,41.19,117.03,5,Deluxe,RoomOnly,1,5
4893,45.0,3.0,36.59,263.52,1,Suite,AllInclusive,0,10
4894,31.0,2.0,21.87,106.7,4,Deluxe,RoomOnly,0,7
4895,43.0,15.0,34.49,144.96,6,Deluxe,RoomOnly,0,7
4896,47.0,3.0,5.69,201.03,4,Suite,RoomOnly,0,8
4897,32.0,3.0,35.59,84.84,1,Standard,RoomOnly,0,8
4898,32.0,3.0,28.72,239.84,5,Suite,AllInclusive,0,9
4899,35.0,2.0,36.59,85.37,4,Standard,RoomOnly,0,6
4900,43.0,4.0,95.62,272.29,4,Suite,AllInclusive,0,10
4901,29.0,3.0,21.5,220.05,1,Suite,RoomOnly,0,10
4902,29.0,4.0,8.11,177.46,2,Family,RoomOnly,0,9
4903,32.0,6.0,40.48,126.35,4,Deluxe,RoomOnly,0,9
4904,54.0,2.0,64.72,94.24,3,Standard,RoomOnly,0,8
4905,23.0,5.0,25.93,166.24,4,Deluxe,AllInclusive,0,8
4906,28.0,5.0,16.88,77.9,1,Standard,RoomOnly,0,8
4907,19.0,5.0,,126.34,3,Standard,AllInclusive,0,9
4908,39.0,3.0,25.43,157.78,0,Deluxe,AllInclusive,0,8
4909,35.0,3.0,8.25,97.52,0,Standard,RoomOnly,0,9
4910,28.0,3.0,39.17,144.48,4,Deluxe,RoomOnly,0,8
4911,33.0,2.0,14.82,128.16,3,Deluxe,RoomOnly,0,7
4912,24.0,4.0,23.52,113.07,1,Standard,AllInclusive,0,10
4913,26.0,1.0,14.66,123.89,2,Deluxe,RoomOnly,0,7
4914,24.0,5.0,23.37,273.28,1,Suite,RoomOnly,0,10
4915,27.0,3.0,21.88,137.57,1,Standard,AllInclusive,0,10
4916,44.0,3.0,28.52,161.42,1,Family,AllInclusive,0,9
4917,41.0,5.0,31.17,126.28,3,Deluxe,RoomOnly,0,9
4918,18.0,1.0,30.37,177.79,4,Family,RoomOnly,1,8
4919,46.0,3.0,18.45,103.59,6,Standard,AllInclusive,1,5
4920,26.0,3.0,40.3,182.74,4,Family,AllInclusive,0,9
4921,34.0,3.0,22.75,122.84,6,Deluxe,RoomOnly,0,9
4922,29.0,2.0,14.72,81.29,2,Standard,RoomOnly,0,7
4923,43.0,2.0,21.87,80.24,3,Standard,RoomOnly,0,8
4924,31.0,3.0,7.1,157.23,0,Deluxe,AllInclusive,0,10
4925,45.0,3.0,8.87,214.57,3,Suite,RoomOnly,0,10
4926,37.0,3.0,44.19,129.24,3,Deluxe,RoomOnly,0,8
4927,34.0,2.0,9.77,169.25,4,Deluxe,RoomOnly,0,9
4928,23.0,3.0,16.4,124.63,2,Deluxe,RoomOnly,0,9
4929,24.0,3.0,8.09,95.97,4,Standard,RoomOnly,0,8
4930,37.0,4.0,19.04,272.6,3,Suite,AllInclusive,0,10
4931,32.0,4.0,,187.71,6,Family,AllInclusive,0,9
4932,44.0,1.0,21.29,205.97,1,Suite,RoomOnly,0,9
4933,55.0,14.0,11.64,111.25,0,Standard,RoomOnly,0,8
4934,43.0,4.0,22.96,104.11,3,Deluxe,RoomOnly,1,6
4935,19.0,2.0,29.83,137.13,4,Deluxe,AllInclusive,0,10
4936,24.0,5.0,9.97,119.12,1,Deluxe,AllInclusive,0,9
4937,34.0,1.0,,118.98,1,Standard,AllInclusive,0,10
4938,39.0,2.0,30.23,139.22,3,Deluxe,RoomOnly,0,7
4939,42.0,2.0,82.35,162.66,4,Family,RoomOnly,1,5
4940,42.0,1.0,24.62,86.77,6,Standard,RoomOnly,0,10
4941,35.0,4.0,22.44,176.21,4,Deluxe,AllInclusive,1,8
4942,45.0,7.0,20.56,223.39,6,Family,AllInclusive,0,9
4943,22.0,9.0,19.47,99.74,1,Standard,RoomOnly,1,6
4944,18.0,4.0,11.46,140.0,6,Deluxe,RoomOnly,0,10
4945,45.0,3.0,17.37,177.62,3,Family,RoomOnly,0,8
4946,34.0,3.0,19.19,143.5,3,Family,RoomOnly,0,9
4947,20.0,5.0,20.38,134.72,0,Deluxe,AllInclusive,0,9
4948,39.0,2.0,49.32,198.37,5,Suite,RoomOnly,1,7
4949,45.0,3.0,10.89,127.42,4,Standard,AllInclusive,0,7
4950,46.0,2.0,23.24,131.98,6,Deluxe,RoomOnly,0,9
4951,41.0,4.0,,149.92,1,Deluxe,AllInclusive,0,9
4952,35.0,3.0,70.57,211.27,6,Suite,RoomOnly,0,8
4953,23.0,5.0,31.82,82.19,3,Standard,RoomOnly,0,7
4954,20.0,2.0,18.37,229.53,3,Suite,AllInclusive,0,9
4955,43.0,2.0,106.01,115.28,4,Deluxe,RoomOnly,1,6
4956,29.0,2.0,31.72,145.26,5,Deluxe,AllInclusive,0,9
4957,44.0,3.0,46.54,77.22,4,Standard,RoomOnly,0,7
4958,24.0,5.0,33.22,116.96,5,Standard,AllInclusive,0,9
4959,43.0,3.0,15.47,61.88,5,Standard,RoomOnly,0,9
4960,33.0,2.0,17.33,205.95,0,Family,AllInclusive,0,10
4961,32.0,2.0,12.31,151.08,0,Family,RoomOnly,0,10
4962,49.0,1.0,18.45,102.54,5,Deluxe,RoomOnly,0,9
4963,54.0,4.0,8.28,125.25,1,Deluxe,RoomOnly,0,8
4964,19.0,3.0,,166.51,0,Deluxe,AllInclusive,0,9
4965,30.0,1.0,13.14,134.95,1,Deluxe,RoomOnly,0,8
4966,32.0,2.0,12.11,72.28,6,Standard,RoomOnly,0,10
4967,35.0,2.0,29.79,93.25,2,Standard,AllInclusive,0,7
4968,30.0,6.0,7.04,155.19,6,Family,RoomOnly,0,8
4969,18.0,5.0,16.35,120.61,3,Standard,AllInclusive,0,10
4970,26.0,6.0,27.16,209.83,0,Suite,RoomOnly,0,8
4971,31.0,3.0,20.49,96.77,2,Standard,RoomOnly,0,8
4972,23.0,2.0,38.15,221.99,1,Suite,RoomOnly,0,9
4973,44.0,3.0,74.12,99.26,3,Standard,AllInclusive,0,8
4974,42.0,2.0,11.01,73.1,3,Standard,RoomOnly,0,7
4975,51.0,1.0,28.57,84.52,3,Standard,RoomOnly,0,7
4976,58.0,1.0,15.48,188.32,5,Family,AllInclusive,0,10
4977,38.0,1.0,27.22,140.45,6,Family,RoomOnly,0,8
4978,23.0,4.0,13.64,259.42,1,Suite,AllInclusive,0,10
4979,18.0,6.0,64.35,155.79,2,Deluxe,AllInclusive,0,10
4980,50.0,3.0,20.83,201.33,4,Family,AllInclusive,0,10
4981,31.0,5.0,12.13,143.6,3,Deluxe,RoomOnly,0,7
4982,33.0,3.0,28.73,134.09,4,Deluxe,RoomOnly,0,9
4983,45.0,2.0,28.24,141.21,3,Deluxe,AllInclusive,0,10
4984,29.0,3.0,28.14,153.67,6,Family,RoomOnly,0,9
4985,19.0,3.0,16.97,210.78,6,Suite,RoomOnly,0,9
4986,28.0,3.0,39.97,120.52,5,Deluxe,RoomOnly,0,9
4987,18.0,5.0,25.0,147.05,4,Deluxe,AllInclusive,1,6
4988,34.0,2.0,12.75,111.41,3,Standard,AllInclusive,0,8
4989,22.0,3.0,14.65,83.24,5,Standard,RoomOnly,0,10
4990,42.0,3.0,25.4,57.31,2,Standard,RoomOnly,0,6
4991,46.0,4.0,14.62,76.41,3,Standard,RoomOnly,0,7
4992,29.0,2.0,,143.72,6,Family,RoomOnly,0,8
4993,25.0,9.0,31.21,95.7,6,Standard,RoomOnly,0,7
4994,33.0,1.0,24.97,96.2,5,Standard,AllInclusive,0,7
4995,24.0,4.0,24.19,237.01,0,Suite,AllInclusive,0,10
4996,38.0,2.0,32.99,69.3,0,Standard,RoomOnly,1,5
4997,42.0,5.0,12.29,70.72,3,Standard,RoomOnly,0,6
4998,47.0,2.0,22.66,145.95,6,Deluxe,RoomOnly,0,10
4999,26.0,3.0,60.3,91.46,1,Standard,RoomOnly,0,8
5000,39.0,3.0,18.59,124.37,6,Standard,AllInclusive,0,10
5001,41.0,4.0,18.01,149.71,5,Deluxe,AllInclusive,0,10
5002,26.0,4.0,29.22,78.13,4,Standard,RoomOnly,1,6
5003,25.0,3.0,8.27,73.97,1,Standard,RoomOnly,0,8
5004,45.0,2.0,,107.81,5,Standard,AllInclusive,0,8
5005,26.0,5.0,11.49,169.98,6,Family,RoomOnly,0,9
5006,32.0,2.0,19.85,265.28,2,Suite,AllInclusive,0,10
5007,46.0,4.0,48.34,164.26,3,Deluxe,AllInclusive,0,9
5008,25.0,3.0,42.84,144.02,2,Family,RoomOnly,0,8
5009,28.0,1.0,32.31,156.13,4,Family,RoomOnly,0,9
5010,33.0,2.0,81.03,191.47,5,Family,AllInclusive,0,10
5011,29.0,2.0,8.92,238.09,2,Suite,AllInclusive,0,10
5012,40.0,3.0,50.59,111.98,1,Deluxe,RoomOnly,0,8
5013,48.0,4.0,22.09,177.25,2,Family,RoomOnly,0,9
5014,44.0,4.0,39.97,78.91,0,Standard,RoomOnly,1,5
5015,37.0,3.0,64.04,153.11,4,Deluxe,AllInclusive,0,8
5016,25.0,1.0,9.96,90.43,4,Standard,AllInclusive,0,10
5017,25.0,7.0,24.14,211.55,2,Suite,AllInclusive,0,10
5018,25.0,1.0,8.98,234.8,5,Suite,RoomOnly,0,9
5019,30.0,6.0,29.89,98.14,3,Standard,AllInclusive,0,8
5020,28.0,3.0,21.54,263.88,1,Suite,AllInclusive,0,8
5021,42.0,4.0,27.3,174.2,4,Deluxe,AllInclusive,0,10
5022,30.0,2.0,26.34,80.82,4,Standard,RoomOnly,0,6
5023,36.0,5.0,18.19,69.75,2,Standard,RoomOnly,0,5
5024,28.0,5.0,28.06,92.77,4,Standard,AllInclusive,0,9
5025,42.0,2.0,13.14,221.2,1,Suite,AllInclusive,0,10
5026,47.0,3.0,34.71,120.88,1,Standard,AllInclusive,0,9
5027,47.0,2.0,22.1,168.6,1,Deluxe,AllInclusive,0,10
5028,35.0,5.0,24.78,240.93,3,Suite,RoomOnly,0,10
5029,26.0,4.0,80.34,268.78,1,Suite,AllInclusive,0,10
5030,44.0,4.0,48.37,123.5,1,Standard,AllInclusive,1,8
5031,35.0,2.0,10.19,90.76,2,Standard,AllInclusive,0,10
5032,34.0,3.0,57.57,201.33,3,Family,AllInclusive,0,10
5033,25.0,1.0,18.08,72.49,3,Standard,RoomOnly,1,4
5034,36.0,2.0,44.92,152.51,3,Family,RoomOnly,0,8
5035,42.0,1.0,13.92,79.85,1,Standard,RoomOnly,0,7
5036,63.0,5.0,18.61,222.55,6,Suite,AllInclusive,0,9
5037,39.0,2.0,8.29,236.84,2,Suite,RoomOnly,0,10
5038,25.0,1.0,33.97,155.49,1,Deluxe,AllInclusive,1,7
5039,31.0,2.0,67.63,129.76,3,Deluxe,RoomOnly,0,8
5040,37.0,2.0,65.54,166.94,0,Family,RoomOnly,0,7
5041,25.0,3.0,42.79,196.04,1,Family,AllInclusive,0,8
5042,48.0,3.0,22.46,191.72,0,Family,AllInclusive,0,10
5043,25.0,3.0,61.56,118.89,0,Standard,AllInclusive,1,7
5044,28.0,2.0,30.35,192.51,4,Family,AllInclusive,1,8
5045,18.0,5.0,42.51,82.68,3,Standard,RoomOnly,0,8
5046,44.0,4.0,31.54,64.36,3,Standard,RoomOnly,0,9
5047,49.0,1.0,11.69,113.05,6,Deluxe,RoomOnly,0,9
5048,45.0,6.0,34.2,143.99,2,Family,RoomOnly,0,8
5049,23.0,2.0,34.65,181.69,4,Deluxe,AllInclusive,0,9
5050,46.0,3.0,20.95,71.6,0,Standard,RoomOnly,1,6
5051,34.0,1.0,15.35,115.99,1,Deluxe,RoomOnly,0,9
5052,29.0,4.0,14.08,112.47,1,Standard,AllInclusive,1,5
5053,53.0,3.0,14.51,223.0,0,Suite,RoomOnly,0,10
5054,49.0,4.0,26.34,165.0,1,Deluxe,AllInclusive,0,10
5055,65.0,3.0,65.91,133.57,2,Standard,AllInclusive,0,9
5056,45.0,2.0,4.79,105.66,0,Deluxe,RoomOnly,0,10
5057,21.0,2.0,91.07,97.31,4,Standard,RoomOnly,0,7
5058,56.0,3.0,22.74,175.11,4,Family,RoomOnly,0,9
5059,34.0,3.0,20.26,128.37,6,Deluxe,AllInclusive,1,7
5060,36.0,1.0,10.66,126.38,3,Deluxe,RoomOnly,0,8
5061,52.0,2.0,22.38,76.94,0,Standard,RoomOnly,0,6
5062,39.0,3.0,28.05,154.14,6,Deluxe,RoomOnly,0,9
5063,47.0,4.0,20.34,165.1,0,Family,AllInclusive,0,9
5064,38.0,3.0,16.82,83.2,6,Standard,RoomOnly,0,6
5065,39.0,4.0,10.61,163.29,3,Deluxe,AllInclusive,0,10
5066,32.0,4.0,50.74,116.28,3,Standard,AllInclusive,0,7
5067,19.0,2.0,37.65,100.04,3,Standard,AllInclusive,0,7
5068,26.0,2.0,129.97,242.23,1,Suite,AllInclusive,0,10
5069,37.0,2.0,28.67,162.12,4,Family,RoomOnly,0,10
5070,22.0,2.0,8.14,259.68,0,Suite,AllInclusive,0,10
5071,39.0,3.0,59.02,220.06,2,Suite,AllInclusive,0,10
5072,39.0,5.0,37.54,241.64,4,Suite,RoomOnly,1,7
5073,46.0,4.0,11.08,247.96,5,Suite,RoomOnly,0,10
5074,35.0,3.0,35.43,94.74,1,Standard,RoomOnly,0,7
5075,42.0,2.0,39.27,102.09,2,Standard,AllInclusive,0,9
5076,18.0,3.0,22.17,104.94,2,Deluxe,RoomOnly,0,10
5077,30.0,5.0,29.36,186.74,4,Suite,AllInclusive,0,10
5078,40.0,2.0,10.35,169.0,2,Family,RoomOnly,0,9
5079,33.0,2.0,33.06,150.1,2,Deluxe,AllInclusive,1,5
5080,37.0,2.0,,229.57,4,Suite,AllInclusive,0,10
5081,25.0,4.0,15.67,88.14,3,Standard,AllInclusive,0,8
5082,32.0,1.0,9.37,93.93,1,Standard,RoomOnly,0,10
5083,27.0,2.0,18.42,169.98,6,Family,RoomOnly,0,9
5084,44.0,2.0,13.32,107.68,6,Deluxe,RoomOnly,0,6
5085,27.0,3.0,50.55,117.95,0,Standard,AllInclusive,0,9
5086,22.0,3.0,102.79,130.58,6,Standard,AllInclusive,1,6
5087,27.0,2.0,37.48,134.55,2,Deluxe,RoomOnly,0,7
5088,32.0,4.0,36.01,81.09,1,Standard,RoomOnly,0,8
5089,45.0,2.0,16.51,93.26,4,Standard,RoomOnly,0,8
5090,41.0,4.0,35.19,226.97,5,Suite,AllInclusive,0,10
5091,34.0,3.0,24.92,85.36,2,Standard,RoomOnly,0,8
5092,40.0,3.0,12.19,120.82,2,Standard,AllInclusive,0,7
5093,32.0,2.0,11.73,112.4,4,Standard,AllInclusive,0,8
5094,28.0,2.0,23.65,164.27,4,Deluxe,AllInclusive,1,8
5095,21.0,3.0,33.24,95.16,0,Standard,RoomOnly,0,9
5096,47.0,3.0,59.42,81.2,6,Standard,RoomOnly,1,6
5097,42.0,2.0,,149.41,0,Deluxe,RoomOnly,0,8
5098,36.0,2.0,39.38,136.68,4,Deluxe,RoomOnly,0,10
5099,46.0,1.0,27.72,180.74,5,Deluxe,AllInclusive,0,10
5100,42.0,2.0,69.16,128.61,3,Deluxe,RoomOnly,0,7
5101,36.0,4.0,20.62,117.18,4,Deluxe,RoomOnly,0,9
5102,30.0,2.0,11.68,233.66,3,Suite,RoomOnly,0,10
5103,23.0,3.0,12.08,148.07,6,Deluxe,AllInclusive,0,10
5104,47.0,4.0,25.51,125.0,3,Deluxe,RoomOnly,0,9
5105,51.0,2.0,9.67,74.71,1,Standard,RoomOnly,0,7
5106,33.0,2.0,55.45,184.1,4,Deluxe,AllInclusive,0,10
5107,45.0,1.0,26.35,157.02,1,Family,AllInclusive,0,10
5108,50.0,2.0,17.61,150.95,1,Deluxe,RoomOnly,0,7
5109,39.0,2.0,13.01,121.06,3,Deluxe,RoomOnly,0,7
5110,29.0,2.0,17.71,133.16,4,Deluxe,RoomOnly,0,8
5111,48.0,2.0,25.78,97.17,5,Standard,RoomOnly,0,10
5112,33.0,1.0,24.47,211.92,0,Suite,AllInclusive,0,10
5113,49.0,4.0,17.71,176.11,3,Deluxe,AllInclusive,0,8
5114,44.0,1.0,,162.42,6,Family,RoomOnly,0,8
5115,42.0,2.0,31.13,129.13,2,Deluxe,RoomOnly,0,9
5116,36.0,3.0,21.52,92.86,3,Standard,RoomOnly,0,6
5117,28.0,2.0,45.87,217.89,1,Suite,RoomOnly,0,9
5118,35.0,2.0,60.11,223.15,5,Suite,RoomOnly,0,7
5119,28.0,1.0,11.79,88.47,4,Standard,RoomOnly,0,8
5120,18.0,1.0,11.62,60.85,0,Standard,RoomOnly,0,10
5121,18.0,3.0,40.55,264.08,3,Suite,AllInclusive,0,10
5122,28.0,2.0,16.29,199.0,5,Suite,RoomOnly,0,8
5123,33.0,2.0,29.71,230.29,6,Suite,RoomOnly,0,10
5124,59.0,4.0,15.87,146.75,4,Family,RoomOnly,0,8
5125,34.0,3.0,25.97,69.5,2,Standard,RoomOnly,0,7
5126,40.0,2.0,17.75,235.54,3,Suite,RoomOnly,0,10
5127,33.0,2.0,79.7,222.84,6,Suite,RoomOnly,0,10
5128,18.0,2.0,15.58,95.51,3,Standard,RoomOnly,0,9
5129,42.0,3.0,8.37,236.36,4,Suite,RoomOnly,0,9
5130,32.0,3.0,12.2,103.28,3,Standard,RoomOnly,0,7
5131,42.0,2.0,37.08,126.94,5,Standard,AllInclusive,0,8
5132,47.0,9.0,23.12,123.42,1,Standard,AllInclusive,0,9
5133,45.0,2.0,18.52,207.4,6,Suite,RoomOnly,0,9
5134,34.0,2.0,13.75,118.58,4,Deluxe,RoomOnly,0,9
5135,37.0,2.0,11.01,139.34,2,Deluxe,RoomOnly,0,9
5136,30.0,1.0,25.74,152.51,3,Deluxe,RoomOnly,1,6
5137,26.0,4.0,29.53,132.07,3,Deluxe,RoomOnly,1,6
5138,32.0,2.0,14.63,161.77,1,Deluxe,RoomOnly,0,5
5139,28.0,2.0,,112.42,5,Deluxe,RoomOnly,0,8
5140,24.0,1.0,17.11,137.83,5,Deluxe,RoomOnly,0,8
5141,18.0,2.0,38.85,171.3,2,Deluxe,RoomOnly,0,10
5142,30.0,5.0,11.49,164.31,1,Deluxe,AllInclusive,0,8
5143,25.0,5.0,51.51,179.14,5,Suite,AllInclusive,0,8
5144,40.0,1.0,13.72,122.14,0,Deluxe,RoomOnly,0,7
5145,40.0,3.0,27.38,70.13,0,Standard,RoomOnly,1,7
5146,43.0,3.0,42.26,122.57,5,Deluxe,RoomOnly,0,6
5147,30.0,2.0,28.6,222.01,4,Suite,AllInclusive,0,10
5148,18.0,1.0,73.24,93.63,4,Standard,RoomOnly,0,9
5149,20.0,3.0,51.39,77.15,6,Standard,RoomOnly,1,7
5150,50.0,2.0,51.61,117.0,2,Standard,AllInclusive,0,8
5151,18.0,2.0,36.84,135.0,4,Deluxe,RoomOnly,0,7
5152,18.0,4.0,49.41,210.7,1,Suite,RoomOnly,1,6
5153,36.0,5.0,34.51,223.61,4,Suite,AllInclusive,0,10
5154,21.0,2.0,32.7,115.82,1,Standard,AllInclusive,0,10
5155,26.0,3.0,33.91,112.75,5,Standard,AllInclusive,0,10
5156,29.0,1.0,20.11,117.76,3,Standard,AllInclusive,0,9
5157,37.0,1.0,20.55,84.53,0,Standard,RoomOnly,0,7
5158,20.0,2.0,15.66,113.76,5,Standard,AllInclusive,0,7
5159,18.0,1.0,20.36,130.92,3,Deluxe,RoomOnly,0,6
5160,19.0,2.0,20.7,207.57,4,Suite,AllInclusive,0,8
5161,18.0,6.0,11.7,110.27,4,Standard,RoomOnly,0,8
5162,32.0,3.0,9.44,60.9,0,Standard,RoomOnly,0,6
5163,43.0,2.0,36.32,208.84,0,Suite,RoomOnly,0,9
5164,33.0,2.0,13.67,125.17,0,Standard,AllInclusive,0,7
5165,32.0,4.0,21.35,136.43,5,Deluxe,RoomOnly,0,10
5166,29.0,8.0,28.48,100.45,0,Standard,AllInclusive,0,8
5167,26.0,2.0,34.98,197.54,2,Suite,RoomOnly,0,9
5168,38.0,4.0,82.09,157.07,4,Deluxe,AllInclusive,0,10
5169,22.0,3.0,52.95,100.07,2,Standard,AllInclusive,1,6
5170,33.0,3.0,8.44,67.73,3,Standard,RoomOnly,0,9
5171,32.0,3.0,21.61,167.37,6,Deluxe,RoomOnly,0,8
5172,33.0,3.0,57.83,160.42,6,Deluxe,AllInclusive,0,10
5173,40.0,1.0,50.61,151.09,2,Deluxe,AllInclusive,0,10
5174,43.0,3.0,19.62,219.14,3,Suite,AllInclusive,0,9
5175,18.0,1.0,7.42,225.77,4,Suite,RoomOnly,0,8
5176,34.0,2.0,7.79,102.36,0,Standard,RoomOnly,0,8
5177,27.0,2.0,18.12,94.81,3,Standard,RoomOnly,0,7
5178,43.0,4.0,39.9,156.79,1,Deluxe,RoomOnly,1,6
5179,40.0,6.0,27.12,138.21,2,Standard,AllInclusive,0,9
5180,44.0,3.0,44.25,71.43,1,Standard,RoomOnly,0,6
5181,32.0,3.0,34.71,212.94,2,Family,RoomOnly,0,10
5182,44.0,2.0,13.69,177.86,3,Family,AllInclusive,0,10
5183,43.0,2.0,19.1,101.65,6,Standard,AllInclusive,0,9
5184,20.0,4.0,13.02,74.96,4,Standard,RoomOnly,0,9
5185,18.0,4.0,19.1,222.15,5,Suite,RoomOnly,0,10
5186,34.0,2.0,15.72,127.84,3,Deluxe,RoomOnly,1,5
5187,25.0,2.0,13.67,81.64,2,Standard,RoomOnly,0,8
5188,37.0,2.0,52.63,152.83,1,Family,RoomOnly,0,9
5189,20.0,4.0,16.73,129.73,3,Deluxe,RoomOnly,0,8
5190,37.0,2.0,,134.79,2,Standard,AllInclusive,0,9
5191,25.0,3.0,19.48,122.84,1,Standard,AllInclusive,0,10
5192,41.0,3.0,9.01,64.81,5,Standard,RoomOnly,0,7
5193,32.0,2.0,26.08,60.43,0,Standard,RoomOnly,0,6
5194,40.0,3.0,6.68,153.86,2,Deluxe,RoomOnly,0,10
5195,25.0,1.0,,161.79,4,Family,RoomOnly,1,6
5196,37.0,2.0,20.11,124.88,1,Deluxe,RoomOnly,0,7
5197,21.0,3.0,47.36,129.88,4,Deluxe,RoomOnly,1,7
5198,30.0,3.0,10.79,201.94,6,Suite,RoomOnly,0,10
5199,30.0,4.0,5.38,103.46,6,Standard,RoomOnly,0,7
5200,29.0,3.0,12.51,82.32,6,Standard,RoomOnly,0,7
5201,32.0,2.0,51.32,162.04,2,Family,RoomOnly,0,7
5202,18.0,4.0,16.55,70.3,5,Standard,RoomOnly,0,7
5203,36.0,6.0,50.01,137.98,2,Deluxe,RoomOnly,1,6
5204,33.0,2.0,42.71,249.25,1,Suite,AllInclusive,1,8
5205,42.0,7.0,6.18,116.32,5,Standard,AllInclusive,0,10
5206,18.0,4.0,28.63,284.76,6,Suite,AllInclusive,0,10
5207,45.0,2.0,19.99,217.78,2,Suite,RoomOnly,0,10
5208,18.0,2.0,12.19,87.36,0,Standard,RoomOnly,0,6
5209,43.0,4.0,11.61,82.71,4,Standard,RoomOnly,0,7
5210,41.0,6.0,34.7,124.05,1,Standard,AllInclusive,0,7
5211,34.0,1.0,37.06,123.78,6,Deluxe,RoomOnly,0,9
5212,49.0,2.0,14.28,167.88,1,Deluxe,RoomOnly,0,9
5213,18.0,3.0,14.37,124.35,1,Deluxe,RoomOnly,0,8
5214,32.0,5.0,27.87,165.02,6,Deluxe,AllInclusive,0,8
5215,37.0,2.0,65.49,130.46,6,Deluxe,RoomOnly,0,8
5216,44.0,6.0,9.66,98.06,1,Standard,RoomOnly,0,6
5217,38.0,3.0,25.79,64.1,5,Standard,RoomOnly,0,8
5218,30.0,2.0,16.49,70.46,2,Standard,RoomOnly,1,4
5219,39.0,2.0,16.04,159.92,5,Deluxe,RoomOnly,0,9
5220,32.0,4.0,49.4,102.49,3,Standard,AllInclusive,0,8
5221,18.0,3.0,18.34,121.58,2,Deluxe,RoomOnly,0,7
5222,39.0,4.0,6.79,146.25,2,Deluxe,AllInclusive,0,10
5223,37.0,5.0,9.82,256.09,0,Suite,RoomOnly,0,10
5224,29.0,1.0,55.89,220.64,5,Suite,RoomOnly,0,10
5225,30.0,3.0,14.96,136.58,0,Deluxe,RoomOnly,0,9
5226,34.0,6.0,35.21,114.67,3,Deluxe,RoomOnly,0,8
5227,19.0,3.0,8.27,112.62,0,Deluxe,RoomOnly,0,9
5228,28.0,4.0,11.5,165.52,3,Deluxe,AllInclusive,0,9
5229,50.0,4.0,22.79,108.02,1,Standard,RoomOnly,0,9
5230,28.0,3.0,22.39,189.36,4,Family,RoomOnly,0,10
5231,31.0,3.0,73.65,74.65,1,Standard,RoomOnly,1,6
5232,23.0,2.0,29.27,150.49,2,Deluxe,AllInclusive,0,10
5233,39.0,2.0,56.69,144.64,1,Family,RoomOnly,0,8
5234,31.0,1.0,18.19,235.5,1,Suite,RoomOnly,0,9
5235,35.0,7.0,15.3,110.01,4,Deluxe,RoomOnly,0,9
5236,31.0,4.0,18.99,80.97,5,Standard,RoomOnly,0,8
5237,18.0,2.0,,205.78,1,Family,RoomOnly,0,9
5238,31.0,4.0,47.28,159.07,0,Deluxe,AllInclusive,0,10
5239,33.0,3.0,21.6,258.02,6,Suite,RoomOnly,0,10
5240,32.0,3.0,22.98,213.89,1,Suite,RoomOnly,0,9
5241,46.0,5.0,14.38,152.72,3,Family,RoomOnly,0,9
5242,54.0,6.0,22.02,123.34,5,Deluxe,RoomOnly,0,9
5243,40.0,3.0,15.99,138.59,6,Deluxe,RoomOnly,0,8
5244,24.0,3.0,7.52,232.26,2,Suite,RoomOnly,0,8
5245,49.0,1.0,8.37,113.6,0,Standard,AllInclusive,0,9
5246,26.0,4.0,20.44,143.18,3,Standard,AllInclusive,0,10
5247,51.0,3.0,37.83,107.15,0,Standard,AllInclusive,0,8
5248,41.0,4.0,52.67,173.4,1,Deluxe,AllInclusive,0,9
5249,38.0,6.0,24.08,97.48,5,Standard,RoomOnly,0,7
5250,30.0,1.0,16.01,165.19,2,Deluxe,AllInclusive,0,9
5251,31.0,3.0,18.57,87.95,0,Standard,RoomOnly,0,7
5252,44.0,1.0,27.98,266.76,2,Suite,AllInclusive,0,10
5253,33.0,2.0,19.5,146.92,2,Family,RoomOnly,0,9
5254,37.0,2.0,14.81,179.84,6,Family,AllInclusive,0,10
5255,43.0,5.0,25.61,162.38,0,Family,RoomOnly,0,10
5256,38.0,2.0,24.82,177.5,2,Family,AllInclusive,0,10
5257,48.0,4.0,,149.33,4,Deluxe,RoomOnly,0,10
5258,25.0,3.0,32.82,119.25,4,Standard,AllInclusive,0,8
5259,24.0,2.0,46.52,261.03,6,Suite,AllInclusive,0,10
5260,50.0,4.0,14.76,159.57,5,Family,RoomOnly,0,7
5261,29.0,1.0,24.77,179.89,6,Deluxe,AllInclusive,0,10
5262,39.0,3.0,26.33,178.65,2,Deluxe,AllInclusive,0,10
5263,36.0,1.0,32.88,107.29,6,Standard,RoomOnly,0,8
5264,30.0,3.0,11.96,147.36,0,Deluxe,RoomOnly,0,8
5265,21.0,5.0,25.61,74.89,5,Standard,RoomOnly,0,8
5266,48.0,3.0,22.62,158.48,5,Family,RoomOnly,0,8
5267,26.0,2.0,,234.47,1,Suite,RoomOnly,0,9
5268,45.0,1.0,5.7,69.49,1,Standard,RoomOnly,0,8
5269,26.0,2.0,55.36,279.36,3,Suite,RoomOnly,0,9
5270,32.0,3.0,27.19,259.09,0,Suite,RoomOnly,0,10
5271,25.0,2.0,4.07,78.33,3,Standard,RoomOnly,0,7
5272,30.0,3.0,,65.36,2,Standard,RoomOnly,0,8
5273,37.0,2.0,7.86,105.53,1,Standard,AllInclusive,0,9
5274,24.0,3.0,56.06,128.28,3,Standard,AllInclusive,0,9
5275,31.0,1.0,15.03,160.35,4,Family,RoomOnly,0,10
5276,38.0,2.0,14.09,230.24,1,Suite,RoomOnly,0,8
5277,45.0,4.0,40.6,219.3,2,Family,AllInclusive,0,10
5278,29.0,3.0,27.46,76.66,6,Standard,RoomOnly,0,7
5279,21.0,3.0,18.47,146.76,4,Deluxe,RoomOnly,0,9
5280,38.0,2.0,27.75,194.25,1,Suite,RoomOnly,1,7
5281,50.0,11.0,9.58,282.38,2,Suite,AllInclusive,0,9
5282,27.0,2.0,15.21,186.34,0,Deluxe,AllInclusive,0,8
5283,38.0,2.0,110.07,76.81,6,Standard,RoomOnly,1,4
5284,43.0,3.0,,141.81,5,Family,RoomOnly,0,8
5285,28.0,4.0,26.2,156.81,2,Deluxe,RoomOnly,1,8
5286,27.0,8.0,15.44,268.47,5,Suite,RoomOnly,0,10
5287,29.0,4.0,15.99,166.63,1,Family,RoomOnly,0,9
5288,45.0,2.0,48.48,107.45,0,Standard,AllInclusive,0,8
5289,30.0,3.0,35.02,126.37,3,Standard,AllInclusive,0,9
5290,42.0,4.0,23.12,233.84,3,Suite,RoomOnly,0,9
5291,40.0,3.0,7.13,150.25,5,Deluxe,RoomOnly,0,8
5292,35.0,2.0,7.13,161.83,3,Family,RoomOnly,0,9
5293,32.0,2.0,36.67,135.74,3,Deluxe,RoomOnly,0,6
5294,26.0,2.0,9.02,195.28,0,Family,AllInclusive,1,10
5295,59.0,2.0,10.88,61.51,0,Standard,RoomOnly,0,7
5296,41.0,2.0,,123.34,2,Standard,AllInclusive,0,10
5297,18.0,2.0,10.49,166.74,4,Family,RoomOnly,0,8
5298,33.0,2.0,24.84,118.16,6,Standard,AllInclusive,0,9
5299,28.0,5.0,8.58,104.3,2,Standard,RoomOnly,0,8
5300,33.0,5.0,24.89,190.89,5,Deluxe,AllInclusive,0,10
5301,54.0,2.0,,90.16,3,Standard,RoomOnly,0,9
5302,18.0,2.0,13.74,126.57,5,Deluxe,RoomOnly,0,8
5303,45.0,1.0,43.53,122.54,2,Standard,AllInclusive,0,10
5304,39.0,3.0,24.79,127.95,3,Deluxe,RoomOnly,0,9
5305,49.0,3.0,63.69,303.21,2,Suite,AllInclusive,0,10
5306,38.0,1.0,,91.53,0,Standard,AllInclusive,0,9
5307,20.0,2.0,54.16,211.7,2,Suite,RoomOnly,0,7
5308,30.0,3.0,19.57,197.08,5,Suite,RoomOnly,0,7
5309,18.0,2.0,104.63,109.1,4,Standard,AllInclusive,1,7
5310,57.0,2.0,46.29,198.1,6,Family,AllInclusive,0,9
5311,35.0,1.0,69.22,110.39,0,Standard,AllInclusive,0,10
5312,25.0,2.0,10.22,188.28,4,Deluxe,AllInclusive,0,9
5313,33.0,3.0,24.8,196.61,6,Family,AllInclusive,0,9
5314,44.0,2.0,42.27,178.73,3,Family,AllInclusive,0,10
5315,39.0,2.0,36.81,145.26,4,Deluxe,RoomOnly,1,5
5316,48.0,4.0,16.11,231.33,4,Suite,AllInclusive,0,10
5317,35.0,3.0,29.28,161.1,5,Family,RoomOnly,1,6
5318,34.0,3.0,23.42,68.66,5,Standard,RoomOnly,0,8
5319,19.0,3.0,61.75,108.69,6,Standard,AllInclusive,0,10
5320,24.0,4.0,52.52,215.02,5,Family,AllInclusive,0,9
5321,30.0,3.0,23.37,122.17,2,Standard,AllInclusive,1,5
5322,48.0,5.0,17.62,245.95,2,Suite,RoomOnly,0,10
5323,24.0,2.0,33.5,162.77,0,Family,RoomOnly,0,8
5324,40.0,2.0,23.93,106.39,1,Standard,AllInclusive,0,6
5325,43.0,3.0,25.8,293.67,1,Suite,AllInclusive,0,10
5326,43.0,2.0,14.77,211.11,6,Suite,AllInclusive,0,10
5327,30.0,3.0,5.37,147.61,4,Deluxe,RoomOnly,0,7
5328,26.0,3.0,,132.9,3,Deluxe,RoomOnly,0,7
5329,28.0,3.0,21.52,90.84,0,Standard,RoomOnly,0,8
5330,33.0,5.0,24.18,118.3,0,Standard,AllInclusive,1,5
5331,35.0,5.0,38.93,115.51,2,Standard,AllInclusive,0,10
5332,43.0,6.0,13.64,105.5,4,Deluxe,RoomOnly,0,9
5333,33.0,1.0,28.14,95.41,1,Standard,AllInclusive,0,8
5334,50.0,3.0,22.69,264.46,4,Suite,AllInclusive,0,10
5335,34.0,2.0,32.5,151.82,5,Deluxe,AllInclusive,0,10
5336,29.0,1.0,20.34,274.47,0,Suite,AllInclusive,0,10
5337,23.0,3.0,21.69,106.03,4,Standard,AllInclusive,0,9
5338,54.0,7.0,42.49,115.1,4,Standard,AllInclusive,0,9
5339,44.0,2.0,39.92,172.0,1,Deluxe,AllInclusive,0,8
5340,33.0,3.0,40.77,190.35,1,Family,AllInclusive,0,9
5341,50.0,1.0,21.37,131.03,3,Deluxe,RoomOnly,0,8
5342,49.0,2.0,19.53,283.05,2,Suite,AllInclusive,0,10
5343,35.0,1.0,,104.89,1,Deluxe,RoomOnly,0,9
5344,43.0,2.0,68.61,133.21,2,Deluxe,RoomOnly,0,8
5345,34.0,3.0,21.3,214.88,0,Suite,RoomOnly,0,10
5346,52.0,5.0,49.74,134.4,6,Standard,AllInclusive,0,8
5347,35.0,5.0,27.62,232.06,6,Suite,RoomOnly,0,10
5348,20.0,2.0,7.95,138.35,6,Family,RoomOnly,0,8
5349,36.0,4.0,17.5,281.17,6,Suite,AllInclusive,0,10
5350,33.0,2.0,37.85,133.71,6,Family,RoomOnly,0,9
5351,36.0,2.0,16.14,129.83,2,Standard,AllInclusive,1,6
5352,36.0,2.0,41.65,116.3,2,Deluxe,RoomOnly,0,7
5353,33.0,4.0,6.8,256.21,1,Suite,AllInclusive,0,10
5354,37.0,1.0,31.37,128.36,1,Standard,AllInclusive,0,10
5355,38.0,3.0,14.0,63.08,1,Standard,RoomOnly,0,9
5356,31.0,3.0,19.06,105.15,1,Deluxe,RoomOnly,0,10
5357,30.0,5.0,44.4,189.76,4,Deluxe,AllInclusive,1,7
5358,38.0,2.0,22.84,202.01,2,Suite,RoomOnly,0,8
5359,27.0,2.0,39.07,116.42,4,Standard,AllInclusive,0,9
5360,26.0,2.0,21.98,169.97,0,Deluxe,AllInclusive,0,10
5361,41.0,2.0,,125.65,5,Standard,AllInclusive,0,8
5362,18.0,6.0,9.82,92.81,5,Standard,RoomOnly,1,6
5363,34.0,1.0,38.14,83.68,2,Standard,RoomOnly,0,7
5364,29.0,3.0,27.42,254.95,0,Suite,RoomOnly,0,10
5365,40.0,2.0,29.35,213.85,3,Suite,RoomOnly,0,10
5366,18.0,4.0,29.74,135.72,1,Deluxe,RoomOnly,0,9
5367,24.0,2.0,,141.63,1,Deluxe,RoomOnly,0,8
5368,40.0,5.0,39.95,294.83,6,Suite,AllInclusive,1,8
5369,34.0,4.0,13.23,82.65,0,Standard,RoomOnly,0,8
5370,36.0,1.0,55.16,151.99,3,Deluxe,AllInclusive,0,10
5371,32.0,2.0,19.55,108.97,6,Standard,AllInclusive,1,5
5372,31.0,3.0,29.78,88.96,2,Standard,RoomOnly,0,7
5373,45.0,1.0,32.57,114.28,5,Standard,AllInclusive,0,8
5374,38.0,7.0,19.17,138.35,5,Deluxe,RoomOnly,0,7
5375,25.0,3.0,17.59,137.36,0,Family,RoomOnly,0,8
5376,38.0,3.0,12.41,70.29,4,Standard,RoomOnly,0,8
5377,37.0,3.0,54.94,232.38,0,Suite,AllInclusive,0,10
5378,30.0,4.0,13.16,83.84,4,Standard,RoomOnly,1,6
5379,18.0,6.0,17.35,208.85,2,Suite,RoomOnly,0,10
5380,18.0,1.0,25.08,157.1,5,Family,RoomOnly,0,9
5381,31.0,2.0,30.13,157.18,4,Deluxe,AllInclusive,0,10
5382,40.0,1.0,39.72,118.77,3,Standard,AllInclusive,0,10
5383,36.0,4.0,23.35,179.44,0,Family,RoomOnly,0,9
5384,39.0,2.0,34.39,136.75,1,Standard,AllInclusive,0,9
5385,18.0,2.0,20.12,82.71,0,Standard,RoomOnly,1,5
5386,33.0,3.0,63.99,78.62,0,Standard,RoomOnly,1,5
5387,37.0,2.0,16.36,144.56,6,Deluxe,AllInclusive,0,10
5388,34.0,1.0,9.87,78.62,3,Standard,RoomOnly,0,8
5389,47.0,7.0,70.04,261.67,6,Suite,AllInclusive,0,9
5390,34.0,3.0,36.94,79.05,0,Standard,AllInclusive,1,7
5391,21.0,9.0,29.19,110.37,0,Standard,AllInclusive,0,8
5392,26.0,3.0,50.2,149.92,1,Family,AllInclusive,0,10
5393,24.0,2.0,30.18,131.03,6,Standard,AllInclusive,0,10
5394,25.0,6.0,17.22,257.2,0,Suite,AllInclusive,0,9
5395,37.0,3.0,17.79,158.0,3,Family,RoomOnly,0,8
5396,39.0,2.0,27.24,188.17,1,Deluxe,AllInclusive,0,10
5397,32.0,2.0,16.08,218.02,2,Suite,RoomOnly,1,7
5398,31.0,1.0,40.6,121.07,6,Deluxe,RoomOnly,0,8
5399,45.0,3.0,30.06,169.87,3,Deluxe,AllInclusive,1,6
5400,40.0,3.0,30.03,103.77,1,Standard,AllInclusive,0,9
5401,18.0,3.0,27.25,88.2,3,Standard,AllInclusive,0,7
5402,33.0,2.0,43.18,124.97,6,Deluxe,AllInclusive,0,8
5403,51.0,2.0,15.25,73.46,1,Standard,RoomOnly,1,5
5404,31.0,1.0,33.66,67.45,2,Standard,RoomOnly,0,8
5405,36.0,2.0,35.73,157.34,6,Family,RoomOnly,0,9
5406,55.0,2.0,7.0,191.02,0,Deluxe,AllInclusive,0,10
5407,37.0,3.0,26.86,241.29,6,Suite,RoomOnly,1,7
5408,31.0,3.0,18.82,82.11,3,Standard,RoomOnly,1,4
5409,18.0,4.0,12.08,88.73,6,Standard,RoomOnly,1,6
5410,50.0,2.0,9.04,77.67,6,Standard,RoomOnly,0,7
5411,26.0,6.0,83.33,279.2,6,Suite,RoomOnly,0,9
5412,53.0,3.0,,257.04,6,Suite,AllInclusive,0,10
5413,40.0,3.0,133.47,161.77,0,Deluxe,AllInclusive,1,7
5414,45.0,3.0,31.81,226.42,4,Suite,RoomOnly,0,9
5415,59.0,1.0,16.78,114.7,5,Deluxe,RoomOnly,0,8
5416,48.0,5.0,36.07,167.72,0,Deluxe,AllInclusive,0,9
5417,26.0,3.0,16.72,137.66,1,Family,RoomOnly,0,8
5418,21.0,2.0,31.29,150.01,4,Family,RoomOnly,0,9
5419,34.0,2.0,31.83,147.88,2,Deluxe,RoomOnly,0,8
5420,33.0,2.0,13.6,116.26,0,Standard,AllInclusive,0,10
5421,30.0,1.0,9.46,133.06,5,Deluxe,RoomOnly,0,7
5422,52.0,3.0,66.67,221.66,4,Suite,AllInclusive,0,9
5423,34.0,4.0,,157.13,2,Deluxe,RoomOnly,0,9
5424,43.0,2.0,12.65,140.83,2,Deluxe,RoomOnly,0,9
5425,30.0,1.0,13.58,126.14,5,Deluxe,RoomOnly,0,7
5426,34.0,3.0,88.48,282.03,1,Suite,AllInclusive,0,10
5427,28.0,3.0,39.49,217.88,5,Family,AllInclusive,0,10
5428,40.0,2.0,25.65,96.0,2,Standard,AllInclusive,0,9
5429,19.0,3.0,43.76,129.64,3,Deluxe,AllInclusive,0,10
5430,35.0,1.0,16.84,145.09,0,Deluxe,AllInclusive,1,6
5431,33.0,3.0,26.78,89.14,0,Standard,RoomOnly,0,7
5432,27.0,3.0,9.34,86.9,5,Standard,RoomOnly,0,7
5433,42.0,1.0,86.81,77.39,3,Standard,RoomOnly,1,4
5434,34.0,5.0,30.94,250.69,2,Suite,AllInclusive,0,10
5435,33.0,3.0,21.75,199.25,2,Suite,AllInclusive,0,10
5436,41.0,3.0,69.44,247.37,1,Suite,AllInclusive,0,10
5437,24.0,4.0,34.4,168.6,3,Deluxe,AllInclusive,0,8
5438,42.0,5.0,76.53,127.8,6,Standard,AllInclusive,0,10
5439,31.0,2.0,,178.25,3,Family,RoomOnly,0,8
5440,39.0,2.0,15.84,159.02,6,Family,RoomOnly,0,10
5441,41.0,3.0,18.02,79.78,2,Standard,RoomOnly,0,9
5442,46.0,1.0,,69.91,2,Standard,RoomOnly,0,9
5443,34.0,4.0,11.73,192.7,5,Family,RoomOnly,0,9
5444,44.0,3.0,11.22,166.5,3,Family,RoomOnly,0,8
5445,48.0,3.0,14.27,84.52,5,Standard,RoomOnly,0,9
5446,25.0,7.0,29.41,177.85,1,Family,RoomOnly,1,6
5447,25.0,8.0,16.17,178.03,2,Family,RoomOnly,0,8
5448,38.0,3.0,70.74,254.94,1,Suite,RoomOnly,1,7
5449,39.0,6.0,14.03,60.16,1,Standard,RoomOnly,0,9
5450,55.0,2.0,25.85,148.98,6,Deluxe,AllInclusive,0,9
5451,26.0,4.0,31.11,271.76,6,Suite,AllInclusive,0,10
5452,40.0,5.0,32.39,134.62,5,Standard,AllInclusive,0,10
5453,48.0,2.0,33.75,215.81,4,Suite,RoomOnly,0,8
5454,18.0,2.0,7.07,129.91,6,Deluxe,RoomOnly,0,8
5455,33.0,4.0,28.04,158.56,4,Deluxe,AllInclusive,0,9
5456,32.0,5.0,23.69,161.54,6,Deluxe,AllInclusive,0,10
5457,37.0,4.0,14.22,134.22,0,Deluxe,RoomOnly,0,7
5458,44.0,5.0,10.89,113.43,6,Deluxe,RoomOnly,0,6
5459,26.0,3.0,36.8,94.94,1,Standard,AllInclusive,1,6
5460,51.0,3.0,23.55,251.91,3,Suite,AllInclusive,0,10
5461,45.0,4.0,23.92,109.26,3,Standard,AllInclusive,0,9
5462,30.0,2.0,24.73,107.23,4,Deluxe,RoomOnly,0,7
5463,42.0,4.0,9.61,144.45,5,Family,RoomOnly,0,6
5464,43.0,3.0,12.23,67.96,3,Standard,RoomOnly,0,9
5465,48.0,2.0,65.86,121.04,5,Deluxe,RoomOnly,0,9
5466,30.0,2.0,25.04,131.34,5,Deluxe,AllInclusive,0,7
5467,23.0,4.0,41.0,153.4,5,Family,RoomOnly,0,8
5468,27.0,5.0,48.34,89.28,0,Standard,AllInclusive,1,4
5469,29.0,2.0,17.66,142.76,3,Deluxe,AllInclusive,0,8
5470,34.0,4.0,10.02,119.89,4,Deluxe,RoomOnly,0,7
5471,25.0,3.0,9.65,64.52,6,Standard,RoomOnly,0,8
5472,36.0,3.0,10.4,66.3,1,Standard,RoomOnly,0,8
5473,42.0,1.0,9.58,176.57,6,Deluxe,AllInclusive,0,10
5474,42.0,7.0,26.72,81.85,1,Standard,RoomOnly,0,8
5475,60.0,3.0,13.89,119.71,0,Deluxe,RoomOnly,1,6
5476,34.0,1.0,40.89,186.25,2,Family,RoomOnly,0,8
5477,24.0,11.0,10.6,232.84,1,Suite,RoomOnly,0,7
5478,23.0,3.0,24.38,90.3,2,Standard,RoomOnly,1,5
5479,38.0,3.0,18.73,124.34,6,Standard,AllInclusive,0,10
5480,29.0,3.0,14.95,102.57,2,Standard,RoomOnly,0,9
5481,20.0,2.0,40.48,68.75,4,Standard,RoomOnly,0,9
5482,39.0,2.0,12.24,248.89,4,Suite,RoomOnly,0,10
5483,25.0,3.0,24.5,122.89,0,Deluxe,RoomOnly,0,7
5484,31.0,3.0,9.36,125.21,5,Standard,AllInclusive,0,9
5485,48.0,5.0,55.7,121.43,2,Family,RoomOnly,0,7
5486,25.0,1.0,33.9,132.82,4,Deluxe,RoomOnly,1,6
5487,21.0,1.0,12.26,162.16,0,Deluxe,AllInclusive,0,9
5488,19.0,8.0,32.89,118.66,6,Standard,AllInclusive,0,10
5489,30.0,2.0,26.62,80.17,0,Standard,RoomOnly,0,8
5490,23.0,2.0,18.7,202.46,6,Family,AllInclusive,0,10
5491,21.0,6.0,47.0,192.65,0,Deluxe,AllInclusive,0,10
5492,27.0,2.0,20.21,193.24,1,Family,AllInclusive,0,10
5493,27.0,2.0,,228.79,0,Suite,RoomOnly,0,10
5494,24.0,4.0,20.13,259.77,1,Suite,AllInclusive,0,10
5495,58.0,2.0,11.43,191.7,1,Suite,AllInclusive,0,9
5496,55.0,4.0,44.53,53.91,3,Standard,RoomOnly,1,5
5497,31.0,6.0,63.22,133.13,4,Standard,AllInclusive,0,8
5498,29.0,4.0,18.78,273.5,0,Suite,RoomOnly,0,10
5499,34.0,1.0,16.59,282.08,2,Suite,AllInclusive,0,9
5500,24.0,2.0,8.59,214.93,4,Family,AllInclusive,0,10
5501,24.0,2.0,29.53,256.95,6,Suite,AllInclusive,0,9
5502,29.0,6.0,31.44,134.16,4,Family,RoomOnly,0,6
5503,31.0,4.0,14.41,108.84,3,Standard,RoomOnly,0,8
5504,44.0,3.0,9.09,135.85,2,Deluxe,RoomOnly,0,9
5505,30.0,3.0,69.84,119.75,4,Deluxe,RoomOnly,1,4
5506,35.0,4.0,16.06,160.03,5,Suite,RoomOnly,0,9
5507,28.0,2.0,28.94,142.25,5,Deluxe,RoomOnly,0,8
5508,54.0,2.0,44.53,272.52,3,Suite,AllInclusive,0,10
5509,59.0,4.0,17.06,252.34,6,Suite,AllInclusive,0,10
5510,46.0,2.0,6.58,90.37,0,Standard,RoomOnly,0,8
5511,42.0,1.0,20.41,115.61,3,Deluxe,RoomOnly,0,8
5512,18.0,3.0,37.55,130.99,4,Deluxe,RoomOnly,1,7
5513,39.0,4.0,19.0,164.5,2,Deluxe,RoomOnly,1,5
5514,51.0,4.0,11.13,88.72,3,Standard,RoomOnly,0,7
5515,18.0,2.0,9.49,125.19,2,Deluxe,RoomOnly,0,10
5516,41.0,2.0,21.52,160.84,3,Suite,RoomOnly,0,8
5517,60.0,2.0,30.19,225.05,0,Suite,AllInclusive,0,10
5518,34.0,3.0,40.31,199.27,2,Family,RoomOnly,0,9
5519,36.0,2.0,11.24,128.6,1,Deluxe,RoomOnly,0,10
5520,60.0,2.0,35.19,240.17,0,Suite,RoomOnly,0,9
5521,49.0,2.0,15.82,85.38,6,Standard,RoomOnly,0,8
5522,18.0,3.0,21.39,211.81,1,Family,AllInclusive,0,10
5523,25.0,3.0,16.79,250.17,4,Suite,AllInclusive,1,8
5524,46.0,6.0,63.38,102.77,4,Standard,AllInclusive,0,10
5525,18.0,1.0,33.94,116.38,0,Standard,AllInclusive,0,8
5526,24.0,2.0,24.83,106.17,3,Deluxe,RoomOnly,1,4
5527,27.0,2.0,52.12,81.59,4,Standard,RoomOnly,0,7
5528,26.0,3.0,21.74,119.96,4,Standard,AllInclusive,0,9
5529,25.0,2.0,31.34,75.76,2,Standard,RoomOnly,0,8
5530,31.0,3.0,44.79,178.86,3,Deluxe,AllInclusive,0,9
5531,22.0,2.0,33.03,179.24,0,Deluxe,AllInclusive,0,9
5532,18.0,3.0,59.74,150.2,5,Deluxe,RoomOnly,1,6
5533,37.0,2.0,20.59,143.25,3,Family,AllInclusive,0,9
5534,44.0,1.0,17.13,187.42,3,Family,AllInclusive,1,8
5535,33.0,2.0,12.79,154.35,3,Deluxe,AllInclusive,0,8
5536,39.0,4.0,18.45,173.57,3,Deluxe,AllInclusive,0,10
5537,49.0,3.0,20.23,218.15,0,Suite,RoomOnly,0,10
5538,40.0,1.0,36.79,132.91,4,Standard,AllInclusive,0,9
5539,34.0,1.0,11.28,173.77,6,Family,RoomOnly,0,8
5540,51.0,6.0,33.67,113.79,3,Deluxe,RoomOnly,1,6
5541,47.0,3.0,11.98,97.14,1,Standard,AllInclusive,1,9
5542,33.0,3.0,69.83,257.32,2,Suite,AllInclusive,1,8
5543,43.0,3.0,22.97,125.13,2,Standard,AllInclusive,0,8
5544,40.0,2.0,23.59,254.95,2,Suite,AllInclusive,0,10
5545,62.0,5.0,14.0,147.8,0,Family,RoomOnly,0,10
5546,53.0,2.0,9.58,166.34,3,Family,RoomOnly,0,8
5547,39.0,3.0,10.1,85.83,4,Standard,RoomOnly,0,8
5548,44.0,5.0,30.77,102.52,1,Standard,AllInclusive,0,9
5549,18.0,1.0,18.24,124.3,5,Deluxe,RoomOnly,0,8
5550,35.0,5.0,33.4,202.11,1,Family,RoomOnly,0,9
5551,35.0,6.0,89.82,260.36,3,Suite,AllInclusive,1,8
5552,39.0,4.0,34.84,104.7,6,Standard,AllInclusive,0,9
5553,29.0,2.0,21.6,166.77,6,Deluxe,AllInclusive,0,10
5554,35.0,6.0,12.02,114.42,0,Standard,AllInclusive,0,10
5555,39.0,6.0,35.01,122.52,5,Deluxe,RoomOnly,0,8
5556,29.0,2.0,,91.15,2,Standard,AllInclusive,0,10
5557,33.0,2.0,6.09,125.54,4,Deluxe,RoomOnly,0,9
5558,31.0,2.0,22.49,113.46,1,Deluxe,RoomOnly,0,8
5559,46.0,1.0,28.33,72.57,3,Standard,RoomOnly,0,10
5560,49.0,2.0,21.57,164.06,1,Family,RoomOnly,0,10
5561,57.0,2.0,15.43,78.29,6,Standard,RoomOnly,0,8
5562,35.0,2.0,14.92,218.04,4,Suite,AllInclusive,0,10
5563,54.0,2.0,28.33,102.65,1,Standard,AllInclusive,0,9
5564,26.0,2.0,24.77,237.77,4,Suite,RoomOnly,0,10
5565,19.0,3.0,33.44,281.61,3,Suite,AllInclusive,0,10
5566,34.0,3.0,17.15,73.99,3,Standard,RoomOnly,0,8
5567,39.0,1.0,26.28,110.75,6,Deluxe,RoomOnly,0,9
5568,19.0,4.0,11.88,156.35,3,Family,RoomOnly,0,10
5569,32.0,2.0,14.24,146.97,3,Deluxe,RoomOnly,0,9
5570,36.0,2.0,33.82,95.46,6,Standard,RoomOnly,0,8
5571,29.0,2.0,,87.76,5,Standard,RoomOnly,0,7
5572,33.0,2.0,11.95,101.69,4,Standard,RoomOnly,0,6
5573,37.0,5.0,9.47,87.89,3,Standard,RoomOnly,0,8
5574,48.0,2.0,18.26,79.3,4,Standard,RoomOnly,0,7
5575,43.0,2.0,14.98,102.68,6,Standard,AllInclusive,0,10
5576,40.0,4.0,36.53,247.21,5,Suite,AllInclusive,0,10
5577,18.0,4.0,37.46,118.96,1,Deluxe,RoomOnly,0,7
5578,35.0,1.0,22.21,79.44,3,Standard,RoomOnly,0,7
5579,48.0,9.0,32.43,261.19,4,Suite,RoomOnly,0,10
5580,38.0,6.0,8.29,107.79,4,Standard,RoomOnly,0,7
5581,42.0,2.0,18.45,73.56,1,Standard,RoomOnly,0,8
5582,26.0,6.0,,130.38,1,Deluxe,RoomOnly,0,8
5583,25.0,3.0,25.66,82.0,4,Standard,RoomOnly,1,5
5584,30.0,2.0,20.44,172.78,3,Family,RoomOnly,1,9
5585,51.0,4.0,36.23,68.9,6,Standard,RoomOnly,0,9
5586,36.0,6.0,28.51,66.41,5,Standard,RoomOnly,0,7
5587,53.0,5.0,57.45,119.89,2,Standard,AllInclusive,0,9
5588,27.0,4.0,11.7,188.47,3,Family,RoomOnly,0,8
5589,18.0,3.0,14.33,151.97,2,Deluxe,RoomOnly,0,10
5590,33.0,3.0,25.53,162.15,6,Deluxe,RoomOnly,0,8
5591,29.0,3.0,21.61,104.01,6,Standard,AllInclusive,0,9
5592,47.0,2.0,30.25,122.34,0,Deluxe,RoomOnly,0,10
5593,52.0,3.0,37.28,131.35,1,Standard,AllInclusive,0,9
5594,51.0,2.0,9.35,263.33,2,Suite,AllInclusive,0,9
5595,40.0,6.0,8.38,131.5,3,Standard,AllInclusive,0,9
5596,43.0,2.0,8.14,166.53,0,Family,RoomOnly,0,10
5597,43.0,2.0,,116.44,5,Standard,AllInclusive,0,8
5598,28.0,2.0,15.15,97.22,0,Standard,RoomOnly,0,8
5599,38.0,3.0,26.53,241.19,0,Suite,RoomOnly,0,10
5600,36.0,2.0,40.12,89.93,4,Standard,AllInclusive,0,10
5601,29.0,4.0,,94.31,0,Standard,RoomOnly,0,9
5602,32.0,4.0,12.96,91.85,3,Standard,RoomOnly,0,8
5603,30.0,2.0,,201.47,5,Suite,RoomOnly,0,9
5604,43.0,3.0,,97.96,0,Standard,RoomOnly,0,10
5605,44.0,5.0,17.63,192.18,6,Family,AllInclusive,0,10
5606,43.0,3.0,11.92,253.16,1,Suite,AllInclusive,0,10
5607,33.0,4.0,,154.04,0,Family,RoomOnly,0,9
5608,44.0,9.0,10.23,100.93,4,Standard,RoomOnly,0,9
5609,32.0,4.0,36.86,151.52,6,Deluxe,AllInclusive,0,9
5610,33.0,4.0,16.94,105.71,1,Deluxe,RoomOnly,1,5
5611,34.0,3.0,59.06,97.31,4,Standard,RoomOnly,1,5
5612,48.0,2.0,28.87,192.17,2,Family,AllInclusive,0,8
5613,34.0,4.0,16.02,183.5,1,Family,RoomOnly,0,10
5614,30.0,2.0,9.15,222.31,4,Suite,RoomOnly,0,6
5615,27.0,3.0,31.2,284.97,4,Suite,AllInclusive,0,10
5616,33.0,10.0,16.09,171.89,0,Deluxe,AllInclusive,1,6
5617,18.0,4.0,17.08,207.46,3,Suite,RoomOnly,0,10
5618,41.0,5.0,89.58,205.33,5,Family,RoomOnly,0,10
5619,29.0,4.0,39.16,121.94,0,Standard,AllInclusive,0,10
5620,18.0,2.0,24.1,86.58,1,Standard,RoomOnly,1,5
5621,21.0,1.0,22.33,286.9,5,Suite,AllInclusive,0,10
5622,26.0,5.0,9.1,93.47,5,Standard,RoomOnly,0,8
5623,30.0,6.0,8.69,81.72,2,Standard,RoomOnly,0,6
5624,32.0,4.0,19.37,230.03,4,Suite,AllInclusive,0,10
5625,42.0,5.0,7.01,81.12,5,Standard,RoomOnly,1,7
5626,34.0,2.0,,222.81,6,Suite,AllInclusive,0,10
5627,35.0,2.0,21.4,146.54,5,Deluxe,RoomOnly,0,8
5628,39.0,2.0,76.11,119.97,0,Deluxe,RoomOnly,0,8
5629,26.0,2.0,13.71,176.43,0,Family,AllInclusive,0,10
5630,34.0,4.0,23.32,133.72,4,Deluxe,RoomOnly,0,9
5631,33.0,3.0,32.69,151.59,4,Deluxe,RoomOnly,0,8
5632,49.0,1.0,20.19,113.97,1,Deluxe,RoomOnly,0,5
5633,38.0,3.0,10.79,179.52,0,Deluxe,AllInclusive,0,8
5634,40.0,2.0,20.59,87.53,6,Standard,AllInclusive,1,7
5635,38.0,4.0,22.53,183.56,2,Family,AllInclusive,0,10
5636,44.0,2.0,14.6,90.21,6,Standard,RoomOnly,1,6
5637,48.0,7.0,10.34,155.58,5,Family,RoomOnly,0,10
5638,37.0,2.0,21.21,128.96,4,Standard,AllInclusive,1,5
5639,27.0,1.0,18.45,85.6,3,Standard,RoomOnly,1,7
5640,34.0,2.0,27.71,60.48,5,Standard,RoomOnly,0,7
5641,21.0,1.0,13.21,157.96,3,Family,RoomOnly,1,4
5642,18.0,1.0,21.88,189.79,6,Deluxe,AllInclusive,0,8
5643,34.0,2.0,42.64,240.85,3,Suite,AllInclusive,1,8
5644,40.0,3.0,15.27,83.12,2,Standard,RoomOnly,0,9
5645,31.0,4.0,33.65,202.34,0,Suite,RoomOnly,0,9
5646,41.0,2.0,8.47,70.39,1,Standard,RoomOnly,0,7
5647,56.0,3.0,23.34,234.33,0,Suite,RoomOnly,0,9
5648,47.0,7.0,44.45,144.92,1,Family,RoomOnly,0,10
5649,27.0,5.0,15.2,77.73,2,Standard,RoomOnly,0,8
5650,29.0,2.0,37.24,258.38,6,Suite,RoomOnly,0,9
5651,35.0,3.0,17.34,82.13,3,Standard,RoomOnly,0,7
5652,18.0,3.0,28.7,264.28,3,Suite,AllInclusive,0,10
5653,34.0,2.0,21.59,213.84,6,Suite,AllInclusive,0,9
5654,33.0,2.0,52.45,80.2,1,Standard,RoomOnly,0,9
5655,50.0,4.0,68.2,160.3,2,Deluxe,RoomOnly,0,8
5656,32.0,8.0,40.15,89.6,2,Standard,RoomOnly,0,6
5657,32.0,4.0,8.75,191.0,3,Suite,RoomOnly,0,8
5658,39.0,3.0,10.35,92.99,5,Standard,RoomOnly,0,9
5659,39.0,7.0,5.76,124.49,4,Deluxe,RoomOnly,0,7
5660,39.0,1.0,8.06,130.14,3,Deluxe,RoomOnly,0,7
5661,24.0,4.0,34.19,79.85,0,Standard,RoomOnly,0,8
5662,29.0,2.0,28.8,189.74,2,Suite,RoomOnly,0,9
5663,41.0,2.0,25.69,120.68,5,Standard,AllInclusive,0,8
5664,36.0,2.0,9.41,49.5,5,Standard,RoomOnly,0,7
5665,33.0,2.0,9.21,133.43,1,Standard,AllInclusive,0,9
5666,24.0,2.0,13.43,93.23,4,Standard,RoomOnly,1,4
5667,30.0,2.0,16.59,134.16,4,Deluxe,RoomOnly,1,8
5668,44.0,2.0,15.27,171.44,2,Deluxe,AllInclusive,0,9
5669,56.0,6.0,7.31,100.8,6,Standard,AllInclusive,0,7
5670,52.0,6.0,8.57,274.29,2,Suite,AllInclusive,0,10
5671,24.0,3.0,16.77,56.92,3,Standard,RoomOnly,0,7
5672,44.0,1.0,38.06,154.62,1,Deluxe,RoomOnly,0,9
5673,33.0,2.0,12.98,87.9,6,Standard,RoomOnly,0,8
5674,19.0,2.0,11.11,59.39,6,Standard,RoomOnly,0,8
5675,40.0,2.0,,219.99,0,Suite,AllInclusive,0,9
5676,37.0,2.0,15.98,58.11,0,Standard,RoomOnly,0,8
5677,40.0,2.0,43.26,117.62,6,Standard,AllInclusive,0,9
5678,24.0,3.0,17.31,180.57,2,Deluxe,AllInclusive,0,9
5679,18.0,2.0,10.44,101.69,6,Standard,RoomOnly,0,10
5680,32.0,2.0,28.74,138.24,2,Deluxe,RoomOnly,0,8
5681,38.0,4.0,30.65,201.18,4,Suite,RoomOnly,0,8
5682,42.0,4.0,13.37,134.49,0,Deluxe,RoomOnly,0,9
5683,30.0,5.0,51.18,137.04,5,Deluxe,RoomOnly,1,5
5684,28.0,1.0,10.37,141.51,3,Family,RoomOnly,0,7
5685,32.0,2.0,18.98,77.7,3,Standard,RoomOnly,0,9
5686,22.0,2.0,27.25,91.39,5,Standard,RoomOnly,0,7
5687,35.0,6.0,,245.0,0,Suite,RoomOnly,0,8
5688,37.0,1.0,20.74,103.88,5,Standard,AllInclusive,0,9
5689,32.0,2.0,25.51,56.39,0,Standard,RoomOnly,0,6
5690,40.0,2.0,32.39,135.22,5,Deluxe,RoomOnly,1,5
5691,41.0,3.0,24.7,111.48,5,Standard,AllInclusive,1,8
5692,39.0,3.0,51.62,100.86,1,Standard,RoomOnly,0,9
5693,43.0,3.0,,148.61,3,Deluxe,AllInclusive,0,7
5694,42.0,2.0,79.37,219.56,4,Suite,RoomOnly,0,9
5695,31.0,10.0,,60.43,6,Standard,RoomOnly,0,8
5696,39.0,2.0,27.05,247.47,3,Suite,AllInclusive,0,10
5697,42.0,5.0,6.49,130.21,0,Deluxe,RoomOnly,0,10
5698,33.0,1.0,62.83,271.8,2,Suite,AllInclusive,0,7
5699,47.0,5.0,12.66,101.93,5,Standard,AllInclusive,0,10
5700,43.0,3.0,16.12,128.97,3,Deluxe,RoomOnly,0,8
5701,45.0,3.0,54.43,121.62,5,Standard,AllInclusive,0,9
5702,22.0,2.0,61.19,77.95,6,Standard,RoomOnly,1,4
5703,21.0,1.0,19.63,80.2,4,Standard,RoomOnly,0,6
5704,41.0,6.0,33.36,117.17,6,Standard,AllInclusive,0,9
5705,50.0,6.0,12.28,91.31,3,Standard,RoomOnly,0,7
5706,40.0,5.0,18.35,150.65,5,Deluxe,RoomOnly,0,8
5707,32.0,1.0,11.52,142.7,6,Deluxe,RoomOnly,1,5
5708,38.0,5.0,53.68,219.82,6,Family,AllInclusive,0,10
5709,49.0,4.0,61.99,139.49,4,Standard,AllInclusive,0,10
5710,55.0,6.0,14.54,85.96,0,Standard,RoomOnly,0,9
5711,40.0,1.0,19.32,138.45,6,Deluxe,RoomOnly,1,7
5712,28.0,2.0,10.64,133.52,0,Deluxe,RoomOnly,0,9
5713,42.0,3.0,36.45,187.64,5,Family,AllInclusive,0,10
5714,42.0,3.0,,182.85,2,Family,RoomOnly,0,8
5715,40.0,10.0,12.17,82.24,1,Standard,RoomOnly,0,7
5716,46.0,2.0,45.78,280.23,3,Suite,AllInclusive,0,10
5717,32.0,3.0,39.05,149.88,2,Deluxe,AllInclusive,0,10
5718,23.0,2.0,16.64,81.52,2,Standard,RoomOnly,0,9
5719,52.0,2.0,41.49,124.69,5,Family,RoomOnly,1,6
5720,34.0,3.0,17.95,121.64,4,Deluxe,RoomOnly,0,10
5721,20.0,4.0,67.73,160.06,5,Family,RoomOnly,0,10
5722,26.0,2.0,27.2,164.34,3,Deluxe,AllInclusive,0,10
5723,54.0,3.0,19.32,118.34,2,Standard,AllInclusive,0,10
5724,33.0,2.0,28.01,81.58,3,Standard,RoomOnly,0,7
5725,21.0,3.0,,218.11,2,Suite,RoomOnly,0,9
5726,49.0,1.0,54.81,240.83,0,Suite,RoomOnly,1,7
5727,29.0,1.0,14.34,85.02,2,Standard,RoomOnly,0,8
5728,40.0,1.0,31.44,112.58,6,Standard,AllInclusive,0,7
5729,35.0,2.0,44.68,84.8,2,Standard,RoomOnly,0,8
5730,49.0,4.0,35.78,77.76,4,Standard,RoomOnly,0,8
5731,38.0,3.0,13.5,95.46,0,Standard,RoomOnly,0,9
5732,56.0,3.0,48.67,84.44,4,Standard,RoomOnly,0,9
5733,27.0,2.0,141.89,154.34,6,Deluxe,AllInclusive,0,10
5734,18.0,2.0,19.38,169.72,1,Family,RoomOnly,0,5
5735,28.0,3.0,15.79,66.25,0,Standard,RoomOnly,0,7
5736,35.0,2.0,49.35,150.84,6,Deluxe,AllInclusive,0,8
5737,32.0,6.0,17.63,116.07,2,Deluxe,RoomOnly,0,9
5738,34.0,2.0,25.1,138.88,0,Deluxe,RoomOnly,0,8
5739,30.0,6.0,42.12,107.91,2,Standard,AllInclusive,0,7
5740,46.0,3.0,42.79,176.99,3,Deluxe,AllInclusive,0,10
5741,18.0,1.0,13.04,79.28,5,Standard,RoomOnly,0,9
5742,27.0,1.0,31.63,95.64,5,Standard,RoomOnly,1,7
5743,50.0,3.0,,197.29,6,Family,AllInclusive,1,8
5744,34.0,1.0,24.12,82.69,5,Standard,RoomOnly,0,8
5745,35.0,2.0,32.45,172.68,0,Deluxe,AllInclusive,0,10
5746,26.0,4.0,14.83,167.4,4,Deluxe,AllInclusive,0,10
5747,38.0,3.0,17.56,128.04,2,Deluxe,RoomOnly,0,10
5748,35.0,3.0,18.61,103.2,3,Standard,RoomOnly,0,8
5749,47.0,3.0,38.74,117.1,1,Deluxe,RoomOnly,0,8
5750,41.0,2.0,30.23,137.84,1,Standard,AllInclusive,0,8
5751,27.0,3.0,17.7,100.76,2,Standard,RoomOnly,0,10
5752,41.0,3.0,,98.55,2,Standard,RoomOnly,1,5
5753,34.0,3.0,11.71,99.16,2,Standard,AllInclusive,0,10
5754,47.0,3.0,40.2,122.87,4,Standard,AllInclusive,0,10
5755,48.0,1.0,7.76,106.06,4,Standard,AllInclusive,0,7
5756,19.0,2.0,,73.23,3,Standard,RoomOnly,0,9
5757,34.0,2.0,37.64,115.59,3,Family,RoomOnly,0,8
5758,26.0,3.0,13.38,275.5,5,Suite,AllInclusive,0,10
5759,32.0,8.0,28.12,285.97,2,Suite,AllInclusive,0,10
5760,20.0,2.0,19.95,73.8,2,Standard,RoomOnly,0,5
5761,43.0,2.0,,209.04,3,Family,AllInclusive,0,10
5762,26.0,2.0,20.26,215.12,2,Suite,RoomOnly,0,9
5763,38.0,2.0,15.8,82.11,5,Standard,RoomOnly,1,7
5764,23.0,3.0,37.16,73.03,5,Standard,RoomOnly,0,7
5765,18.0,3.0,22.74,147.58,4,Deluxe,RoomOnly,0,7
5766,33.0,1.0,17.96,66.66,0,Standard,RoomOnly,0,9
5767,46.0,3.0,19.51,81.09,1,Standard,RoomOnly,0,9
5768,46.0,2.0,20.34,135.12,0,Deluxe,AllInclusive,1,8
5769,33.0,4.0,,79.86,4,Standard,RoomOnly,0,7
5770,22.0,2.0,29.65,95.47,4,Standard,RoomOnly,0,9
5771,27.0,6.0,23.69,100.73,4,Family,RoomOnly,1,7
5772,39.0,2.0,40.13,172.78,6,Family,AllInclusive,0,9
5773,28.0,6.0,34.91,98.7,0,Standard,RoomOnly,1,6
5774,35.0,1.0,15.8,192.15,5,Deluxe,AllInclusive,0,9
5775,34.0,2.0,20.32,75.87,0,Standard,RoomOnly,0,7
5776,31.0,3.0,15.98,97.65,6,Standard,RoomOnly,0,6
5777,46.0,4.0,27.21,169.79,5,Deluxe,AllInclusive,0,10
5778,23.0,2.0,47.63,137.32,5,Deluxe,AllInclusive,0,7
5779,32.0,3.0,9.34,63.54,6,Standard,RoomOnly,0,6
5780,47.0,3.0,20.56,256.25,3,Suite,AllInclusive,0,9
5781,23.0,3.0,7.7,129.36,2,Deluxe,RoomOnly,0,8
5782,49.0,11.0,10.46,188.41,5,Family,AllInclusive,0,8
5783,37.0,3.0,34.77,125.98,3,Standard,AllInclusive,0,7
5784,32.0,3.0,27.66,172.68,5,Deluxe,AllInclusive,0,10
5785,51.0,2.0,15.46,190.96,3,Suite,RoomOnly,0,9
5786,18.0,2.0,6.05,99.69,2,Standard,AllInclusive,0,9
5787,27.0,7.0,39.04,98.86,1,Standard,RoomOnly,1,7
5788,26.0,4.0,15.7,202.23,5,Suite,AllInclusive,0,10
5789,31.0,5.0,89.9,201.97,1,Family,AllInclusive,0,10
5790,18.0,11.0,21.83,195.64,6,Suite,AllInclusive,0,9
5791,44.0,1.0,19.74,278.68,5,Suite,AllInclusive,0,10
5792,37.0,1.0,27.8,143.72,6,Deluxe,RoomOnly,1,5
5793,41.0,4.0,32.39,121.3,1,Deluxe,RoomOnly,0,6
5794,44.0,4.0,41.66,174.77,2,Deluxe,AllInclusive,0,10
5795,36.0,4.0,17.18,135.38,6,Family,RoomOnly,0,10
5796,35.0,3.0,20.51,112.12,5,Standard,AllInclusive,0,10
5797,32.0,4.0,21.14,79.52,2,Standard,RoomOnly,1,6
5798,48.0,5.0,39.43,133.61,4,Deluxe,RoomOnly,0,8
5799,20.0,2.0,16.07,92.81,6,Standard,RoomOnly,0,9
5800,33.0,2.0,30.65,180.12,5,Family,RoomOnly,0,8
5801,37.0,3.0,14.42,116.16,3,Deluxe,RoomOnly,0,9
5802,32.0,2.0,30.02,229.18,4,Suite,RoomOnly,0,9
5803,26.0,3.0,43.97,212.4,1,Suite,RoomOnly,0,8
5804,27.0,5.0,66.13,114.85,3,Standard,AllInclusive,0,10
5805,28.0,4.0,6.65,160.0,3,Deluxe,RoomOnly,0,9
5806,31.0,1.0,7.06,261.62,6,Suite,AllInclusive,0,10
5807,50.0,2.0,31.19,91.89,3,Standard,RoomOnly,1,5
5808,43.0,4.0,32.76,126.75,2,Deluxe,RoomOnly,0,8
5809,35.0,7.0,28.18,178.18,2,Family,RoomOnly,0,8
5810,33.0,1.0,34.72,184.84,2,Deluxe,AllInclusive,0,9
5811,45.0,2.0,19.48,230.27,4,Suite,RoomOnly,0,10
5812,24.0,2.0,22.36,123.68,3,Deluxe,RoomOnly,0,9
5813,56.0,3.0,10.67,117.1,6,Standard,AllInclusive,0,10
5814,25.0,2.0,12.2,106.67,2,Standard,AllInclusive,0,10
5815,43.0,5.0,46.12,106.88,4,Standard,AllInclusive,1,5
5816,29.0,2.0,11.83,142.71,0,Family,RoomOnly,0,9
5817,23.0,1.0,14.81,107.65,5,Standard,RoomOnly,1,6
5818,24.0,3.0,8.52,76.22,3,Standard,RoomOnly,0,7
5819,41.0,4.0,19.59,75.67,0,Standard,RoomOnly,1,4
5820,37.0,4.0,8.99,75.01,4,Standard,RoomOnly,0,7
5821,31.0,1.0,22.33,186.65,0,Deluxe,AllInclusive,0,10
5822,19.0,4.0,12.14,68.83,4,Standard,RoomOnly,0,7
5823,33.0,2.0,40.81,165.44,3,Deluxe,AllInclusive,0,10
5824,30.0,2.0,13.07,115.82,1,Deluxe,RoomOnly,0,8
5825,43.0,2.0,16.86,71.65,2,Standard,RoomOnly,0,7
5826,35.0,4.0,48.89,105.49,0,Deluxe,RoomOnly,0,9
5827,30.0,2.0,21.41,171.82,3,Suite,RoomOnly,0,8
5828,50.0,6.0,20.26,93.02,0,Standard,AllInclusive,0,8
5829,47.0,2.0,7.67,102.16,4,Deluxe,RoomOnly,0,9
5830,54.0,2.0,34.7,72.8,4,Standard,RoomOnly,0,7
5831,18.0,3.0,24.56,272.36,6,Suite,AllInclusive,0,10
5832,45.0,2.0,31.38,143.78,3,Deluxe,RoomOnly,0,9
5833,30.0,3.0,14.39,83.83,3,Standard,RoomOnly,1,6
5834,38.0,3.0,43.59,257.88,2,Suite,AllInclusive,0,10
5835,46.0,2.0,26.23,90.76,6,Standard,RoomOnly,0,7
5836,29.0,3.0,16.28,146.85,6,Deluxe,RoomOnly,0,7
5837,22.0,5.0,24.37,148.47,5,Deluxe,AllInclusive,0,8
5838,26.0,2.0,8.39,151.49,0,Deluxe,AllInclusive,0,10
5839,35.0,3.0,29.67,98.84,2,Standard,AllInclusive,0,9
5840,47.0,3.0,18.26,97.47,0,Standard,RoomOnly,0,8
5841,44.0,5.0,11.73,193.98,0,Family,AllInclusive,0,9
5842,40.0,6.0,19.37,100.66,6,Standard,RoomOnly,0,8
5843,21.0,1.0,22.07,95.61,2,Standard,AllInclusive,0,8
5844,28.0,4.0,6.62,104.76,6,Standard,AllInclusive,0,9
5845,18.0,2.0,24.91,81.04,0,Standard,RoomOnly,1,6
5846,29.0,1.0,15.63,124.27,2,Standard,AllInclusive,0,9
5847,37.0,3.0,51.75,193.83,5,Deluxe,RoomOnly,0,8
5848,40.0,2.0,9.62,85.13,0,Standard,RoomOnly,0,7
5849,41.0,2.0,14.88,106.25,3,Deluxe,RoomOnly,0,8
5850,63.0,2.0,26.57,72.82,5,Standard,RoomOnly,0,8
5851,23.0,2.0,49.98,183.81,1,Family,AllInclusive,0,9
5852,32.0,3.0,11.41,89.53,1,Standard,RoomOnly,1,5
5853,45.0,3.0,22.84,114.9,4,Standard,AllInclusive,0,8
5854,37.0,4.0,9.2,183.61,3,Suite,RoomOnly,0,9
5855,56.0,4.0,48.11,56.32,5,Standard,RoomOnly,1,6
5856,22.0,5.0,12.59,165.88,3,Family,RoomOnly,0,7
5857,44.0,2.0,14.31,125.64,2,Standard,AllInclusive,0,10
5858,37.0,2.0,17.01,101.71,0,Standard,AllInclusive,0,7
5859,49.0,8.0,9.85,250.33,3,Suite,RoomOnly,0,10
5860,28.0,6.0,25.46,69.74,1,Standard,RoomOnly,1,6
5861,25.0,1.0,35.4,168.98,1,Deluxe,AllInclusive,0,10
5862,37.0,5.0,17.66,199.12,2,Family,RoomOnly,0,9
5863,47.0,1.0,10.4,146.55,2,Deluxe,AllInclusive,0,8
5864,30.0,2.0,27.08,175.78,4,Deluxe,AllInclusive,0,9
5865,37.0,6.0,12.03,258.45,4,Suite,RoomOnly,0,9
5866,19.0,4.0,52.97,116.94,6,Standard,AllInclusive,0,9
5867,36.0,3.0,26.64,113.21,2,Deluxe,RoomOnly,0,8
5868,51.0,4.0,29.43,155.17,0,Deluxe,AllInclusive,0,10
5869,18.0,4.0,38.16,114.93,4,Standard,AllInclusive,0,9
5870,39.0,2.0,53.62,115.63,6,Standard,AllInclusive,0,9
5871,38.0,1.0,23.06,205.24,4,Family,AllInclusive,0,10
5872,32.0,2.0,32.8,98.41,5,Standard,RoomOnly,1,5
5873,44.0,2.0,7.16,91.04,5,Standard,RoomOnly,0,8
5874,40.0,3.0,35.09,298.03,4,Suite,AllInclusive,0,10
5875,18.0,3.0,,94.95,0,Standard,AllInclusive,0,9
5876,22.0,4.0,9.76,197.29,3,Family,AllInclusive,0,10
5877,43.0,3.0,36.81,137.49,5,Standard,AllInclusive,0,9
5878,46.0,2.0,24.42,86.66,5,Standard,RoomOnly,0,7
5879,42.0,4.0,25.79,99.81,4,Standard,AllInclusive,0,10
5880,40.0,3.0,19.54,143.6,1,Deluxe,RoomOnly,0,10
5881,45.0,4.0,21.28,67.75,0,Standard,RoomOnly,0,7
5882,18.0,2.0,22.12,139.07,6,Deluxe,RoomOnly,0,10
5883,25.0,4.0,33.83,294.32,3,Suite,AllInclusive,0,10
5884,34.0,10.0,,105.94,5,Standard,RoomOnly,0,8
5885,32.0,2.0,45.16,150.68,6,Deluxe,AllInclusive,0,8
5886,32.0,3.0,9.06,236.09,3,Suite,RoomOnly,0,9
5887,35.0,3.0,13.62,126.39,2,Standard,AllInclusive,1,9
5888,31.0,3.0,39.49,217.99,2,Family,AllInclusive,0,9
5889,35.0,13.0,41.97,133.83,2,Deluxe,RoomOnly,0,9
5890,26.0,3.0,43.08,170.05,4,Family,AllInclusive,0,9
5891,32.0,6.0,13.91,191.11,3,Family,AllInclusive,0,10
5892,39.0,4.0,18.5,155.4,2,Deluxe,RoomOnly,0,9
5893,35.0,2.0,16.93,159.42,5,Deluxe,RoomOnly,0,8
5894,31.0,3.0,42.78,79.45,5,Standard,RoomOnly,0,7
5895,38.0,3.0,40.34,78.49,1,Standard,RoomOnly,0,8
5896,43.0,3.0,36.41,168.15,5,Family,AllInclusive,0,10
5897,22.0,3.0,10.56,73.18,1,Standard,RoomOnly,0,6
5898,34.0,3.0,14.42,153.92,2,Deluxe,AllInclusive,0,8
5899,28.0,7.0,26.5,273.97,4,Suite,AllInclusive,1,8
5900,39.0,4.0,40.5,166.37,2,Deluxe,AllInclusive,0,10
5901,35.0,4.0,21.78,82.26,1,Standard,RoomOnly,0,8
5902,39.0,4.0,80.14,169.6,4,Deluxe,AllInclusive,0,8
5903,40.0,3.0,42.43,72.15,3,Standard,RoomOnly,0,10
5904,28.0,1.0,23.92,170.65,1,Deluxe,AllInclusive,0,9
5905,37.0,5.0,33.96,126.31,6,Standard,AllInclusive,0,10
5906,19.0,4.0,9.13,64.75,5,Standard,RoomOnly,0,8
5907,27.0,2.0,,178.51,2,Family,RoomOnly,0,10
5908,27.0,3.0,17.41,88.49,4,Standard,RoomOnly,0,8
5909,24.0,2.0,17.98,87.62,2,Standard,RoomOnly,0,9
5910,59.0,8.0,19.1,76.08,1,Standard,RoomOnly,0,9
5911,18.0,4.0,6.37,161.94,1,Family,RoomOnly,0,9
5912,40.0,3.0,20.69,141.8,5,Deluxe,RoomOnly,0,7
5913,27.0,4.0,13.85,127.11,3,Deluxe,RoomOnly,0,9
5914,29.0,5.0,71.5,108.46,6,Standard,AllInclusive,0,8
5915,49.0,3.0,34.38,95.96,3,Standard,AllInclusive,0,9
5916,34.0,4.0,,132.57,0,Deluxe,RoomOnly,0,7
5917,19.0,3.0,16.43,200.74,0,Family,AllInclusive,0,9
5918,44.0,5.0,18.94,177.81,3,Family,AllInclusive,0,9
5919,39.0,2.0,46.44,111.64,1,Standard,AllInclusive,0,10
5920,25.0,2.0,29.24,102.25,5,Standard,AllInclusive,0,10
5921,24.0,3.0,13.11,85.13,0,Standard,RoomOnly,0,7
5922,39.0,5.0,22.31,110.17,6,Deluxe,RoomOnly,0,9
5923,18.0,5.0,37.3,191.6,6,Suite,RoomOnly,0,10
5924,32.0,3.0,16.23,120.65,5,Deluxe,RoomOnly,0,8
5925,19.0,4.0,16.82,86.36,3,Standard,AllInclusive,0,7
5926,32.0,4.0,,127.03,4,Deluxe,RoomOnly,0,7
5927,37.0,3.0,10.33,137.7,1,Deluxe,RoomOnly,0,9
5928,35.0,6.0,25.22,116.91,5,Standard,AllInclusive,1,7
5929,38.0,3.0,25.1,94.07,3,Standard,RoomOnly,0,8
5930,25.0,3.0,5.72,100.26,1,Standard,AllInclusive,0,9
5931,30.0,2.0,13.85,180.69,5,Family,AllInclusive,0,10
5932,43.0,4.0,15.44,135.04,5,Deluxe,RoomOnly,0,9
5933,33.0,2.0,57.89,93.06,6,Standard,AllInclusive,0,10
5934,27.0,3.0,11.15,82.08,1,Standard,RoomOnly,0,8
5935,48.0,1.0,12.28,212.3,2,Suite,RoomOnly,0,10
5936,31.0,2.0,24.82,94.63,5,Standard,AllInclusive,0,7
5937,32.0,5.0,12.5,171.62,5,Deluxe,RoomOnly,1,6
5938,26.0,2.0,29.39,175.98,2,Family,AllInclusive,0,9
5939,40.0,2.0,33.68,155.3,3,Family,RoomOnly,0,9
5940,38.0,1.0,30.81,99.29,5,Standard,AllInclusive,0,10
5941,30.0,3.0,78.17,115.86,3,Standard,AllInclusive,0,10
5942,50.0,1.0,10.45,80.46,2,Standard,RoomOnly,0,8
5943,48.0,4.0,68.08,277.13,0,Suite,AllInclusive,0,9
5944,29.0,3.0,50.91,121.31,6,Standard,AllInclusive,0,10
5945,42.0,1.0,52.44,98.86,2,Standard,AllInclusive,1,7
5946,30.0,4.0,6.96,212.41,2,Suite,RoomOnly,0,10
5947,36.0,5.0,19.69,71.98,3,Standard,RoomOnly,0,6
5948,31.0,1.0,29.6,176.79,1,Deluxe,AllInclusive,0,9
5949,54.0,5.0,8.64,174.02,6,Deluxe,RoomOnly,0,8
5950,28.0,2.0,31.11,85.55,5,Standard,RoomOnly,0,8
5951,45.0,4.0,31.48,159.51,1,Family,RoomOnly,0,8
5952,43.0,3.0,20.43,77.48,1,Standard,RoomOnly,0,8
5953,43.0,4.0,16.71,203.44,1,Suite,RoomOnly,0,9
5954,28.0,2.0,19.22,114.4,6,Standard,AllInclusive,0,8
5955,47.0,1.0,27.76,67.77,2,Standard,RoomOnly,0,9
5956,42.0,1.0,40.73,270.35,3,Suite,AllInclusive,0,10
5957,38.0,5.0,20.15,106.29,1,Deluxe,RoomOnly,0,7
5958,38.0,5.0,11.72,65.36,2,Standard,RoomOnly,1,5
5959,43.0,3.0,29.34,133.49,4,Deluxe,RoomOnly,0,8
5960,32.0,2.0,22.67,187.26,4,Deluxe,AllInclusive,0,8
5961,47.0,2.0,35.3,100.93,0,Standard,RoomOnly,0,8
5962,37.0,3.0,20.73,225.55,3,Suite,RoomOnly,0,9
5963,43.0,3.0,44.64,111.08,4,Standard,AllInclusive,0,9
5964,44.0,5.0,14.77,149.83,4,Family,RoomOnly,0,9
5965,41.0,1.0,53.2,129.97,0,Deluxe,AllInclusive,0,9
5966,31.0,2.0,8.41,145.63,4,Deluxe,RoomOnly,0,8
5967,38.0,2.0,21.07,114.02,1,Standard,AllInclusive,0,9
5968,18.0,3.0,23.55,71.9,3,Standard,RoomOnly,0,9
5969,27.0,4.0,79.46,101.28,5,Standard,AllInclusive,0,10
5970,35.0,3.0,18.49,160.75,5,Deluxe,RoomOnly,0,10
5971,38.0,3.0,9.79,86.59,3,Standard,RoomOnly,1,5
5972,32.0,2.0,17.56,106.19,6,Standard,AllInclusive,0,10
5973,45.0,6.0,23.66,110.32,6,Standard,AllInclusive,0,9
5974,39.0,3.0,18.38,237.54,5,Suite,RoomOnly,0,9
5975,19.0,3.0,59.31,119.4,5,Standard,AllInclusive,0,7
5976,42.0,5.0,7.46,75.04,6,Standard,RoomOnly,0,8
5977,37.0,2.0,11.75,66.3,3,Standard,RoomOnly,0,8
5978,47.0,2.0,23.6,193.53,2,Suite,RoomOnly,0,9
5979,49.0,4.0,15.1,163.51,0,Deluxe,AllInclusive,0,9
5980,47.0,2.0,28.31,109.3,3,Standard,AllInclusive,0,10
5981,41.0,1.0,50.14,190.18,2,Family,AllInclusive,0,10
5982,47.0,3.0,12.95,72.77,4,Standard,RoomOnly,0,9
5983,25.0,5.0,30.67,146.53,1,Family,RoomOnly,0,9
5984,49.0,3.0,,124.33,3,Deluxe,RoomOnly,0,7
5985,50.0,2.0,21.22,77.42,3,Standard,RoomOnly,1,5
5986,48.0,1.0,13.2,90.81,1,Standard,RoomOnly,0,8
5987,33.0,6.0,28.39,167.6,4,Deluxe,AllInclusive,0,9
5988,43.0,2.0,15.24,177.63,5,Family,RoomOnly,0,9
5989,46.0,2.0,,148.12,4,Family,RoomOnly,0,8
5990,29.0,5.0,41.49,263.12,0,Suite,AllInclusive,0,9
5991,18.0,4.0,14.32,168.71,6,Deluxe,AllInclusive,1,5
5992,39.0,4.0,20.65,233.08,4,Suite,AllInclusive,0,10
5993,67.0,3.0,18.02,107.03,6,Standard,RoomOnly,0,6
5994,18.0,2.0,34.42,139.21,2,Standard,AllInclusive,0,10
5995,19.0,3.0,23.17,122.74,5,Standard,AllInclusive,0,7
5996,26.0,4.0,5.8,78.32,5,Standard,RoomOnly,0,8
5997,33.0,3.0,36.25,183.36,2,Family,AllInclusive,0,9
5998,30.0,2.0,13.06,71.09,1,Standard,RoomOnly,0,8
5999,33.0,6.0,30.14,129.65,1,Standard,AllInclusive,0,10
6000,39.0,2.0,90.34,113.18,4,Standard,AllInclusive,1,7
