enrollment_id,student_age,study_hours_per_week,completion_time_days,avg_score,weekday,course_category,plan_type,completed,satisfaction
1,37.0,10.5,45.64,75.45,6,Business,Free,1,9
2,39.0,6.24,45.04,64.45,3,Design,Free,0,4
3,29.0,4.35,52.23,86.03,4,Marketing,Free,1,9
4,18.0,4.39,48.93,75.82,2,Business,Free,0,5
5,39.0,5.36,54.34,83.78,6,Programming,Free,0,7
6,20.0,5.66,67.24,61.35,0,Marketing,Free,0,6
7,29.0,1.98,42.19,79.39,1,Business,Paid,1,10
8,25.0,4.33,53.74,65.15,6,Business,Paid,0,6
9,24.0,4.13,56.26,74.97,3,Programming,Paid,1,8
10,32.0,4.71,47.15,92.77,1,Design,Paid,1,8
11,29.0,7.17,60.66,54.88,2,Programming,Paid,0,7
12,31.0,2.27,63.73,62.13,1,Marketing,Paid,1,8
13,21.0,2.21,53.43,81.51,3,Business,Free,0,6
14,26.0,2.98,52.53,70.84,1,Business,Free,1,7
15,22.0,4.35,43.3,85.71,2,Design,Free,0,6
16,26.0,5.9,52.16,58.31,6,Programming,Free,0,7
17,26.0,,41.94,74.51,0,Design,Free,0,6
18,40.0,4.46,54.4,80.26,5,Programming,Paid,0,7
19,25.0,7.37,45.79,77.31,0,Business,Paid,0,7
20,16.0,,51.38,55.32,3,Business,Paid,0,6
21,37.0,6.47,34.71,100.0,4,Business,Paid,1,10
22,30.0,5.01,48.67,74.55,6,Programming,Paid,0,7
23,26.0,3.39,58.71,58.43,1,Marketing,Free,0,6
24,24.0,3.14,50.67,79.8,0,Marketing,Paid,1,10
25,20.0,3.05,59.43,79.72,5,Business,Paid,1,10
26,41.0,5.93,55.79,83.93,6,Programming,Paid,0,5
27,27.0,3.96,45.09,83.27,3,Design,Free,0,6
28,16.0,3.36,66.42,65.43,0,Programming,Free,0,8
29,29.0,6.84,61.14,51.34,3,Programming,Paid,0,8
30,35.0,3.71,56.29,76.07,2,Business,Free,0,6
31,28.0,2.69,74.72,52.93,3,Business,Free,0,6
32,21.0,3.6,51.22,85.26,0,Marketing,Free,0,5
33,20.0,5.87,58.77,59.21,2,Programming,Free,0,6
34,21.0,2.56,58.64,75.62,6,Programming,Free,1,7
35,38.0,5.57,53.04,71.44,0,Design,Paid,0,6
36,26.0,4.94,58.75,66.1,6,Programming,Paid,0,6
37,16.0,3.6,60.52,62.39,3,Programming,Paid,1,10
38,30.0,3.55,56.58,81.16,4,Design,Free,0,5
39,28.0,2.0,60.39,60.54,6,Programming,Free,0,7
40,24.0,4.26,48.99,79.45,1,Business,Free,1,7
41,20.0,2.19,57.32,68.05,6,Design,Free,1,7
42,20.0,6.57,49.4,68.45,1,Business,Free,0,6
43,35.0,4.86,59.0,75.39,2,Business,Paid,1,7
44,29.0,3.92,52.76,73.85,3,Programming,Paid,1,10
45,30.0,6.84,57.58,60.83,4,Business,Free,0,5
46,29.0,2.55,58.42,78.74,2,Business,Free,0,5
47,29.0,2.9,56.02,71.29,5,Design,Free,0,5
48,24.0,1.78,67.85,74.53,0,Programming,Free,0,8
49,26.0,7.31,53.55,70.82,4,Business,Free,0,6
50,35.0,9.42,43.02,75.04,4,Programming,Free,0,6
51,37.0,1.91,63.24,63.06,3,Programming,Free,0,6
52,18.0,2.81,63.9,58.52,4,Programming,Free,1,7
53,26.0,5.23,41.42,79.7,5,Business,Paid,1,10
54,33.0,3.22,55.02,65.57,6,Business,Free,0,5
55,40.0,4.0,53.51,87.05,1,Business,Free,1,6
56,39.0,3.85,46.92,71.74,3,Business,Free,0,5
57,21.0,4.87,53.71,60.26,3,Design,Free,1,6
58,36.0,2.63,58.01,68.15,2,Design,Free,1,8
59,27.0,5.53,74.25,60.01,6,Programming,Paid,0,5
60,34.0,3.07,57.58,84.88,3,Programming,Paid,1,8
61,33.0,3.37,61.34,79.51,4,Business,Free,1,8
62,18.0,1.86,55.39,73.39,1,Design,Free,0,6
63,31.0,3.38,57.82,76.9,2,Design,Free,0,7
64,34.0,3.13,48.04,70.04,4,Business,Free,0,7
65,27.0,6.2,46.22,80.46,2,Business,Free,1,8
66,25.0,4.94,53.04,83.2,5,Design,Paid,0,7
67,16.0,4.29,43.71,81.0,0,Design,Free,0,4
68,32.0,4.01,60.54,65.7,1,Programming,Free,1,9
69,28.0,1.56,68.28,60.42,2,Programming,Free,1,8
70,21.0,1.65,54.53,80.65,2,Design,Free,0,7
71,25.0,4.39,43.62,90.62,5,Programming,Paid,1,9
72,28.0,4.6,45.82,85.06,6,Design,Free,1,8
73,23.0,3.65,48.7,89.11,3,Marketing,Free,1,8
74,27.0,2.75,57.57,69.94,3,Programming,Free,0,7
75,16.0,4.55,61.92,60.36,2,Programming,Paid,0,7
76,36.0,3.5,58.99,57.43,3,Programming,Free,0,4
77,27.0,5.76,57.35,84.55,4,Programming,Free,0,7
78,19.0,5.61,69.55,50.52,5,Business,Free,1,7
79,16.0,3.16,53.3,89.05,6,Design,Free,0,7
80,34.0,4.96,53.8,66.34,4,Business,Paid,1,9
81,31.0,4.59,44.45,92.16,2,Business,Free,0,7
82,28.0,4.91,55.45,73.29,0,Design,Free,0,7
83,33.0,8.53,46.55,78.95,4,Business,Free,0,7
84,33.0,4.0,46.18,96.62,5,Programming,Free,0,7
85,28.0,6.86,50.14,64.04,3,Programming,Free,0,6
86,25.0,3.01,61.75,67.84,6,Programming,Paid,0,6
87,24.0,3.04,61.55,63.36,2,Business,Free,1,6
88,30.0,1.55,60.76,63.98,0,Design,Free,0,4
89,37.0,4.34,58.72,64.04,4,Programming,Free,0,6
90,26.0,6.78,46.09,72.45,0,Design,Paid,1,6
91,37.0,1.28,64.12,53.0,0,Programming,Free,1,8
92,30.0,4.41,56.23,68.68,4,Business,Free,0,5
93,30.0,5.32,47.37,78.5,3,Design,Free,0,7
94,44.0,5.19,51.42,65.04,4,Design,Free,0,5
95,39.0,2.96,65.24,70.05,5,Programming,Paid,0,6
96,39.0,5.74,44.75,86.47,2,Business,Free,1,10
97,21.0,4.07,74.27,50.97,4,Programming,Free,0,5
98,42.0,5.29,50.21,91.18,3,Programming,Free,0,6
99,26.0,3.83,55.68,59.91,4,Programming,Free,1,7
100,25.0,4.81,60.26,74.61,4,Marketing,Free,1,8
101,16.0,6.68,40.93,85.93,2,Marketing,Free,0,5
102,29.0,3.7,62.75,88.43,3,Business,Free,1,8
103,19.0,5.76,51.51,77.64,4,Programming,Paid,0,8
104,30.0,8.9,49.45,69.21,0,Marketing,Paid,1,9
105,19.0,3.82,59.95,62.39,1,Business,Free,1,7
106,40.0,3.05,60.85,68.68,0,Business,Paid,0,5
107,31.0,6.87,39.6,96.89,1,Design,Paid,1,9
108,43.0,7.73,45.25,63.4,3,Programming,Free,0,5
109,20.0,7.24,50.95,71.88,6,Programming,Free,1,7
110,38.0,5.59,62.31,61.54,6,Marketing,Free,0,4
111,16.0,1.41,57.9,62.44,5,Design,Free,1,8
112,28.0,3.05,68.62,68.32,3,Programming,Free,0,4
113,23.0,3.12,64.31,64.1,1,Programming,Free,0,6
114,24.0,5.17,49.59,75.48,2,Design,Paid,1,8
115,23.0,8.67,50.61,50.25,5,Programming,Free,0,6
116,21.0,3.12,67.82,75.73,6,Marketing,Paid,0,7
117,18.0,11.12,40.35,88.04,6,Business,Free,0,6
118,24.0,3.41,67.77,61.62,2,Business,Free,0,6
119,28.0,3.59,50.16,86.97,3,Design,Paid,0,9
120,35.0,5.93,68.78,32.89,3,Business,Free,0,7
121,29.0,6.15,55.47,65.98,0,Design,Free,0,4
122,35.0,,59.51,49.99,0,Business,Free,0,5
123,17.0,3.59,52.37,86.83,0,Programming,Paid,1,8
124,24.0,5.08,56.51,82.79,5,Design,Free,0,7
125,32.0,2.55,74.53,55.59,1,Programming,Free,0,5
126,29.0,2.83,55.35,76.89,4,Design,Free,1,7
127,21.0,3.89,44.72,82.42,2,Programming,Free,0,5
128,34.0,2.8,64.2,84.29,5,Programming,Free,0,6
129,23.0,6.51,63.52,63.13,0,Programming,Free,0,6
130,22.0,3.13,67.35,51.91,2,Design,Free,0,4
131,30.0,3.67,72.65,57.22,1,Programming,Free,0,5
132,27.0,2.73,57.77,80.54,3,Marketing,Free,1,6
133,23.0,8.09,32.1,98.99,3,Design,Paid,1,6
134,23.0,3.0,51.95,67.35,1,Programming,Free,0,6
135,20.0,6.78,43.38,67.93,4,Design,Free,0,6
136,24.0,6.56,41.72,96.79,6,Programming,Free,0,6
137,35.0,4.15,49.81,80.76,0,Marketing,Paid,1,10
138,29.0,4.11,55.88,61.72,0,Design,Free,1,6
139,34.0,3.28,57.75,69.69,6,Business,Free,0,3
140,31.0,5.18,55.75,80.0,4,Programming,Free,1,7
141,23.0,3.72,52.88,73.3,6,Design,Free,0,3
142,16.0,,49.64,81.94,4,Design,Free,0,5
143,21.0,4.14,58.53,55.65,5,Marketing,Free,0,6
144,22.0,1.99,70.27,59.66,1,Design,Free,0,6
145,22.0,3.92,57.63,66.65,3,Design,Free,0,7
146,34.0,6.79,52.73,68.61,2,Programming,Paid,0,7
147,34.0,5.39,60.86,76.01,5,Programming,Paid,1,8
148,42.0,6.22,65.25,80.37,0,Design,Free,0,5
149,22.0,4.28,49.43,100.0,0,Design,Paid,1,10
150,38.0,4.12,62.09,63.14,3,Programming,Paid,0,5
151,38.0,3.07,51.1,71.55,6,Business,Paid,1,5
152,25.0,4.22,58.76,69.04,6,Marketing,Paid,0,7
153,30.0,9.82,40.44,80.95,4,Programming,Free,0,6
154,36.0,4.59,55.39,85.34,3,Design,Free,0,8
155,27.0,3.12,58.86,62.63,1,Programming,Free,1,9
156,26.0,2.58,52.73,93.72,6,Business,Free,0,6
157,23.0,1.98,68.45,59.49,1,Programming,Free,0,5
158,16.0,2.79,66.44,82.33,0,Business,Free,0,5
159,27.0,5.71,56.37,87.0,3,Business,Free,1,8
160,22.0,4.18,67.39,60.02,2,Business,Paid,1,10
161,19.0,3.29,59.5,78.93,3,Programming,Paid,1,9
162,30.0,2.77,65.96,43.89,6,Marketing,Free,0,6
163,17.0,5.43,55.15,77.89,1,Programming,Free,1,8
164,33.0,3.91,57.59,54.78,6,Programming,Free,0,4
165,30.0,3.82,51.07,83.67,1,Design,Paid,0,8
166,24.0,4.41,62.6,81.06,2,Programming,Paid,1,10
167,27.0,10.94,40.0,83.32,0,Business,Free,0,6
168,19.0,7.02,47.64,80.79,4,Business,Free,1,9
169,32.0,7.85,50.83,68.67,6,Programming,Free,0,6
170,28.0,2.3,59.0,72.5,6,Marketing,Paid,0,6
171,29.0,4.74,41.75,71.11,1,Programming,Paid,1,8
172,31.0,3.03,53.75,62.84,5,Design,Free,0,4
173,23.0,,59.4,65.46,0,Programming,Free,0,5
174,16.0,6.53,45.8,69.45,4,Marketing,Free,0,7
175,34.0,4.7,58.53,58.54,4,Programming,Free,0,6
176,32.0,3.42,57.22,51.11,1,Programming,Paid,0,7
177,23.0,3.76,54.59,65.23,0,Design,Paid,1,10
178,30.0,5.36,64.39,39.42,0,Marketing,Free,0,5
179,36.0,5.61,58.96,69.27,4,Marketing,Free,0,4
180,35.0,4.32,61.0,74.97,4,Business,Free,0,5
181,23.0,4.3,60.62,44.33,0,Marketing,Free,0,5
182,17.0,4.15,56.46,74.99,3,Marketing,Free,0,6
183,18.0,5.72,41.99,76.78,5,Design,Paid,1,9
184,25.0,7.0,54.68,57.88,1,Programming,Paid,0,7
185,37.0,5.38,60.69,66.26,4,Business,Free,0,3
186,22.0,5.12,48.04,86.56,2,Business,Paid,0,6
187,23.0,4.96,65.87,60.31,1,Programming,Paid,1,8
188,23.0,3.9,62.31,68.95,2,Programming,Free,1,8
189,23.0,2.85,58.99,74.81,2,Business,Free,0,8
190,27.0,2.84,61.91,58.13,3,Programming,Free,0,4
191,18.0,6.47,42.08,87.09,1,Marketing,Paid,1,8
192,35.0,2.94,49.29,72.85,2,Programming,Free,0,5
193,26.0,5.85,46.62,64.98,4,Programming,Free,0,5
194,44.0,3.96,53.31,97.0,2,Business,Free,0,5
195,19.0,5.86,58.14,80.15,4,Programming,Free,1,8
196,38.0,,54.91,47.77,0,Programming,Free,0,6
197,37.0,7.41,48.17,74.11,0,Design,Paid,1,9
198,24.0,3.27,38.92,98.4,6,Marketing,Free,1,7
199,24.0,4.87,53.75,56.21,3,Programming,Free,0,5
200,21.0,7.07,50.52,72.8,4,Programming,Paid,1,8
201,21.0,2.02,52.85,84.54,5,Business,Free,0,7
202,27.0,8.72,31.55,79.35,1,Marketing,Free,1,10
203,27.0,11.24,46.9,81.96,6,Design,Free,1,6
204,16.0,6.21,49.15,76.85,2,Programming,Free,1,8
205,43.0,5.83,46.64,68.3,6,Programming,Free,0,5
206,25.0,6.61,54.35,62.49,2,Programming,Paid,1,9
207,27.0,,56.17,73.22,2,Programming,Free,0,5
208,23.0,3.86,60.74,66.57,4,Business,Free,1,6
209,25.0,6.26,52.41,62.22,1,Programming,Free,0,7
210,24.0,3.27,52.2,92.82,4,Design,Paid,0,7
211,27.0,2.52,66.73,66.81,6,Business,Free,0,5
212,27.0,4.24,39.49,95.06,4,Design,Paid,1,9
213,33.0,5.45,48.97,71.08,0,Programming,Free,0,5
214,29.0,2.75,64.75,69.25,4,Business,Free,1,8
215,32.0,3.66,60.79,51.01,0,Business,Free,1,5
216,27.0,3.87,47.98,94.32,0,Business,Free,0,3
217,29.0,2.57,57.75,67.93,1,Programming,Free,0,4
218,25.0,,68.17,44.75,2,Programming,Paid,1,8
219,34.0,2.56,52.41,82.87,0,Marketing,Free,0,4
220,29.0,4.56,46.69,73.5,0,Design,Free,0,5
221,26.0,5.05,61.76,56.82,5,Programming,Free,0,5
222,26.0,5.07,56.06,83.31,3,Design,Free,0,6
223,26.0,5.34,62.16,42.96,1,Business,Free,0,6
224,27.0,3.06,66.21,65.0,3,Marketing,Free,0,8
225,27.0,2.78,58.39,64.41,4,Programming,Free,0,6
226,23.0,4.8,47.63,81.45,5,Marketing,Free,0,5
227,32.0,3.69,51.14,94.88,2,Programming,Free,1,9
228,33.0,6.1,54.1,71.55,1,Design,Free,0,7
229,39.0,4.81,52.12,76.06,6,Business,Free,0,4
230,23.0,7.23,43.15,100.0,4,Programming,Free,1,7
231,32.0,4.11,48.02,72.06,6,Programming,Paid,1,7
232,16.0,6.56,46.21,78.68,2,Design,Free,0,5
233,33.0,,45.71,63.51,0,Marketing,Paid,1,9
234,17.0,4.15,53.89,93.59,2,Design,Free,0,8
235,20.0,5.08,61.09,65.01,2,Marketing,Free,0,7
236,29.0,2.67,64.37,73.95,5,Business,Free,0,6
237,23.0,6.06,47.69,76.4,5,Design,Free,1,8
238,22.0,8.43,34.64,75.94,0,Business,Paid,1,9
239,24.0,4.06,56.14,66.79,4,Programming,Paid,1,9
240,32.0,5.28,57.38,70.9,2,Programming,Free,1,9
241,20.0,4.6,53.06,90.33,4,Business,Free,1,8
242,27.0,4.83,42.58,96.09,2,Business,Free,0,6
243,24.0,5.84,48.28,65.9,3,Programming,Free,0,5
244,33.0,6.4,44.98,73.51,5,Design,Paid,0,7
245,33.0,3.81,56.62,62.1,2,Business,Free,0,5
246,16.0,5.9,30.64,100.0,1,Marketing,Free,0,5
247,34.0,8.36,41.7,76.42,4,Business,Paid,1,10
248,23.0,3.95,50.39,89.15,6,Design,Paid,1,10
249,29.0,4.05,53.78,76.36,3,Programming,Free,1,8
250,20.0,1.83,50.36,96.08,6,Design,Free,0,6
251,30.0,6.59,46.07,72.28,1,Business,Paid,0,8
252,45.0,7.03,49.79,60.88,5,Marketing,Free,1,8
253,28.0,3.61,46.32,92.59,6,Design,Free,0,6
254,24.0,4.31,57.16,78.84,2,Programming,Free,0,5
255,25.0,4.59,52.78,77.48,1,Programming,Paid,1,8
256,17.0,4.26,67.47,91.89,4,Business,Paid,0,7
257,37.0,5.63,47.39,80.65,6,Business,Paid,1,10
258,29.0,2.85,55.96,86.84,0,Programming,Free,1,9
259,20.0,3.65,55.27,70.96,4,Programming,Free,0,6
260,20.0,2.7,53.0,83.02,6,Design,Free,1,7
261,27.0,6.61,57.42,78.32,0,Programming,Paid,1,10
262,34.0,4.52,62.44,67.42,3,Business,Free,0,5
263,19.0,3.34,49.18,65.54,0,Programming,Free,0,5
264,35.0,5.15,48.98,67.29,1,Programming,Paid,0,6
265,26.0,3.67,54.76,75.29,3,Marketing,Free,0,4
266,20.0,8.48,44.96,66.53,2,Programming,Paid,1,8
267,24.0,3.33,47.99,73.23,0,Programming,Free,1,9
268,39.0,6.75,48.96,76.82,5,Programming,Paid,0,6
269,17.0,2.95,47.58,70.46,1,Programming,Free,1,9
270,22.0,5.85,53.16,70.67,6,Programming,Free,0,7
271,34.0,6.47,58.72,61.21,1,Programming,Free,1,9
272,29.0,6.61,58.08,64.62,3,Programming,Free,0,3
273,21.0,7.86,55.06,47.95,5,Programming,Free,0,7
274,34.0,4.63,63.4,72.8,3,Design,Free,1,8
275,34.0,7.08,55.36,60.16,2,Business,Free,0,7
276,29.0,10.53,44.26,79.0,5,Design,Paid,0,6
277,23.0,2.45,59.39,59.43,0,Programming,Free,0,5
278,24.0,3.86,70.52,57.49,5,Design,Paid,0,6
279,29.0,2.59,49.28,100.0,4,Marketing,Paid,1,8
280,18.0,6.54,60.55,70.07,5,Marketing,Free,0,4
281,36.0,2.57,61.22,89.36,2,Programming,Paid,1,6
282,39.0,1.82,65.95,61.68,2,Programming,Free,0,9
283,25.0,2.47,56.07,88.38,4,Programming,Free,0,4
284,29.0,1.85,65.89,54.18,4,Programming,Free,0,3
285,35.0,5.73,44.56,79.76,6,Design,Paid,1,10
286,41.0,2.49,66.02,63.08,6,Design,Free,1,6
287,38.0,1.9,54.36,99.21,0,Programming,Free,0,4
288,16.0,4.97,45.2,69.01,1,Programming,Paid,1,5
289,25.0,4.09,51.71,82.28,6,Design,Free,0,6
290,31.0,2.19,63.3,77.41,2,Programming,Paid,0,5
291,24.0,3.68,64.55,74.72,4,Business,Paid,0,7
292,39.0,4.9,56.2,78.21,0,Programming,Paid,0,6
293,38.0,4.32,39.62,90.77,0,Marketing,Paid,1,9
294,21.0,4.37,46.05,80.02,2,Programming,Paid,0,6
295,26.0,6.89,46.79,74.21,5,Marketing,Free,1,8
296,22.0,13.32,40.41,81.95,5,Marketing,Paid,1,8
297,26.0,4.4,42.86,96.61,6,Marketing,Paid,0,6
298,25.0,2.24,68.18,66.42,1,Business,Free,1,6
299,34.0,3.65,60.52,50.61,1,Business,Free,1,9
300,21.0,5.53,59.0,62.94,3,Business,Paid,0,6
301,16.0,3.96,54.73,59.76,3,Business,Free,0,3
302,16.0,5.34,56.99,57.42,0,Programming,Free,0,6
303,20.0,10.97,36.14,65.53,3,Design,Free,0,5
304,22.0,1.88,68.71,73.76,6,Design,Free,0,6
305,28.0,4.03,49.28,79.1,1,Marketing,Paid,0,6
306,19.0,8.11,36.15,76.37,5,Design,Free,1,10
307,19.0,4.01,46.68,70.7,3,Design,Paid,0,6
308,20.0,7.23,43.51,85.93,3,Business,Paid,0,8
309,19.0,5.39,49.35,74.41,4,Programming,Free,1,9
310,23.0,8.84,42.6,90.98,4,Programming,Paid,1,7
311,23.0,9.59,38.63,82.47,4,Design,Free,1,8
312,32.0,5.89,57.96,74.5,0,Design,Paid,1,8
313,20.0,2.31,51.92,87.67,2,Programming,Paid,1,8
314,24.0,2.96,64.7,71.28,5,Programming,Free,0,4
315,23.0,13.56,25.9,81.58,0,Programming,Paid,1,10
316,33.0,2.15,49.42,76.65,5,Programming,Free,1,10
317,26.0,5.07,50.63,66.51,3,Programming,Free,0,5
318,34.0,1.63,52.99,76.14,0,Business,Paid,1,9
319,19.0,2.21,54.45,66.42,0,Programming,Free,1,8
320,27.0,,56.95,63.54,6,Marketing,Free,0,5
321,23.0,4.12,61.86,49.98,0,Marketing,Free,0,7
322,18.0,3.42,59.86,67.06,0,Design,Free,0,8
323,27.0,3.51,59.41,74.39,0,Programming,Paid,1,8
324,39.0,1.65,46.55,84.86,4,Design,Free,1,10
325,21.0,5.54,52.93,80.86,6,Marketing,Free,0,5
326,26.0,3.57,51.14,67.92,1,Business,Free,1,7
327,18.0,2.56,57.28,67.52,5,Business,Paid,1,9
328,17.0,4.11,44.34,72.2,5,Design,Free,0,7
329,21.0,5.27,61.24,60.27,1,Business,Free,0,5
330,24.0,3.71,56.79,42.62,0,Programming,Free,0,6
331,24.0,4.27,54.51,54.0,3,Business,Free,0,6
332,25.0,5.16,40.91,88.5,0,Programming,Paid,1,10
333,16.0,,50.74,91.43,0,Business,Free,1,9
334,23.0,4.16,51.75,80.42,3,Marketing,Free,0,8
335,31.0,7.06,54.38,71.3,5,Programming,Paid,1,8
336,17.0,6.46,55.67,55.68,6,Business,Free,0,5
337,25.0,5.79,59.93,66.07,4,Programming,Free,0,5
338,29.0,2.99,58.49,77.73,1,Business,Free,0,5
339,22.0,5.4,45.16,77.96,2,Programming,Free,0,4
340,29.0,6.25,42.94,83.73,4,Marketing,Paid,1,9
341,16.0,3.68,60.69,86.51,1,Programming,Paid,1,10
342,33.0,4.11,54.41,96.9,3,Marketing,Paid,0,7
343,30.0,6.88,55.12,70.54,5,Business,Paid,1,10
344,27.0,7.54,44.14,100.0,5,Design,Free,1,7
345,35.0,1.79,71.78,48.78,0,Business,Free,0,5
346,25.0,8.48,51.5,62.44,2,Business,Free,1,6
347,23.0,8.56,43.96,78.6,1,Marketing,Paid,1,9
348,37.0,5.54,60.5,78.59,3,Programming,Paid,1,9
349,40.0,3.64,53.94,72.18,1,Design,Free,1,9
350,22.0,6.04,55.04,66.05,6,Programming,Paid,0,5
351,26.0,3.8,36.66,99.23,6,Business,Paid,1,10
352,34.0,4.68,48.2,65.48,2,Programming,Paid,0,8
353,26.0,2.61,71.42,67.81,2,Design,Paid,0,5
354,31.0,,57.81,90.91,3,Design,Free,0,4
355,32.0,11.58,34.38,82.49,0,Design,Free,0,4
356,23.0,,51.56,84.95,6,Design,Free,1,9
357,30.0,4.44,46.48,73.15,5,Business,Free,1,7
358,27.0,5.0,55.48,59.86,2,Business,Paid,0,7
359,18.0,2.79,48.92,74.85,3,Design,Free,1,8
360,20.0,3.53,59.86,58.86,2,Design,Free,1,10
361,22.0,4.23,58.51,75.04,1,Marketing,Free,0,7
362,33.0,3.71,58.01,75.84,2,Programming,Free,0,5
363,34.0,2.89,64.86,80.91,0,Programming,Free,0,5
364,32.0,5.03,57.29,66.89,5,Programming,Free,0,6
365,30.0,5.52,33.85,83.23,4,Business,Paid,1,8
366,30.0,4.84,68.32,64.96,6,Design,Free,1,9
367,29.0,5.57,44.13,81.63,0,Business,Free,1,8
368,30.0,3.76,55.25,78.42,4,Business,Free,0,7
369,30.0,3.76,61.9,58.4,3,Programming,Free,0,5
370,17.0,9.88,40.98,82.07,4,Marketing,Paid,1,8
371,21.0,3.31,52.56,86.99,6,Business,Paid,0,6
372,20.0,1.75,62.42,68.94,2,Programming,Free,0,8
373,35.0,6.51,46.0,62.13,0,Programming,Paid,1,8
374,39.0,,71.17,74.13,0,Programming,Paid,0,10
375,16.0,,62.29,74.63,3,Programming,Free,0,6
376,38.0,6.04,56.71,58.04,1,Programming,Free,0,4
377,28.0,3.8,71.02,61.92,0,Marketing,Free,1,6
378,34.0,2.87,48.13,83.22,1,Design,Paid,0,8
379,31.0,9.69,45.11,82.23,1,Design,Free,0,6
380,37.0,1.96,49.23,94.65,0,Business,Free,0,7
381,28.0,4.88,52.05,84.66,3,Design,Paid,0,9
382,17.0,2.17,65.44,63.8,4,Marketing,Paid,1,9
383,26.0,5.73,29.27,97.44,2,Business,Paid,1,10
384,31.0,3.8,42.06,88.55,0,Design,Paid,0,8
385,25.0,5.86,71.25,43.94,4,Programming,Free,1,8
386,32.0,5.03,54.43,65.68,0,Marketing,Paid,0,5
387,27.0,7.45,62.66,65.59,5,Business,Free,0,7
388,23.0,3.34,62.06,81.3,2,Marketing,Free,1,8
389,19.0,2.46,68.06,43.45,2,Programming,Paid,0,8
390,24.0,4.51,53.29,71.25,1,Marketing,Free,0,6
391,28.0,3.62,64.07,79.59,1,Business,Free,0,7
392,16.0,1.79,86.78,33.99,1,Programming,Free,0,5
393,22.0,2.52,54.22,81.47,3,Design,Free,0,4
394,16.0,2.91,64.64,80.54,1,Business,Free,1,9
395,23.0,8.17,57.96,57.84,4,Programming,Free,0,7
396,35.0,6.97,58.62,66.47,1,Design,Paid,1,8
397,19.0,4.33,58.15,65.51,3,Business,Paid,0,6
398,32.0,5.01,62.37,35.93,3,Programming,Free,0,2
399,47.0,1.62,55.35,70.74,4,Design,Free,0,5
400,37.0,3.93,45.46,80.2,5,Design,Paid,1,7
401,28.0,4.86,72.09,53.37,3,Programming,Free,1,8
402,33.0,4.37,51.5,82.71,5,Marketing,Free,0,6
403,17.0,3.18,50.89,72.13,1,Business,Free,0,6
404,16.0,3.99,62.34,71.12,5,Programming,Free,0,7
405,27.0,4.72,52.84,68.28,2,Marketing,Free,0,6
406,30.0,5.05,45.48,84.3,4,Marketing,Paid,1,9
407,35.0,7.47,55.35,87.49,3,Programming,Paid,1,9
408,23.0,4.68,48.44,66.52,6,Business,Free,1,7
409,28.0,,53.19,77.13,1,Programming,Free,0,7
410,28.0,8.77,38.95,80.61,3,Marketing,Free,1,7
411,26.0,5.88,46.1,75.6,1,Business,Free,1,8
412,26.0,11.1,24.09,93.45,4,Business,Paid,0,8
413,21.0,3.0,63.01,59.28,0,Programming,Free,0,4
414,29.0,2.48,54.08,72.07,2,Marketing,Paid,0,5
415,28.0,3.81,64.63,58.68,0,Programming,Free,0,4
416,24.0,3.66,54.82,76.7,2,Programming,Free,0,8
417,32.0,7.82,48.26,64.73,3,Programming,Free,0,5
418,34.0,2.44,57.25,63.35,2,Business,Free,0,4
419,32.0,4.89,55.64,91.96,2,Programming,Paid,0,7
420,20.0,6.08,47.61,95.5,1,Marketing,Paid,0,4
421,28.0,4.24,53.0,67.38,5,Business,Free,0,4
422,21.0,3.75,55.54,51.59,5,Programming,Free,0,7
423,28.0,5.96,32.53,94.36,3,Programming,Paid,0,6
424,21.0,8.24,51.52,77.65,0,Programming,Paid,1,9
425,36.0,8.09,51.19,75.63,0,Business,Free,0,6
426,32.0,4.12,61.96,72.16,4,Business,Free,0,6
427,35.0,2.81,62.66,58.4,6,Programming,Free,1,7
428,34.0,8.09,53.18,68.16,6,Marketing,Free,1,8
429,25.0,2.5,64.02,76.13,2,Programming,Free,1,10
430,24.0,9.08,46.48,66.08,3,Business,Free,0,4
431,39.0,7.43,44.54,77.05,1,Marketing,Free,1,7
432,26.0,7.93,41.79,71.15,0,Business,Free,0,5
433,18.0,5.52,59.63,59.37,5,Business,Free,0,6
434,34.0,1.96,56.55,92.83,2,Business,Paid,1,9
435,28.0,2.54,55.68,75.13,3,Programming,Free,1,8
436,38.0,4.66,52.83,71.97,2,Programming,Free,1,6
437,29.0,2.99,55.99,74.66,2,Programming,Free,0,4
438,27.0,3.52,67.38,56.07,6,Design,Free,1,8
439,38.0,6.68,42.71,69.58,5,Business,Paid,1,8
440,16.0,3.76,56.13,54.2,4,Business,Free,1,7
441,23.0,2.34,52.5,73.81,2,Marketing,Free,1,8
442,21.0,7.55,45.93,75.91,5,Programming,Paid,0,9
443,16.0,6.39,51.04,76.55,2,Business,Paid,0,6
444,33.0,4.53,43.47,86.14,3,Programming,Paid,1,10
445,23.0,5.58,65.67,50.03,1,Programming,Free,0,7
446,33.0,4.23,67.7,62.21,4,Business,Free,0,6
447,30.0,,43.88,80.85,0,Marketing,Paid,0,6
448,31.0,4.34,61.32,73.9,5,Business,Free,0,6
449,24.0,9.2,44.6,56.21,4,Programming,Paid,0,6
450,22.0,2.18,49.0,88.16,0,Business,Paid,0,9
451,28.0,4.99,51.83,86.52,3,Programming,Free,1,9
452,33.0,3.39,55.37,76.97,1,Marketing,Free,1,8
453,27.0,2.76,59.53,54.4,3,Business,Free,0,7
454,22.0,6.83,59.05,69.92,0,Programming,Free,1,7
455,19.0,7.56,48.53,76.08,5,Programming,Paid,1,10
456,28.0,2.05,65.64,68.74,3,Programming,Paid,0,7
457,23.0,5.6,43.31,86.65,2,Marketing,Free,0,6
458,26.0,6.62,58.62,76.84,6,Design,Paid,1,9
459,25.0,,49.67,94.15,4,Business,Free,0,7
460,24.0,3.48,59.19,83.61,4,Business,Paid,1,8
461,29.0,1.98,55.28,76.76,1,Design,Free,1,9
462,31.0,4.35,52.37,83.05,3,Programming,Paid,1,9
463,41.0,4.68,50.65,92.57,4,Marketing,Paid,1,10
464,32.0,5.8,61.64,78.79,6,Programming,Free,0,7
465,38.0,4.58,51.65,73.24,4,Design,Free,0,6
466,21.0,3.15,60.58,67.74,1,Business,Paid,0,6
467,16.0,4.52,63.08,58.66,4,Business,Free,0,7
468,27.0,4.52,53.76,50.87,0,Marketing,Paid,0,7
469,33.0,3.33,43.7,74.09,2,Programming,Paid,1,5
470,32.0,2.48,52.63,74.12,6,Design,Paid,0,6
471,35.0,5.37,59.26,70.66,5,Design,Free,1,8
472,16.0,4.96,59.88,84.29,6,Design,Free,0,6
473,36.0,6.51,45.41,70.66,2,Programming,Paid,1,10
474,29.0,2.92,44.52,90.74,4,Programming,Free,0,8
475,16.0,4.38,68.18,61.12,4,Programming,Free,0,6
476,32.0,2.18,62.09,56.35,1,Programming,Free,0,3
477,28.0,3.25,57.72,65.42,6,Design,Paid,1,9
478,30.0,4.12,62.06,78.95,6,Business,Free,0,7
479,34.0,4.56,58.45,83.67,0,Business,Free,0,6
480,30.0,1.95,67.49,68.06,5,Design,Free,0,6
481,17.0,3.15,49.23,67.36,3,Design,Paid,0,6
482,26.0,3.44,44.66,86.36,4,Programming,Free,1,9
483,16.0,7.8,57.34,63.5,3,Design,Paid,1,8
484,32.0,3.52,54.72,84.12,1,Programming,Paid,1,10
485,37.0,5.4,50.65,65.15,0,Programming,Paid,0,7
486,18.0,5.66,46.79,81.97,3,Design,Paid,0,7
487,22.0,3.62,59.03,84.77,5,Design,Free,1,9
488,21.0,5.72,59.38,77.72,5,Programming,Paid,1,9
489,24.0,2.21,60.23,71.05,1,Design,Free,0,7
490,30.0,3.77,45.4,91.96,6,Design,Paid,1,10
491,24.0,7.73,45.38,74.18,2,Business,Free,0,7
492,32.0,9.98,41.1,100.0,3,Business,Paid,0,6
493,34.0,7.41,61.96,56.24,2,Business,Paid,0,5
494,35.0,6.65,59.96,47.36,3,Programming,Free,0,5
495,19.0,2.23,51.84,85.94,3,Business,Paid,0,8
496,37.0,2.65,64.88,73.68,4,Design,Free,1,9
497,37.0,3.53,63.3,81.93,3,Design,Free,1,7
498,38.0,12.03,34.19,58.92,3,Business,Free,1,9
499,26.0,3.52,56.83,68.65,4,Programming,Free,1,7
500,22.0,5.67,56.96,78.57,2,Design,Free,0,6
501,20.0,6.01,53.06,69.02,3,Business,Paid,0,7
502,19.0,4.76,50.37,74.93,0,Marketing,Free,1,8
503,27.0,4.01,61.92,58.2,6,Marketing,Free,0,5
504,33.0,2.95,57.05,81.95,0,Design,Paid,0,7
505,36.0,1.5,47.58,92.45,6,Design,Paid,1,9
506,24.0,7.22,54.57,57.39,5,Business,Free,1,6
507,27.0,3.84,64.01,56.42,6,Programming,Paid,0,7
508,26.0,1.75,53.77,84.09,0,Business,Free,0,7
509,23.0,4.94,53.16,60.84,1,Design,Free,1,9
510,32.0,4.9,48.66,78.09,0,Programming,Free,0,6
511,30.0,7.16,42.99,72.66,2,Programming,Paid,0,6
512,28.0,6.7,56.53,68.11,6,Marketing,Free,0,6
513,30.0,2.68,48.24,85.6,5,Programming,Free,1,8
514,31.0,3.42,54.51,83.14,4,Programming,Paid,0,7
515,31.0,3.51,55.06,71.36,5,Programming,Free,1,9
516,21.0,5.87,58.09,42.17,0,Programming,Free,1,7
517,33.0,1.97,65.7,80.55,5,Programming,Paid,0,4
518,29.0,5.37,55.27,63.22,2,Business,Paid,1,10
519,24.0,6.17,49.54,65.34,4,Programming,Free,1,8
520,29.0,6.06,47.2,71.08,5,Business,Free,1,8
521,29.0,6.97,42.95,96.42,4,Marketing,Paid,1,8
522,35.0,6.54,57.84,64.96,2,Programming,Free,0,4
523,20.0,1.18,77.2,50.93,4,Programming,Free,0,4
524,36.0,8.38,40.05,87.17,3,Business,Free,1,7
525,27.0,4.71,51.42,76.71,4,Programming,Free,0,5
526,23.0,9.24,42.05,81.16,3,Programming,Paid,1,7
527,23.0,2.39,54.9,88.13,2,Marketing,Free,0,8
528,20.0,1.84,49.61,90.59,1,Marketing,Free,0,8
529,16.0,9.06,57.43,61.19,2,Business,Free,0,6
530,32.0,2.67,66.3,51.31,5,Programming,Free,0,5
531,41.0,3.53,57.35,80.27,6,Business,Free,1,10
532,16.0,6.43,53.16,72.11,0,Business,Paid,1,10
533,20.0,7.18,49.93,76.28,1,Design,Paid,1,8
534,32.0,6.59,48.95,58.66,3,Business,Free,0,6
535,27.0,4.48,53.85,75.01,4,Programming,Free,0,5
536,33.0,2.52,72.65,72.83,1,Programming,Free,1,8
537,26.0,5.57,61.91,72.45,2,Design,Free,1,8
538,23.0,5.61,60.63,51.34,0,Programming,Free,0,5
539,25.0,1.79,54.98,82.51,0,Programming,Free,1,8
540,16.0,9.6,28.34,77.81,1,Business,Paid,1,9
541,19.0,1.66,52.48,88.24,5,Marketing,Paid,1,10
542,34.0,,56.78,52.97,6,Design,Free,0,4
543,35.0,3.81,53.24,75.63,3,Business,Paid,1,10
544,37.0,5.57,53.52,64.97,1,Marketing,Free,0,4
545,30.0,5.1,58.56,68.43,6,Programming,Free,0,6
546,16.0,4.99,42.42,87.43,1,Design,Paid,1,10
547,23.0,4.97,53.51,77.7,1,Design,Free,1,9
548,36.0,3.9,56.88,68.22,0,Programming,Free,0,5
549,38.0,6.99,43.03,75.14,2,Business,Paid,0,7
550,37.0,10.84,55.76,58.4,5,Design,Free,0,7
551,25.0,2.77,64.27,68.93,2,Design,Paid,0,6
552,18.0,1.0,54.57,81.46,3,Programming,Free,0,6
553,27.0,4.2,60.79,65.93,2,Programming,Paid,1,10
554,27.0,3.26,44.93,84.47,6,Marketing,Free,0,5
555,38.0,3.42,51.22,77.92,4,Programming,Free,1,10
556,29.0,2.67,64.6,78.55,4,Programming,Free,0,8
557,27.0,7.51,48.99,75.99,3,Programming,Paid,0,8
558,28.0,2.18,62.46,69.64,3,Design,Free,0,7
559,30.0,6.21,55.49,76.49,6,Design,Paid,1,7
560,31.0,5.4,53.65,80.4,4,Design,Free,0,4
561,22.0,4.68,63.24,42.49,5,Programming,Free,0,5
562,20.0,5.05,55.48,82.93,0,Programming,Free,0,5
563,37.0,6.22,42.64,67.25,6,Marketing,Free,1,9
564,16.0,5.19,48.66,74.05,6,Business,Paid,1,5
565,38.0,3.47,57.23,70.15,4,Business,Free,1,9
566,16.0,6.31,53.31,74.56,6,Business,Paid,0,6
567,23.0,5.31,56.58,56.55,3,Business,Free,0,5
568,34.0,6.05,41.55,69.82,1,Programming,Free,0,8
569,27.0,1.88,48.02,75.13,4,Programming,Free,1,8
570,18.0,4.67,59.17,57.56,4,Design,Paid,1,7
571,30.0,3.14,60.49,56.39,1,Programming,Paid,0,7
572,27.0,5.22,44.39,81.91,1,Marketing,Free,1,8
573,25.0,5.62,42.79,81.1,2,Design,Free,0,6
574,23.0,3.58,56.93,74.29,3,Business,Free,1,10
575,27.0,2.92,68.52,65.34,1,Marketing,Free,1,8
576,23.0,5.3,50.74,81.16,5,Design,Free,0,7
577,44.0,3.82,68.54,59.87,0,Marketing,Free,0,6
578,25.0,9.63,39.75,76.63,6,Design,Paid,1,10
579,24.0,11.26,45.92,62.78,4,Marketing,Paid,1,8
580,23.0,,56.1,70.06,2,Programming,Paid,1,7
581,39.0,5.63,52.97,67.7,2,Design,Paid,1,10
582,16.0,9.22,41.33,81.56,4,Design,Free,0,6
583,30.0,5.65,48.3,77.2,0,Programming,Paid,0,8
584,25.0,3.27,62.46,68.29,5,Design,Free,1,7
585,17.0,2.99,59.45,83.95,3,Marketing,Free,1,9
586,21.0,2.95,64.45,60.48,1,Business,Free,1,6
587,29.0,4.04,56.08,67.58,6,Programming,Free,1,7
588,21.0,,44.66,64.62,4,Programming,Paid,0,6
589,29.0,2.68,55.49,80.91,1,Programming,Paid,1,10
590,39.0,3.31,55.06,75.72,4,Programming,Free,0,5
591,28.0,4.46,51.44,86.17,2,Marketing,Free,0,4
592,17.0,6.77,48.22,78.83,5,Design,Paid,0,6
593,21.0,4.01,79.24,32.48,3,Programming,Free,0,6
594,25.0,5.66,47.58,73.69,6,Design,Paid,1,9
595,25.0,2.9,42.4,90.78,6,Programming,Paid,0,6
596,28.0,2.69,54.79,64.1,0,Programming,Free,0,6
597,29.0,3.95,60.04,49.91,2,Business,Free,0,7
598,39.0,5.1,58.69,75.94,1,Business,Free,1,9
599,27.0,4.5,45.02,78.0,3,Marketing,Free,1,5
600,19.0,2.77,54.87,63.0,1,Business,Free,1,8
601,35.0,3.65,59.42,71.53,3,Design,Free,1,8
602,36.0,8.01,55.89,61.68,1,Business,Free,0,3
603,29.0,5.18,42.01,77.99,4,Marketing,Free,0,4
604,25.0,3.77,46.01,71.62,3,Business,Free,0,7
605,31.0,3.19,55.77,64.26,6,Marketing,Paid,0,7
606,26.0,2.94,62.66,70.9,6,Business,Free,0,6
607,16.0,5.08,55.6,68.8,4,Marketing,Paid,0,6
608,31.0,4.59,45.47,85.53,3,Programming,Free,1,9
609,33.0,5.23,54.64,80.83,5,Business,Free,0,4
610,37.0,4.83,54.65,72.78,4,Design,Free,1,7
611,22.0,4.29,52.33,78.81,0,Design,Paid,0,6
612,29.0,,44.48,82.15,2,Business,Free,1,6
613,29.0,10.19,38.22,70.68,6,Marketing,Free,0,5
614,28.0,3.16,66.63,80.46,2,Marketing,Free,0,7
615,28.0,2.83,50.35,89.73,0,Programming,Paid,1,8
616,27.0,1.94,57.03,65.6,5,Business,Free,0,6
617,28.0,3.46,48.91,89.11,6,Business,Free,1,9
618,32.0,7.74,42.8,88.26,4,Programming,Paid,0,7
619,36.0,3.13,63.57,70.98,4,Programming,Free,0,4
620,22.0,7.88,54.46,62.67,2,Programming,Free,0,6
621,26.0,5.05,47.67,77.6,2,Business,Paid,0,4
622,24.0,6.68,57.89,71.55,6,Design,Free,0,5
623,23.0,2.88,66.09,64.18,6,Marketing,Free,0,6
624,16.0,2.9,53.19,79.32,3,Design,Free,1,9
625,27.0,4.22,58.33,61.75,2,Marketing,Free,1,8
626,30.0,,53.63,74.61,1,Design,Paid,1,8
627,26.0,3.74,64.62,67.42,0,Business,Free,0,5
628,27.0,4.63,52.63,51.62,3,Programming,Free,0,5
629,30.0,5.28,50.6,80.58,3,Design,Free,0,6
630,37.0,2.67,58.57,72.49,4,Business,Paid,0,7
631,24.0,4.35,45.46,90.14,5,Marketing,Paid,1,9
632,19.0,3.21,55.57,68.31,2,Business,Free,0,6
633,26.0,4.1,63.81,67.12,1,Programming,Paid,0,6
634,40.0,4.87,62.5,57.14,5,Programming,Free,1,6
635,19.0,4.04,68.39,72.47,5,Programming,Paid,0,5
636,32.0,1.64,58.98,68.54,3,Programming,Free,0,6
637,35.0,3.65,55.09,79.16,0,Business,Free,1,6
638,16.0,3.14,58.44,75.74,3,Business,Paid,0,6
639,30.0,6.34,47.12,98.03,4,Business,Paid,1,9
640,31.0,5.83,58.27,77.29,6,Marketing,Free,1,7
641,25.0,1.52,66.17,60.14,3,Business,Free,0,3
642,22.0,3.58,53.43,63.21,3,Business,Paid,0,5
643,23.0,4.75,49.24,74.42,2,Programming,Free,0,3
644,25.0,2.15,66.6,55.78,2,Programming,Free,0,6
645,25.0,5.77,56.9,77.54,0,Business,Free,1,8
646,24.0,6.5,38.36,81.9,0,Marketing,Free,1,7
647,25.0,3.77,47.02,79.04,5,Programming,Free,0,4
648,35.0,2.86,65.39,65.31,2,Design,Free,0,7
649,18.0,1.79,48.5,85.14,5,Business,Paid,0,7
650,16.0,,45.23,71.87,2,Programming,Free,1,7
651,35.0,12.48,44.19,71.92,6,Design,Paid,0,8
652,26.0,11.37,37.47,74.83,1,Marketing,Paid,1,9
653,24.0,4.64,49.94,80.18,1,Business,Paid,1,9
654,26.0,2.48,71.78,59.93,4,Programming,Free,0,4
655,28.0,,44.14,75.67,5,Marketing,Free,0,4
656,23.0,3.83,44.12,85.35,1,Programming,Free,0,4
657,31.0,5.03,59.79,82.62,3,Marketing,Free,0,8
658,20.0,,53.07,72.98,1,Programming,Paid,1,8
659,25.0,5.29,54.32,80.34,5,Design,Paid,0,7
660,16.0,6.44,49.95,68.62,3,Design,Free,0,6
661,35.0,6.55,53.29,61.88,4,Programming,Free,0,5
662,26.0,4.01,55.83,60.36,1,Marketing,Paid,1,8
663,32.0,2.68,61.16,71.01,2,Programming,Free,0,5
664,30.0,1.65,63.29,80.19,4,Programming,Paid,0,7
665,31.0,3.47,60.04,67.15,2,Programming,Free,1,7
666,27.0,3.1,66.67,65.35,4,Business,Paid,1,8
667,30.0,6.12,54.0,75.73,1,Business,Paid,1,6
668,20.0,3.49,45.72,86.59,2,Marketing,Free,1,6
669,19.0,3.66,53.51,78.78,0,Programming,Free,0,4
670,26.0,7.3,44.05,77.71,0,Design,Paid,1,10
671,22.0,4.85,51.45,92.57,1,Programming,Free,1,8
672,37.0,3.85,49.3,100.0,3,Design,Free,0,7
673,30.0,8.66,48.1,67.46,1,Marketing,Free,1,8
674,22.0,5.65,59.75,68.3,0,Business,Free,0,6
675,25.0,4.2,39.84,84.93,6,Design,Paid,0,6
676,28.0,3.43,56.13,64.87,3,Design,Free,0,6
677,27.0,5.78,45.68,81.42,5,Marketing,Free,1,8
678,29.0,5.55,51.65,79.01,5,Design,Paid,0,9
679,27.0,,62.57,72.46,0,Programming,Free,0,5
680,17.0,6.07,55.26,61.09,4,Programming,Free,1,9
681,16.0,8.93,40.57,62.55,6,Programming,Paid,1,8
682,24.0,8.63,56.6,48.17,3,Programming,Paid,0,5
683,31.0,8.12,42.87,85.82,6,Programming,Free,1,9
684,24.0,12.86,22.3,87.41,6,Design,Paid,1,10
685,36.0,8.83,41.36,78.41,3,Business,Free,0,6
686,27.0,,56.58,72.18,0,Programming,Free,0,5
687,37.0,4.62,70.52,54.96,4,Design,Paid,0,7
688,35.0,2.23,54.55,68.61,6,Marketing,Paid,1,9
689,34.0,4.08,61.9,68.18,4,Business,Free,0,8
690,19.0,5.12,50.16,63.19,5,Design,Free,1,9
691,27.0,4.14,56.58,47.68,3,Programming,Free,1,6
692,36.0,1.73,57.14,62.24,2,Marketing,Free,1,9
693,29.0,4.46,58.41,72.59,6,Programming,Paid,1,10
694,31.0,6.78,50.46,72.59,1,Programming,Paid,1,10
695,17.0,2.56,53.77,82.03,3,Marketing,Free,0,6
696,40.0,4.37,50.01,94.63,1,Design,Free,1,9
697,21.0,4.92,51.93,78.54,4,Business,Free,1,9
698,16.0,6.71,50.62,72.24,6,Design,Free,1,8
699,25.0,10.96,30.89,94.8,6,Business,Paid,1,9
700,16.0,3.42,59.15,49.02,1,Programming,Free,0,5
701,19.0,4.4,75.4,43.05,5,Programming,Free,0,6
702,45.0,4.47,68.49,57.36,6,Programming,Free,0,5
703,24.0,6.79,55.99,81.75,5,Programming,Paid,1,9
704,17.0,5.16,49.42,74.27,3,Marketing,Free,1,8
705,27.0,7.7,49.91,54.46,1,Programming,Free,1,8
706,21.0,1.42,61.03,66.73,3,Design,Free,1,6
707,33.0,4.89,65.62,57.34,5,Business,Free,0,7
708,21.0,5.05,58.82,57.34,4,Business,Free,1,8
709,29.0,3.65,47.38,89.51,2,Design,Free,0,5
710,19.0,1.46,63.57,72.57,1,Design,Free,0,6
711,45.0,3.95,45.01,91.08,4,Marketing,Free,1,8
712,31.0,3.68,50.95,65.21,2,Business,Paid,0,6
713,26.0,8.63,45.05,76.4,3,Business,Free,1,8
714,25.0,4.8,50.14,74.88,6,Marketing,Free,0,7
715,23.0,2.83,55.45,80.68,0,Business,Free,1,8
716,22.0,2.01,43.2,75.05,1,Programming,Paid,0,6
717,21.0,6.61,39.36,87.85,6,Design,Paid,1,9
718,39.0,6.93,46.96,78.65,6,Programming,Paid,0,8
719,23.0,3.68,52.16,59.0,2,Business,Free,0,6
720,16.0,5.32,41.34,80.19,6,Marketing,Free,0,7
721,19.0,3.47,57.06,72.97,1,Design,Free,0,6
722,33.0,6.56,56.6,66.23,0,Design,Free,1,9
723,25.0,6.34,43.99,76.33,2,Programming,Free,0,8
724,26.0,1.94,55.4,82.18,3,Marketing,Free,0,4
725,35.0,2.16,62.04,62.2,0,Programming,Free,0,8
726,22.0,10.12,36.04,63.79,1,Programming,Free,0,7
727,31.0,6.17,65.56,51.35,5,Programming,Free,0,8
728,22.0,2.3,67.62,46.34,4,Programming,Free,0,4
729,31.0,2.5,57.01,75.58,4,Design,Paid,1,9
730,24.0,4.45,53.78,81.92,6,Design,Free,0,6
731,25.0,3.03,51.18,65.12,1,Programming,Paid,0,7
732,33.0,3.52,57.98,85.13,6,Programming,Free,0,6
733,32.0,4.96,61.05,69.54,2,Programming,Paid,0,7
734,26.0,4.87,53.53,75.99,6,Design,Paid,0,7
735,24.0,6.73,55.38,64.53,5,Programming,Free,1,8
736,38.0,11.57,32.56,85.8,1,Business,Paid,0,6
737,31.0,3.27,68.21,56.49,1,Programming,Free,0,6
738,24.0,2.44,56.44,66.45,3,Programming,Free,1,7
739,22.0,6.04,51.13,72.53,3,Design,Paid,1,9
740,34.0,8.45,47.64,68.38,1,Design,Free,1,6
741,28.0,3.38,58.38,68.42,1,Programming,Free,0,6
742,26.0,,60.0,66.64,6,Programming,Free,0,4
743,28.0,2.78,67.77,83.54,5,Marketing,Free,0,6
744,29.0,4.09,56.59,67.87,1,Programming,Free,1,7
745,27.0,2.4,59.7,79.55,5,Design,Free,1,8
746,35.0,4.08,49.7,75.73,1,Design,Free,1,9
747,36.0,3.85,58.02,84.85,3,Programming,Free,0,5
748,31.0,5.33,50.33,70.98,0,Design,Free,0,4
749,37.0,9.03,65.31,67.7,4,Business,Free,0,6
750,27.0,,41.09,84.32,1,Marketing,Paid,1,10
751,32.0,1.65,76.78,64.21,1,Programming,Free,0,6
752,34.0,3.7,61.91,73.98,1,Programming,Free,0,5
753,34.0,5.8,35.51,100.0,1,Programming,Paid,0,6
754,33.0,5.55,67.83,68.21,0,Design,Paid,0,6
755,31.0,3.78,45.37,87.85,3,Business,Free,0,6
756,41.0,7.92,48.96,62.09,6,Programming,Free,0,3
757,23.0,5.39,39.54,88.05,2,Programming,Paid,1,8
758,26.0,4.84,49.18,83.7,5,Marketing,Paid,0,8
759,25.0,2.86,57.07,75.2,3,Programming,Free,0,6
760,24.0,1.85,65.54,72.49,1,Design,Free,0,7
761,16.0,,70.41,68.24,0,Business,Free,1,9
762,37.0,4.53,56.19,59.34,5,Programming,Free,0,5
763,20.0,3.15,41.33,72.08,0,Programming,Paid,1,8
764,28.0,4.97,58.53,69.79,2,Programming,Paid,0,8
765,17.0,3.8,52.26,74.51,0,Marketing,Free,0,7
766,31.0,3.06,76.3,51.07,5,Programming,Free,1,9
767,22.0,3.55,56.69,72.27,6,Programming,Paid,0,6
768,19.0,4.87,45.63,83.15,2,Programming,Free,0,6
769,28.0,4.58,44.68,83.33,2,Programming,Paid,0,6
770,22.0,3.11,61.96,71.25,3,Business,Free,1,8
771,23.0,2.75,47.74,98.75,3,Programming,Free,0,5
772,28.0,3.82,66.52,68.23,2,Design,Free,0,5
773,33.0,6.15,49.61,73.13,2,Design,Free,0,5
774,21.0,5.56,64.81,61.27,1,Marketing,Paid,1,8
775,20.0,3.64,51.61,63.16,1,Programming,Free,0,6
776,27.0,4.66,37.37,91.27,4,Marketing,Free,1,6
777,31.0,7.49,55.05,66.98,5,Business,Free,0,6
778,37.0,5.06,58.7,49.67,5,Programming,Free,1,6
779,20.0,4.56,50.18,80.59,3,Business,Free,1,7
780,25.0,6.76,40.85,80.59,5,Marketing,Paid,1,8
781,35.0,3.78,47.88,77.97,4,Programming,Free,0,6
782,41.0,4.41,59.83,69.38,2,Marketing,Free,0,3
783,20.0,3.25,60.36,63.93,2,Design,Free,0,6
784,22.0,2.02,55.05,68.98,3,Business,Free,1,8
785,30.0,5.91,52.93,82.33,2,Marketing,Paid,1,8
786,23.0,4.74,63.13,67.13,5,Programming,Free,0,6
787,22.0,3.56,55.17,75.27,1,Business,Free,0,4
788,29.0,8.08,55.3,65.56,0,Programming,Paid,1,9
789,38.0,3.66,48.05,79.68,3,Business,Paid,0,5
790,18.0,2.28,62.21,74.97,0,Business,Paid,1,10
791,37.0,2.96,63.62,59.53,1,Programming,Free,0,6
792,23.0,2.03,54.39,75.4,2,Design,Free,0,6
793,29.0,5.9,65.76,67.36,0,Programming,Paid,1,8
794,38.0,2.89,58.65,75.41,1,Programming,Free,1,8
795,29.0,6.32,45.08,78.48,3,Programming,Free,1,8
796,25.0,6.26,50.44,74.02,2,Programming,Free,1,8
797,32.0,3.34,59.1,52.38,6,Programming,Paid,0,7
798,26.0,2.82,57.11,56.42,0,Programming,Free,0,6
799,31.0,5.16,53.55,64.0,5,Business,Free,1,8
800,26.0,6.3,52.07,62.24,4,Business,Free,0,5
801,33.0,1.64,58.81,65.03,4,Business,Free,1,8
802,17.0,5.75,55.77,83.1,4,Programming,Paid,0,6
803,20.0,1.51,54.14,79.84,0,Marketing,Free,1,7
804,17.0,,53.02,69.76,5,Design,Free,0,8
805,27.0,8.29,36.96,79.1,2,Programming,Paid,0,7
806,16.0,19.64,12.52,75.95,4,Programming,Paid,1,10
807,22.0,3.64,63.43,70.64,2,Business,Free,1,8
808,19.0,2.89,55.17,85.78,2,Programming,Paid,0,10
809,37.0,3.22,63.47,67.39,4,Design,Free,0,6
810,20.0,5.22,57.66,77.05,6,Marketing,Paid,0,8
811,18.0,3.0,62.01,55.39,6,Programming,Free,0,5
812,29.0,2.67,73.37,55.96,5,Programming,Free,1,8
813,39.0,3.35,58.5,58.21,3,Marketing,Free,0,5
814,26.0,4.85,50.31,64.14,3,Design,Free,0,5
815,27.0,3.76,59.82,69.0,6,Programming,Free,1,9
816,36.0,2.73,60.6,69.32,1,Marketing,Free,1,8
817,33.0,3.0,59.87,69.67,6,Marketing,Free,0,7
818,30.0,3.37,63.82,71.01,4,Design,Free,0,7
819,23.0,2.59,53.26,90.5,4,Business,Free,1,10
820,30.0,3.69,63.34,58.35,4,Programming,Paid,0,7
821,17.0,6.77,63.29,57.07,5,Programming,Paid,1,7
822,23.0,4.57,57.2,69.55,4,Design,Paid,1,8
823,37.0,1.84,65.42,67.14,0,Programming,Free,0,5
824,36.0,6.43,40.52,76.66,5,Business,Free,1,8
825,30.0,4.89,74.33,77.8,5,Business,Free,1,10
826,16.0,2.18,47.89,79.34,6,Programming,Free,0,7
827,19.0,3.44,53.67,72.92,6,Design,Free,1,8
828,22.0,3.55,55.24,67.24,6,Programming,Paid,0,9
829,26.0,5.5,59.17,89.65,0,Marketing,Free,0,5
830,18.0,4.29,63.45,38.59,4,Programming,Paid,0,6
831,25.0,3.92,58.94,71.69,6,Business,Free,0,4
832,39.0,3.72,51.03,78.3,6,Design,Free,0,4
833,30.0,2.08,46.72,92.74,3,Design,Free,0,4
834,29.0,9.54,52.58,56.73,6,Business,Paid,0,7
835,20.0,5.46,50.44,66.38,6,Business,Free,1,9
836,16.0,2.9,63.72,60.42,0,Design,Free,0,4
837,18.0,4.42,66.11,51.22,6,Business,Free,0,5
838,16.0,6.29,62.98,70.35,4,Marketing,Free,1,9
839,28.0,5.2,40.77,86.33,4,Design,Paid,1,7
840,30.0,10.21,35.1,90.06,1,Design,Paid,1,10
841,20.0,18.84,24.92,65.62,6,Programming,Paid,1,10
842,28.0,4.79,50.65,82.33,2,Business,Paid,0,8
843,37.0,3.9,70.23,76.02,2,Design,Paid,1,10
844,41.0,2.6,55.39,79.57,2,Design,Free,0,3
845,32.0,1.5,42.93,81.85,6,Programming,Free,0,5
846,26.0,7.11,48.51,70.46,3,Marketing,Free,0,7
847,32.0,3.46,52.01,84.77,0,Design,Free,1,8
848,36.0,6.01,55.15,57.66,0,Business,Free,0,6
849,16.0,6.58,44.65,75.88,6,Programming,Free,1,10
850,37.0,3.12,44.64,87.35,1,Marketing,Paid,0,8
851,23.0,3.33,66.52,83.16,5,Programming,Paid,1,9
852,23.0,8.89,53.53,53.78,0,Programming,Free,0,6
853,25.0,4.91,52.03,74.34,6,Marketing,Paid,1,7
854,29.0,3.01,69.66,75.67,4,Marketing,Free,0,6
855,19.0,2.53,53.56,73.32,1,Programming,Free,1,9
856,25.0,3.81,58.93,75.16,6,Design,Free,0,6
857,31.0,7.99,34.58,86.72,2,Business,Free,1,9
858,29.0,5.52,61.75,58.9,6,Marketing,Free,0,6
859,30.0,4.4,50.72,65.12,4,Programming,Free,0,6
860,25.0,8.29,54.59,57.12,3,Design,Free,1,10
861,32.0,7.6,57.76,77.83,0,Business,Free,1,7
862,34.0,5.89,49.22,81.1,1,Business,Paid,1,10
863,34.0,14.14,10.74,100.0,0,Business,Free,1,10
864,30.0,3.63,52.74,84.26,5,Design,Free,0,7
865,34.0,6.65,53.06,71.98,0,Programming,Free,0,5
866,33.0,3.4,61.61,75.18,0,Marketing,Free,0,6
867,46.0,6.09,61.23,69.18,0,Marketing,Free,1,7
868,36.0,3.63,65.81,72.44,6,Business,Free,0,5
869,26.0,4.99,53.28,71.31,6,Programming,Free,0,6
870,21.0,11.89,44.34,44.42,5,Programming,Free,0,4
871,25.0,7.78,39.16,77.17,0,Business,Paid,1,9
872,25.0,5.03,51.47,69.21,3,Programming,Free,0,4
873,31.0,,54.75,90.92,6,Marketing,Free,0,7
874,22.0,4.41,48.96,66.42,0,Programming,Free,1,10
875,35.0,2.58,56.86,62.58,5,Business,Free,1,10
876,17.0,6.04,53.72,75.32,0,Marketing,Free,0,4
877,16.0,5.98,46.81,74.74,5,Design,Free,0,5
878,26.0,3.74,60.74,66.43,3,Programming,Free,1,8
879,21.0,10.72,40.2,60.93,6,Business,Paid,0,7
880,18.0,8.05,48.66,72.44,2,Design,Free,1,8
881,23.0,4.34,51.95,68.21,5,Design,Free,1,9
882,22.0,,38.78,72.62,5,Business,Paid,1,10
883,27.0,3.11,60.83,80.19,2,Marketing,Free,0,4
884,23.0,4.48,51.03,71.25,4,Design,Paid,1,9
885,23.0,3.12,57.37,69.35,3,Programming,Paid,0,5
886,27.0,4.09,49.38,78.49,3,Programming,Paid,1,8
887,34.0,3.87,59.79,71.31,5,Design,Free,1,8
888,37.0,1.92,53.02,99.31,1,Programming,Free,1,9
889,28.0,5.26,56.83,70.99,0,Programming,Free,0,6
890,29.0,6.42,52.51,57.34,3,Business,Free,0,5
891,26.0,4.04,60.54,57.93,5,Programming,Free,1,10
892,30.0,1.2,67.94,62.63,1,Marketing,Free,0,5
893,30.0,3.62,70.97,58.1,2,Programming,Free,0,6
894,36.0,2.17,61.01,74.44,4,Programming,Free,0,7
895,16.0,3.08,56.61,58.83,3,Business,Free,0,6
896,25.0,7.79,50.31,69.02,4,Marketing,Free,1,7
897,29.0,1.69,55.29,85.71,3,Programming,Paid,1,8
898,27.0,2.81,50.21,61.76,5,Programming,Free,1,9
899,20.0,5.89,39.35,76.06,6,Programming,Free,0,7
900,18.0,3.7,60.05,61.17,3,Design,Paid,1,9
901,33.0,2.86,59.21,70.29,3,Design,Free,0,4
902,22.0,10.12,45.89,57.37,1,Programming,Free,0,6
903,16.0,6.01,55.62,75.6,3,Programming,Paid,0,8
904,33.0,6.17,48.54,63.65,5,Design,Free,0,4
905,30.0,5.07,37.55,94.23,3,Marketing,Free,1,8
906,26.0,5.45,53.12,56.97,4,Business,Paid,1,9
907,21.0,8.95,35.38,89.36,2,Design,Paid,1,10
908,26.0,11.95,34.47,82.54,4,Programming,Paid,0,6
909,36.0,2.38,53.48,75.72,4,Programming,Paid,0,7
910,16.0,3.99,44.34,68.65,3,Programming,Free,1,10
911,16.0,4.97,30.26,95.4,6,Business,Paid,1,7
912,23.0,3.34,48.93,98.45,6,Marketing,Free,1,7
913,27.0,7.88,39.88,74.32,1,Marketing,Paid,1,9
914,24.0,5.69,38.09,78.16,1,Marketing,Paid,0,8
915,31.0,12.06,42.47,70.7,6,Marketing,Paid,1,9
916,35.0,8.32,58.49,64.22,2,Marketing,Paid,1,10
917,29.0,7.49,47.21,73.56,2,Programming,Free,0,4
918,31.0,2.96,58.85,75.0,5,Programming,Paid,1,9
919,29.0,2.82,68.42,48.68,4,Programming,Free,1,4
920,27.0,2.93,42.18,78.56,0,Design,Free,1,10
921,18.0,9.19,48.72,75.4,0,Programming,Paid,0,8
922,20.0,3.28,65.66,70.19,5,Marketing,Paid,0,6
923,18.0,2.66,72.88,63.67,5,Business,Free,0,3
924,26.0,2.45,54.6,78.24,2,Design,Free,0,6
925,29.0,14.0,21.83,87.31,6,Programming,Free,0,7
926,17.0,3.8,64.32,72.78,0,Programming,Free,0,6
927,28.0,5.15,54.58,77.37,6,Programming,Free,0,8
928,21.0,3.03,64.87,67.76,0,Marketing,Paid,1,8
929,20.0,6.24,47.94,69.86,4,Design,Free,1,10
930,23.0,2.28,58.02,81.69,5,Business,Paid,1,7
931,19.0,2.61,59.84,51.7,4,Programming,Free,0,4
932,31.0,3.65,55.87,74.49,5,Programming,Paid,0,5
933,26.0,,50.45,78.93,2,Design,Free,0,7
934,33.0,3.55,70.15,74.58,2,Business,Paid,1,7
935,24.0,8.05,49.5,74.51,1,Business,Free,1,9
936,24.0,6.36,37.65,72.69,0,Programming,Paid,0,7
937,40.0,3.72,57.32,69.97,1,Marketing,Paid,1,9
938,16.0,6.35,59.39,53.86,1,Programming,Free,0,5
939,36.0,3.4,54.63,71.55,5,Marketing,Free,1,7
940,39.0,3.11,47.26,83.65,1,Programming,Free,0,7
941,32.0,7.59,47.76,84.29,1,Programming,Paid,1,8
942,25.0,1.34,57.18,68.87,5,Marketing,Free,0,7
943,37.0,5.64,58.78,63.61,3,Programming,Free,1,10
944,25.0,2.94,52.9,69.6,1,Design,Free,1,8
945,22.0,2.94,55.97,69.6,4,Design,Free,0,7
946,24.0,12.24,42.4,75.45,1,Programming,Paid,1,9
947,23.0,3.99,53.84,86.63,5,Business,Paid,1,10
948,20.0,,38.05,100.0,0,Marketing,Paid,1,8
949,35.0,5.75,53.44,67.79,4,Marketing,Paid,1,8
950,22.0,6.02,49.37,79.81,4,Programming,Paid,1,8
951,27.0,3.62,49.49,79.42,2,Design,Free,1,10
952,17.0,4.42,47.36,68.04,4,Programming,Paid,0,6
953,27.0,8.07,56.17,55.69,2,Programming,Free,1,9
954,19.0,6.16,60.67,71.3,4,Programming,Free,0,6
955,19.0,4.05,50.15,98.76,1,Marketing,Paid,0,7
956,26.0,2.53,59.6,75.32,3,Marketing,Free,1,6
957,34.0,3.12,54.07,62.34,5,Business,Free,0,3
958,30.0,6.31,56.03,72.43,6,Design,Free,0,5
959,31.0,6.89,55.82,62.6,2,Design,Free,0,5
960,26.0,6.51,52.87,78.19,3,Design,Paid,1,8
961,25.0,1.96,63.6,80.83,3,Design,Free,0,6
962,33.0,5.69,63.52,67.07,6,Design,Free,1,10
963,23.0,7.29,57.15,28.93,6,Programming,Free,0,7
964,33.0,4.38,47.67,71.32,4,Programming,Free,1,8
965,36.0,9.88,45.62,67.23,5,Marketing,Free,0,6
966,21.0,2.24,56.27,66.49,0,Design,Free,0,6
967,22.0,5.52,48.7,64.53,5,Marketing,Free,0,6
968,23.0,2.56,66.21,72.8,5,Programming,Free,0,6
969,17.0,6.53,45.11,69.92,5,Design,Free,1,8
970,24.0,5.34,50.48,79.17,4,Programming,Free,1,8
971,36.0,11.4,25.93,83.43,6,Programming,Paid,1,8
972,20.0,5.08,56.54,64.75,4,Programming,Free,0,6
973,36.0,3.38,68.05,61.75,5,Programming,Free,0,3
974,24.0,4.06,61.1,77.84,1,Marketing,Paid,1,9
975,42.0,3.62,65.11,66.26,4,Programming,Free,0,3
976,22.0,3.22,64.34,51.72,3,Business,Free,0,6
977,26.0,9.29,42.23,97.14,6,Design,Paid,1,8
978,21.0,7.2,48.34,81.14,6,Design,Free,1,10
979,22.0,2.58,56.01,73.37,5,Design,Paid,0,7
980,36.0,5.16,63.79,49.0,1,Programming,Paid,0,6
981,30.0,,57.74,74.61,3,Marketing,Paid,1,9
982,34.0,3.57,50.19,68.53,0,Business,Paid,0,5
983,18.0,4.94,48.15,70.33,6,Business,Free,0,7
984,32.0,9.78,47.9,56.36,1,Design,Paid,1,9
985,20.0,6.06,47.52,62.33,4,Programming,Free,1,7
986,18.0,7.43,42.37,68.18,3,Marketing,Free,1,7
987,29.0,2.93,58.04,65.69,6,Programming,Free,1,7
988,29.0,4.12,64.08,65.17,5,Programming,Free,0,5
989,27.0,2.87,65.5,68.63,5,Programming,Free,0,4
990,32.0,4.52,51.28,87.73,4,Business,Free,1,8
991,33.0,4.7,57.88,65.33,0,Business,Free,1,7
992,37.0,6.25,67.43,60.98,6,Business,Free,0,5
993,19.0,9.15,47.03,56.0,0,Business,Paid,0,6
994,38.0,5.53,57.63,61.87,3,Programming,Free,0,6
995,40.0,3.44,57.27,61.79,2,Marketing,Paid,0,6
996,24.0,2.76,45.54,87.6,2,Design,Paid,1,9
997,16.0,6.41,57.13,73.94,6,Business,Paid,0,7
998,17.0,7.97,42.89,79.27,1,Programming,Free,1,8
999,24.0,5.01,50.99,91.89,4,Marketing,Paid,1,10
1000,41.0,2.55,61.35,61.62,1,Programming,Paid,1,5
1001,27.0,12.95,45.25,67.83,6,Programming,Paid,0,6
1002,23.0,6.32,38.15,91.32,5,Design,Paid,1,8
1003,22.0,4.38,62.75,70.27,2,Programming,Free,1,8
1004,18.0,2.4,64.09,74.26,0,Programming,Free,1,7
1005,33.0,5.11,37.76,86.36,1,Business,Paid,0,7
1006,26.0,5.52,45.72,82.97,1,Design,Free,0,7
1007,42.0,6.36,53.85,80.81,2,Marketing,Paid,1,7
1008,31.0,2.99,63.58,84.76,6,Programming,Free,1,8
1009,33.0,3.95,61.02,70.25,0,Business,Free,1,6
1010,25.0,3.07,53.15,79.19,4,Design,Free,0,6
1011,19.0,8.58,41.14,69.06,2,Business,Free,0,5
1012,21.0,7.58,45.85,88.21,0,Design,Paid,0,6
1013,17.0,,56.96,66.99,4,Design,Free,0,3
1014,33.0,3.0,60.51,58.83,4,Marketing,Paid,0,6
1015,24.0,4.6,51.98,75.86,6,Programming,Free,0,4
1016,34.0,4.06,65.44,59.76,3,Programming,Paid,0,5
1017,28.0,3.36,72.91,58.69,2,Business,Free,0,6
1018,25.0,2.43,60.79,85.78,5,Marketing,Free,0,7
1019,19.0,,56.54,79.6,1,Programming,Free,0,6
1020,29.0,4.36,50.31,70.57,4,Design,Free,0,4
1021,25.0,4.5,68.52,44.52,6,Marketing,Paid,0,6
1022,33.0,15.59,37.39,80.87,0,Business,Paid,1,10
1023,22.0,5.3,56.55,79.46,6,Marketing,Free,0,6
1024,31.0,2.42,58.21,79.17,1,Design,Free,0,6
1025,38.0,2.03,55.94,76.18,3,Business,Free,1,7
1026,29.0,4.85,58.36,65.82,1,Programming,Free,0,5
1027,32.0,3.39,65.6,68.19,1,Marketing,Free,1,7
1028,31.0,7.38,56.0,54.73,4,Programming,Free,0,6
1029,40.0,4.6,57.09,63.33,3,Business,Free,0,6
1030,30.0,2.08,52.88,81.21,3,Design,Paid,0,6
1031,32.0,2.56,72.82,77.38,3,Design,Free,0,7
1032,27.0,2.99,50.18,79.69,5,Business,Free,0,4
1033,22.0,4.95,52.23,59.94,6,Design,Free,0,5
1034,19.0,2.53,66.14,55.08,3,Marketing,Free,0,4
1035,36.0,4.34,54.67,70.2,1,Design,Free,0,4
1036,20.0,2.22,70.33,59.78,2,Business,Free,0,4
1037,32.0,4.07,62.81,70.23,3,Programming,Free,1,7
1038,30.0,5.99,46.82,64.9,0,Design,Paid,0,7
1039,33.0,9.78,32.52,89.8,1,Design,Paid,1,9
1040,23.0,5.66,50.55,62.14,1,Programming,Paid,0,6
1041,21.0,3.51,55.1,91.11,6,Programming,Paid,1,9
1042,30.0,7.94,48.23,76.77,2,Business,Free,0,3
1043,25.0,3.73,58.78,59.39,6,Business,Free,1,8
1044,18.0,5.74,45.76,94.04,3,Business,Free,0,3
1045,41.0,3.85,48.46,75.19,3,Programming,Paid,0,6
1046,21.0,5.28,48.03,73.99,6,Programming,Paid,0,6
1047,20.0,2.83,52.45,67.22,4,Programming,Free,0,6
1048,25.0,4.69,53.91,76.13,1,Business,Free,0,6
1049,36.0,5.82,50.74,78.02,1,Marketing,Free,0,6
1050,16.0,3.25,56.78,57.62,4,Programming,Free,1,9
1051,35.0,3.96,58.39,72.65,0,Business,Paid,1,10
1052,21.0,4.76,61.58,69.39,1,Programming,Free,0,6
1053,29.0,2.8,51.41,74.99,0,Programming,Free,0,6
1054,22.0,2.05,57.21,75.2,4,Programming,Free,1,8
1055,41.0,4.75,58.14,69.97,3,Programming,Free,0,5
1056,28.0,3.86,58.74,64.95,0,Business,Free,0,6
1057,22.0,4.78,46.69,70.18,5,Marketing,Paid,1,10
1058,25.0,5.13,57.27,53.7,4,Programming,Free,1,5
1059,28.0,5.46,47.17,79.93,5,Design,Free,1,8
1060,28.0,3.77,58.21,64.22,1,Business,Free,0,7
1061,30.0,2.45,59.17,70.49,6,Marketing,Free,1,8
1062,27.0,3.04,66.94,73.62,1,Business,Free,0,6
1063,17.0,5.28,53.32,68.05,3,Programming,Free,0,4
1064,25.0,4.31,45.38,70.94,3,Business,Free,1,9
1065,31.0,3.17,63.57,57.14,1,Programming,Free,1,9
1066,22.0,3.56,64.89,79.32,2,Marketing,Paid,0,7
1067,32.0,6.69,48.07,74.87,0,Design,Paid,0,6
1068,27.0,,51.36,74.05,3,Business,Paid,0,7
1069,25.0,5.69,46.99,81.9,4,Programming,Free,0,4
1070,35.0,7.53,47.87,83.05,2,Design,Paid,1,8
1071,16.0,4.4,53.79,70.51,3,Marketing,Paid,0,7
1072,22.0,6.22,42.95,69.36,6,Business,Free,1,9
1073,36.0,4.32,44.97,89.99,1,Design,Free,1,7
1074,40.0,4.57,55.31,69.27,2,Marketing,Free,0,4
1075,43.0,1.89,62.13,76.92,0,Marketing,Paid,0,6
1076,27.0,2.62,54.15,75.97,3,Programming,Free,0,6
1077,30.0,2.68,55.67,76.15,1,Design,Free,0,4
1078,33.0,4.39,54.62,74.27,5,Design,Paid,0,8
1079,36.0,4.27,53.95,62.82,2,Business,Free,0,5
1080,29.0,5.44,52.32,71.88,4,Programming,Paid,1,9
1081,33.0,5.76,52.17,79.9,1,Programming,Paid,0,6
1082,30.0,3.72,43.07,90.37,2,Marketing,Paid,1,10
1083,31.0,,55.23,61.11,1,Marketing,Paid,1,9
1084,21.0,9.15,31.47,91.01,3,Marketing,Free,1,6
1085,25.0,3.46,51.65,69.47,0,Marketing,Free,0,5
1086,23.0,3.76,47.94,85.17,0,Business,Paid,0,6
1087,19.0,3.72,66.6,66.89,3,Business,Paid,0,6
1088,16.0,4.21,51.8,53.28,3,Business,Free,0,6
1089,24.0,3.2,58.87,60.87,2,Design,Free,0,5
1090,25.0,1.86,61.01,70.69,3,Design,Free,1,9
1091,28.0,2.11,66.36,74.29,2,Programming,Free,0,6
1092,31.0,6.42,62.59,71.34,5,Business,Free,0,5
1093,28.0,9.02,43.47,69.0,3,Programming,Paid,0,7
1094,25.0,10.41,40.44,85.42,5,Programming,Paid,1,7
1095,21.0,5.61,49.78,78.02,1,Design,Paid,0,6
1096,33.0,2.6,56.79,76.8,1,Design,Free,0,5
1097,26.0,3.33,49.31,100.0,2,Programming,Free,1,8
1098,24.0,2.07,51.11,70.91,0,Business,Free,0,5
1099,26.0,2.04,62.41,65.19,4,Marketing,Free,1,8
1100,22.0,4.55,56.88,73.77,2,Programming,Free,0,6
1101,23.0,5.17,46.58,76.81,2,Programming,Free,0,6
1102,23.0,9.79,46.14,71.61,3,Programming,Free,0,6
1103,25.0,3.91,45.57,72.73,0,Business,Free,0,6
1104,32.0,2.2,55.17,87.3,2,Business,Free,0,4
1105,30.0,3.84,60.1,84.29,6,Programming,Free,1,9
1106,38.0,3.57,56.44,69.71,4,Business,Free,0,4
1107,35.0,3.25,55.88,60.28,4,Programming,Free,0,2
1108,41.0,4.73,43.64,78.29,3,Design,Free,0,8
1109,31.0,2.35,64.19,65.68,3,Marketing,Free,1,7
1110,31.0,4.3,58.59,78.62,6,Programming,Free,0,5
1111,24.0,6.8,47.72,77.09,6,Programming,Paid,0,4
1112,33.0,7.68,35.32,100.0,2,Design,Free,0,5
1113,22.0,5.83,33.67,91.21,6,Business,Paid,1,9
1114,17.0,6.48,55.08,61.17,0,Marketing,Free,0,6
1115,38.0,4.15,51.87,71.05,2,Marketing,Paid,1,7
1116,18.0,4.42,59.32,49.03,2,Programming,Paid,0,6
1117,30.0,7.44,68.51,42.35,4,Programming,Free,0,6
1118,21.0,2.73,46.5,76.25,4,Business,Paid,1,9
1119,35.0,3.38,53.77,53.69,3,Programming,Free,1,8
1120,36.0,8.42,40.06,93.73,1,Marketing,Paid,1,10
1121,31.0,3.69,50.26,83.74,3,Business,Free,1,8
1122,36.0,3.57,56.37,64.74,1,Programming,Free,0,7
1123,27.0,4.5,56.75,71.39,3,Business,Paid,1,8
1124,43.0,5.34,48.35,89.82,2,Programming,Paid,1,10
1125,32.0,6.61,37.71,91.15,6,Design,Free,0,7
1126,21.0,7.68,45.52,68.67,5,Design,Paid,0,4
1127,27.0,4.08,59.13,63.39,1,Design,Free,0,6
1128,26.0,6.63,52.72,67.69,6,Business,Free,0,5
1129,25.0,5.91,51.99,79.74,4,Business,Paid,0,5
1130,16.0,5.97,49.88,67.11,2,Marketing,Free,0,5
1131,30.0,2.55,59.43,77.25,3,Marketing,Free,0,6
1132,17.0,11.08,37.2,97.5,1,Design,Paid,1,7
1133,16.0,4.48,62.53,51.13,0,Programming,Free,1,8
1134,25.0,,63.65,66.1,2,Business,Free,0,5
1135,22.0,8.56,49.48,57.94,5,Marketing,Free,0,7
1136,21.0,5.08,53.43,61.96,2,Programming,Paid,0,6
1137,16.0,3.39,52.05,71.05,2,Design,Free,1,9
1138,21.0,3.09,58.06,66.73,6,Design,Free,1,8
1139,26.0,6.18,51.72,78.24,6,Programming,Paid,0,7
1140,23.0,2.72,53.25,72.66,3,Business,Free,0,7
1141,30.0,3.13,57.61,71.59,0,Programming,Free,0,8
1142,37.0,3.95,55.09,71.63,4,Business,Paid,1,9
1143,31.0,4.44,65.47,72.64,5,Business,Paid,0,6
1144,34.0,3.22,63.75,67.14,6,Business,Free,0,6
1145,35.0,7.44,51.44,75.51,6,Design,Paid,1,7
1146,20.0,5.73,55.95,77.03,4,Programming,Paid,1,7
1147,30.0,4.84,58.63,49.84,0,Business,Free,0,7
1148,34.0,6.67,56.23,78.17,1,Business,Paid,1,10
1149,24.0,4.86,56.0,69.31,5,Design,Paid,1,8
1150,21.0,,59.97,68.94,4,Marketing,Free,0,9
1151,31.0,9.14,45.36,49.26,3,Programming,Free,1,6
1152,17.0,7.69,45.22,72.73,2,Marketing,Paid,1,10
1153,19.0,10.47,30.0,75.33,4,Programming,Paid,0,6
1154,22.0,6.46,48.58,73.49,2,Programming,Free,0,8
1155,30.0,4.12,54.33,66.14,1,Design,Paid,1,8
1156,29.0,1.76,56.82,76.91,6,Programming,Paid,0,6
1157,34.0,,45.27,85.68,2,Programming,Paid,1,7
1158,21.0,6.75,56.24,66.08,1,Programming,Paid,1,10
1159,20.0,3.87,59.14,74.01,0,Design,Free,1,7
1160,31.0,3.36,75.86,48.25,3,Business,Free,0,6
1161,21.0,1.32,77.03,57.24,6,Programming,Free,1,8
1162,23.0,4.03,56.18,73.98,1,Business,Free,0,5
1163,16.0,2.49,62.13,81.51,1,Business,Free,0,3
1164,29.0,3.66,60.83,64.81,1,Programming,Paid,1,8
1165,38.0,7.43,36.09,100.0,0,Programming,Paid,0,7
1166,20.0,,56.19,75.8,4,Marketing,Free,0,6
1167,34.0,3.33,65.16,60.99,2,Business,Paid,0,9
1168,27.0,4.41,74.42,86.87,5,Design,Free,0,7
1169,16.0,6.0,63.77,57.22,2,Business,Free,1,9
1170,21.0,3.38,58.86,71.94,4,Programming,Free,1,8
1171,20.0,7.85,52.98,64.71,0,Design,Free,0,4
1172,25.0,2.28,68.21,56.07,2,Business,Free,1,7
1173,30.0,2.63,54.43,83.55,2,Programming,Paid,0,6
1174,40.0,2.03,66.22,68.14,0,Business,Free,0,5
1175,17.0,1.93,52.88,91.26,2,Design,Free,1,8
1176,24.0,4.72,52.62,59.8,3,Business,Free,0,3
1177,21.0,2.61,66.71,58.4,2,Design,Free,0,7
1178,18.0,2.69,64.59,66.24,3,Programming,Paid,0,6
1179,28.0,6.01,40.9,100.0,5,Programming,Paid,1,9
1180,27.0,5.88,51.62,78.01,5,Programming,Free,0,4
1181,16.0,6.51,54.46,77.09,0,Business,Free,1,7
1182,27.0,6.01,50.2,75.04,4,Programming,Free,1,7
1183,19.0,3.35,56.78,66.18,6,Programming,Paid,1,7
1184,27.0,4.59,40.65,100.0,6,Programming,Free,1,8
1185,36.0,5.07,51.6,73.5,2,Programming,Free,0,5
1186,30.0,,65.76,75.01,5,Business,Free,1,9
1187,28.0,4.37,49.85,83.85,5,Design,Free,0,5
1188,23.0,2.31,66.38,59.13,2,Marketing,Free,0,6
1189,27.0,3.06,61.21,57.45,6,Programming,Free,0,5
1190,31.0,5.99,49.06,72.3,4,Business,Paid,1,9
1191,30.0,7.99,37.78,83.91,5,Design,Free,0,5
1192,26.0,6.81,54.26,61.02,5,Design,Free,1,9
1193,29.0,5.46,49.76,71.79,5,Marketing,Free,0,4
1194,18.0,4.2,63.79,70.31,6,Marketing,Free,0,6
1195,22.0,4.9,57.59,59.97,6,Marketing,Paid,0,5
1196,32.0,2.64,60.86,65.89,2,Programming,Paid,1,9
1197,33.0,2.78,56.72,74.51,3,Programming,Free,0,7
1198,28.0,3.53,63.92,58.68,4,Business,Paid,0,7
1199,37.0,6.57,53.36,88.94,5,Programming,Paid,1,10
1200,31.0,7.76,38.64,80.15,2,Business,Paid,0,6
1201,25.0,5.65,52.13,77.46,2,Design,Free,0,7
1202,18.0,6.9,39.48,74.08,5,Design,Free,1,7
1203,37.0,4.19,67.48,58.98,6,Business,Free,0,5
1204,32.0,3.26,58.43,67.85,6,Business,Paid,0,7
1205,40.0,3.97,46.98,72.34,1,Programming,Free,0,7
1206,42.0,2.93,54.84,60.18,6,Programming,Free,0,5
1207,18.0,5.45,57.32,73.08,5,Business,Free,1,9
1208,18.0,3.45,49.67,65.01,1,Design,Free,1,8
1209,16.0,3.88,57.44,73.42,0,Programming,Free,0,6
1210,33.0,5.54,47.5,79.26,1,Design,Free,0,5
1211,32.0,2.91,63.84,53.1,6,Business,Free,0,5
1212,28.0,7.82,42.24,75.74,5,Business,Paid,1,9
1213,18.0,2.76,56.24,62.78,4,Design,Paid,0,7
1214,26.0,4.66,57.44,55.39,4,Design,Free,1,7
1215,28.0,4.87,60.01,64.87,2,Programming,Paid,0,5
1216,32.0,5.88,40.31,100.0,6,Design,Free,0,3
1217,29.0,2.73,58.07,81.3,1,Programming,Paid,0,8
1218,32.0,2.55,50.76,91.92,2,Design,Paid,1,10
1219,26.0,5.68,53.98,77.69,1,Business,Free,1,6
1220,35.0,3.4,60.35,70.47,5,Programming,Free,0,6
1221,31.0,3.89,50.64,78.74,3,Programming,Free,0,5
1222,19.0,3.01,56.54,60.33,4,Programming,Free,0,7
1223,37.0,6.12,55.17,77.44,6,Marketing,Free,0,5
1224,36.0,4.64,45.53,83.95,1,Business,Free,1,9
1225,30.0,5.65,52.44,80.39,6,Programming,Paid,0,6
1226,29.0,2.4,54.96,85.55,0,Marketing,Free,1,7
1227,39.0,5.08,49.51,75.83,5,Design,Free,1,9
1228,16.0,2.59,55.06,90.92,4,Design,Free,1,9
1229,36.0,3.02,66.95,70.31,5,Marketing,Free,0,4
1230,24.0,2.74,53.63,97.41,1,Programming,Paid,0,8
1231,35.0,3.78,56.25,74.88,6,Programming,Free,0,4
1232,28.0,6.55,60.76,70.16,5,Design,Free,0,3
1233,18.0,4.49,51.23,53.85,0,Programming,Free,0,5
1234,24.0,3.32,54.28,62.11,3,Business,Free,0,6
1235,34.0,4.26,58.07,56.49,5,Programming,Free,0,4
1236,26.0,5.31,62.0,70.94,3,Programming,Paid,1,6
1237,23.0,4.18,68.01,52.71,2,Programming,Free,0,5
1238,23.0,4.39,39.62,86.93,1,Design,Free,0,5
1239,31.0,2.54,57.53,69.33,3,Programming,Free,1,9
1240,39.0,5.32,44.86,72.84,6,Programming,Paid,1,9
1241,16.0,1.84,64.62,60.26,4,Marketing,Free,0,6
1242,47.0,5.25,63.29,58.77,5,Programming,Free,1,8
1243,28.0,3.09,73.18,45.36,5,Programming,Paid,0,8
1244,31.0,8.61,40.67,91.41,5,Programming,Paid,1,8
1245,24.0,1.35,66.63,50.99,2,Programming,Free,0,5
1246,27.0,10.77,46.17,55.9,5,Programming,Paid,1,7
1247,28.0,2.42,57.09,90.54,2,Business,Paid,0,8
1248,20.0,2.36,73.46,72.65,4,Programming,Free,0,7
1249,21.0,,42.91,77.77,2,Marketing,Paid,0,8
1250,35.0,5.36,61.12,76.07,6,Marketing,Free,1,8
1251,16.0,3.57,55.8,79.45,5,Programming,Free,0,4
1252,30.0,6.06,57.37,69.2,4,Programming,Free,1,8
1253,24.0,,64.6,53.48,3,Programming,Paid,0,5
1254,20.0,3.39,63.29,79.07,3,Business,Free,1,9
1255,41.0,3.54,58.62,73.07,5,Programming,Free,0,5
1256,20.0,3.18,49.43,84.8,1,Marketing,Free,0,5
1257,19.0,1.7,68.92,57.26,5,Business,Free,0,8
1258,26.0,5.01,62.3,66.98,1,Business,Paid,1,10
1259,22.0,4.81,50.75,81.92,0,Design,Paid,1,10
1260,27.0,6.59,41.15,62.58,5,Marketing,Free,0,5
1261,28.0,2.84,67.74,43.77,4,Programming,Paid,0,5
1262,29.0,3.8,54.24,79.97,2,Design,Paid,0,8
1263,26.0,6.97,46.84,78.74,4,Programming,Free,1,10
1264,22.0,4.63,51.94,71.15,5,Marketing,Free,0,4
1265,32.0,5.19,58.7,79.48,5,Design,Free,1,7
1266,26.0,4.97,38.42,75.44,6,Business,Free,1,7
1267,24.0,4.98,55.76,68.13,5,Programming,Free,1,8
1268,37.0,9.2,44.53,73.93,3,Marketing,Free,1,9
1269,26.0,5.28,58.93,91.49,1,Design,Paid,1,9
1270,35.0,2.57,61.73,64.36,0,Design,Free,1,7
1271,36.0,6.76,48.18,84.62,4,Marketing,Paid,1,7
1272,36.0,3.93,58.94,66.19,4,Design,Paid,1,8
1273,32.0,3.86,58.96,66.05,4,Design,Free,0,7
1274,27.0,4.79,59.95,85.96,0,Design,Free,0,6
1275,27.0,3.5,55.51,57.48,4,Programming,Paid,0,7
1276,25.0,4.03,52.95,69.1,5,Programming,Paid,0,6
1277,16.0,5.02,49.76,96.34,5,Programming,Free,0,6
1278,32.0,3.96,53.32,84.31,3,Programming,Paid,1,9
1279,29.0,6.28,51.82,64.76,0,Marketing,Free,0,6
1280,33.0,3.25,57.11,72.34,3,Design,Paid,1,10
1281,26.0,3.25,63.85,69.96,4,Programming,Paid,1,8
1282,32.0,9.56,41.39,87.12,3,Design,Free,0,6
1283,17.0,2.04,58.84,63.98,4,Design,Free,1,7
1284,19.0,4.01,61.84,59.32,3,Business,Free,0,3
1285,16.0,11.66,34.65,83.99,3,Marketing,Paid,0,8
1286,26.0,5.0,61.23,58.85,2,Marketing,Paid,0,8
1287,22.0,9.29,43.52,68.89,4,Design,Paid,1,10
1288,21.0,5.44,47.34,66.98,1,Programming,Free,0,6
1289,29.0,4.04,59.37,73.66,3,Design,Free,0,8
1290,24.0,3.82,63.77,60.35,2,Design,Free,0,6
1291,17.0,,67.92,77.54,4,Design,Free,1,9
1292,45.0,3.51,47.4,77.09,6,Business,Free,0,6
1293,27.0,5.63,52.21,71.38,4,Design,Paid,0,7
1294,19.0,4.5,47.94,87.93,0,Programming,Free,0,6
1295,22.0,12.3,35.33,72.08,4,Programming,Free,1,9
1296,26.0,5.75,47.12,59.94,2,Programming,Paid,0,5
1297,26.0,6.73,36.79,91.45,0,Programming,Paid,1,10
1298,36.0,6.85,54.95,61.72,1,Programming,Free,0,4
1299,26.0,6.46,45.85,76.97,6,Business,Paid,1,9
1300,40.0,3.9,52.27,69.13,2,Design,Free,0,8
1301,24.0,3.91,63.56,75.49,1,Programming,Free,1,9
1302,30.0,4.33,69.1,73.18,0,Design,Paid,1,10
1303,34.0,6.19,51.41,70.37,4,Business,Paid,0,8
1304,35.0,3.76,49.59,66.08,5,Programming,Free,0,3
1305,36.0,5.37,57.65,65.48,2,Business,Free,0,5
1306,25.0,2.58,42.5,83.75,0,Marketing,Free,1,9
1307,27.0,4.33,50.88,61.42,2,Design,Free,0,3
1308,16.0,10.19,43.96,74.59,4,Business,Paid,1,8
1309,26.0,3.67,49.45,69.07,0,Programming,Free,0,5
1310,35.0,9.29,42.87,71.19,1,Marketing,Free,0,4
1311,33.0,4.37,42.2,83.68,0,Design,Free,1,7
1312,26.0,3.95,61.8,56.71,3,Marketing,Free,1,9
1313,39.0,4.27,59.46,79.68,1,Design,Free,0,1
1314,24.0,3.52,60.01,53.06,1,Programming,Free,0,6
1315,22.0,1.66,64.57,61.89,0,Programming,Free,1,9
1316,24.0,6.03,52.18,56.18,5,Business,Free,0,5
1317,19.0,13.6,29.47,74.68,3,Design,Paid,1,10
1318,31.0,6.29,48.4,65.06,6,Programming,Paid,1,8
1319,29.0,5.17,52.18,89.02,2,Business,Free,1,7
1320,31.0,3.74,47.03,75.03,1,Marketing,Free,1,8
1321,24.0,6.83,45.54,78.4,1,Design,Free,0,5
1322,27.0,3.98,61.68,62.92,6,Design,Free,1,7
1323,16.0,4.57,58.5,76.88,4,Programming,Free,0,5
1324,30.0,2.51,54.56,93.02,2,Business,Paid,1,8
1325,28.0,3.99,51.93,82.44,4,Programming,Paid,0,6
1326,19.0,4.78,55.52,58.72,3,Marketing,Free,0,4
1327,26.0,7.62,55.54,66.43,0,Programming,Paid,1,9
1328,25.0,6.18,44.92,75.08,4,Design,Free,0,4
1329,39.0,1.99,59.13,61.07,0,Programming,Free,0,4
1330,20.0,2.09,59.08,98.4,1,Programming,Free,1,7
1331,29.0,5.27,57.58,65.69,4,Business,Free,0,6
1332,19.0,3.62,57.26,77.57,3,Design,Paid,1,10
1333,23.0,6.07,56.44,68.0,1,Design,Free,0,6
1334,29.0,2.43,56.46,78.93,0,Marketing,Paid,0,7
1335,26.0,3.88,42.38,87.01,4,Marketing,Free,0,6
1336,27.0,4.99,53.33,77.71,4,Marketing,Paid,0,6
1337,29.0,5.03,55.95,65.37,1,Programming,Free,0,6
1338,24.0,,57.09,63.26,2,Design,Free,1,8
1339,33.0,1.67,49.98,85.19,2,Marketing,Free,0,5
1340,25.0,5.48,53.07,70.28,6,Programming,Paid,1,7
1341,26.0,5.14,47.53,65.76,5,Programming,Free,1,9
1342,30.0,6.38,59.26,45.27,1,Business,Free,0,5
1343,29.0,4.31,52.08,76.73,3,Design,Paid,1,10
1344,32.0,5.75,52.14,69.99,6,Design,Free,1,7
1345,29.0,5.05,62.64,53.33,2,Marketing,Free,0,5
1346,30.0,7.35,48.9,81.89,0,Business,Free,0,4
1347,25.0,3.96,52.99,68.65,2,Design,Free,0,6
1348,20.0,1.86,59.36,90.75,4,Programming,Free,0,5
1349,17.0,3.93,49.19,88.14,6,Design,Free,0,5
1350,16.0,4.22,70.46,59.36,2,Programming,Free,0,8
1351,39.0,5.12,45.1,86.06,0,Business,Free,0,7
1352,16.0,2.03,44.81,88.72,1,Business,Free,1,9
1353,35.0,4.4,62.47,65.29,2,Programming,Paid,1,7
1354,21.0,5.99,59.91,55.61,0,Programming,Free,0,3
1355,35.0,3.87,71.24,49.87,0,Marketing,Free,0,6
1356,16.0,3.53,58.69,72.57,4,Programming,Free,0,3
1357,25.0,11.95,53.86,68.27,5,Design,Paid,1,8
1358,37.0,2.51,56.01,78.1,1,Design,Free,0,5
1359,32.0,7.06,58.08,64.75,3,Business,Free,0,4
1360,25.0,8.03,47.26,62.64,4,Programming,Paid,0,6
1361,16.0,3.66,62.21,64.82,4,Business,Free,1,7
1362,18.0,4.99,63.35,56.4,6,Programming,Paid,0,5
1363,37.0,4.99,59.93,68.82,6,Business,Paid,0,7
1364,25.0,5.5,60.45,63.16,2,Programming,Paid,1,10
1365,26.0,3.1,37.91,73.86,6,Design,Free,0,4
1366,29.0,3.34,55.98,75.04,0,Design,Free,1,8
1367,18.0,3.46,59.63,55.15,6,Programming,Free,0,6
1368,30.0,4.38,48.27,85.21,0,Programming,Paid,0,7
1369,24.0,4.41,54.07,70.09,0,Programming,Paid,0,6
1370,29.0,1.85,60.28,90.03,0,Programming,Paid,1,8
1371,23.0,4.24,57.08,70.89,0,Programming,Free,0,6
1372,16.0,4.0,51.12,77.23,3,Marketing,Paid,1,9
1373,24.0,1.75,53.16,69.09,4,Design,Free,0,3
1374,31.0,4.33,61.06,81.76,5,Business,Paid,0,6
1375,30.0,3.42,53.09,72.85,0,Marketing,Free,1,8
1376,27.0,7.2,45.97,78.3,2,Programming,Free,0,4
1377,33.0,3.18,64.81,88.65,0,Business,Free,1,8
1378,26.0,6.85,47.1,68.87,1,Marketing,Paid,1,9
1379,27.0,7.56,44.5,77.75,5,Business,Free,0,5
1380,24.0,3.06,56.71,79.85,4,Design,Free,0,6
1381,34.0,3.97,44.13,78.58,1,Design,Free,0,4
1382,29.0,8.83,38.26,62.8,2,Programming,Free,0,4
1383,23.0,5.62,48.89,73.87,6,Design,Paid,1,10
1384,17.0,4.8,53.53,66.37,4,Marketing,Free,0,7
1385,35.0,3.38,60.21,66.16,1,Marketing,Free,0,4
1386,22.0,6.91,47.26,61.92,6,Programming,Paid,1,10
1387,28.0,3.98,59.4,69.85,1,Business,Free,0,6
1388,43.0,1.78,52.53,58.91,2,Programming,Free,1,5
1389,33.0,3.46,54.99,77.07,4,Marketing,Free,0,4
1390,38.0,2.38,62.89,68.68,3,Programming,Free,0,6
1391,23.0,4.27,56.58,74.28,0,Marketing,Free,1,6
1392,34.0,2.68,59.33,67.99,5,Business,Free,0,5
1393,27.0,5.03,50.88,68.83,1,Programming,Free,1,8
1394,30.0,5.17,53.31,69.03,4,Programming,Paid,1,9
1395,41.0,2.89,61.8,83.57,2,Business,Paid,1,9
1396,25.0,4.06,54.13,66.69,5,Programming,Paid,0,8
1397,27.0,5.36,56.86,77.76,6,Design,Free,1,7
1398,21.0,6.8,61.29,58.78,5,Marketing,Free,0,6
1399,33.0,,42.36,85.12,6,Design,Paid,1,10
1400,23.0,3.09,57.09,72.41,3,Design,Paid,0,7
1401,34.0,9.76,39.95,64.88,0,Design,Free,0,7
1402,16.0,4.04,53.09,54.33,3,Programming,Free,0,5
1403,31.0,4.23,64.55,59.71,3,Marketing,Free,0,6
1404,22.0,2.91,64.66,62.22,5,Programming,Free,0,4
1405,32.0,4.47,51.65,85.98,1,Programming,Free,0,6
1406,27.0,8.77,43.1,60.28,4,Programming,Free,1,8
1407,23.0,5.68,60.11,53.3,3,Marketing,Paid,1,10
1408,24.0,6.55,42.39,72.39,4,Programming,Free,0,6
1409,21.0,4.11,60.14,60.8,2,Marketing,Free,1,8
1410,33.0,2.56,52.41,79.96,2,Business,Free,1,8
1411,20.0,3.73,63.47,70.37,1,Business,Paid,1,9
1412,25.0,3.07,55.3,73.62,5,Marketing,Paid,1,10
1413,29.0,4.47,51.78,85.07,0,Marketing,Free,0,7
1414,38.0,7.03,48.29,78.99,1,Marketing,Free,1,8
1415,27.0,5.45,57.59,57.04,2,Programming,Paid,1,7
1416,25.0,4.41,58.91,62.91,1,Business,Paid,1,8
1417,29.0,2.84,65.92,56.16,6,Design,Free,0,5
1418,16.0,5.95,36.53,100.0,2,Design,Paid,0,8
1419,19.0,2.32,65.11,63.44,1,Marketing,Free,0,4
1420,24.0,2.43,60.16,84.78,1,Marketing,Free,0,7
1421,22.0,6.08,56.21,65.14,1,Business,Free,0,6
1422,16.0,3.58,57.88,63.2,4,Design,Free,1,8
1423,33.0,3.55,57.26,74.22,3,Design,Free,0,5
1424,29.0,3.76,54.79,70.73,1,Design,Free,0,5
1425,28.0,7.03,45.25,81.62,6,Programming,Paid,0,5
1426,22.0,4.37,44.51,82.14,4,Design,Free,1,9
1427,28.0,3.63,67.57,64.92,2,Programming,Paid,0,6
1428,31.0,2.95,77.37,50.72,3,Programming,Free,0,4
1429,25.0,3.71,57.37,57.83,4,Business,Free,0,6
1430,30.0,5.81,62.62,55.18,1,Design,Paid,0,10
1431,21.0,4.99,62.0,73.62,5,Marketing,Paid,0,6
1432,28.0,3.83,51.02,70.87,1,Business,Free,1,10
1433,35.0,5.18,45.25,58.29,0,Programming,Paid,1,5
1434,36.0,3.99,71.83,52.84,3,Programming,Free,0,5
1435,36.0,2.85,59.93,67.81,6,Programming,Free,0,7
1436,29.0,6.67,49.16,65.86,5,Marketing,Free,0,6
1437,27.0,3.26,60.21,65.44,2,Programming,Free,0,5
1438,24.0,4.3,53.71,70.33,2,Design,Free,1,8
1439,16.0,1.6,77.95,75.11,4,Marketing,Free,0,7
1440,18.0,4.6,52.0,70.56,1,Marketing,Paid,1,10
1441,26.0,3.09,62.02,66.14,5,Programming,Paid,0,8
1442,26.0,3.26,73.28,49.42,2,Programming,Paid,1,8
1443,37.0,15.08,39.56,71.4,1,Programming,Paid,0,6
1444,36.0,4.54,62.42,69.06,0,Programming,Free,1,8
1445,22.0,7.04,48.9,65.87,4,Programming,Free,0,4
1446,33.0,7.45,38.71,97.12,0,Design,Paid,1,9
1447,24.0,6.31,37.1,74.21,5,Marketing,Free,0,5
1448,32.0,3.71,56.04,72.44,6,Design,Free,1,6
1449,33.0,8.36,45.03,76.49,0,Business,Free,0,7
1450,36.0,5.94,48.71,93.35,0,Programming,Free,0,6
1451,24.0,4.13,65.86,73.78,6,Business,Free,1,7
1452,34.0,4.57,67.92,46.54,0,Business,Free,0,5
1453,16.0,3.81,61.08,77.04,2,Marketing,Free,0,4
1454,36.0,4.15,58.62,63.27,6,Marketing,Free,0,5
1455,27.0,4.97,69.65,48.93,0,Programming,Paid,1,9
1456,27.0,4.81,48.56,88.37,4,Programming,Free,1,9
1457,16.0,11.09,41.02,89.78,2,Programming,Paid,0,6
1458,24.0,2.95,64.2,68.95,3,Design,Paid,0,7
1459,36.0,6.78,55.37,63.06,6,Marketing,Free,0,5
1460,24.0,4.29,45.45,73.92,4,Programming,Paid,1,8
1461,32.0,7.18,59.32,61.26,2,Business,Free,1,8
1462,27.0,3.49,59.16,72.65,6,Design,Free,0,6
1463,34.0,4.88,62.68,59.44,4,Programming,Free,1,8
1464,28.0,4.72,57.98,67.2,0,Programming,Paid,0,4
1465,20.0,2.33,66.95,59.55,2,Business,Paid,1,9
1466,27.0,8.87,50.25,80.1,1,Business,Free,1,8
1467,38.0,2.65,51.21,86.04,4,Design,Free,1,6
1468,30.0,4.21,60.16,66.8,6,Programming,Free,0,5
1469,26.0,3.16,52.27,74.6,0,Business,Paid,0,7
1470,43.0,2.22,62.13,75.55,5,Programming,Free,0,7
1471,35.0,3.7,57.99,72.52,6,Marketing,Free,0,4
1472,33.0,3.88,45.22,92.75,6,Programming,Paid,1,10
1473,29.0,,67.01,52.2,4,Programming,Free,0,3
1474,32.0,3.99,48.9,82.61,2,Design,Free,0,7
1475,32.0,2.08,57.65,72.86,1,Design,Free,0,5
1476,16.0,4.29,60.71,62.79,6,Design,Free,1,7
1477,30.0,3.83,49.42,96.47,2,Design,Free,1,9
1478,26.0,1.33,41.41,97.54,2,Marketing,Free,0,5
1479,24.0,3.2,60.01,71.92,5,Design,Free,0,6
1480,26.0,6.26,45.55,82.45,5,Design,Paid,1,9
1481,16.0,2.51,57.74,69.29,5,Design,Free,0,1
1482,16.0,6.38,45.3,68.28,6,Programming,Paid,0,5
1483,36.0,,56.94,62.68,6,Design,Free,0,6
1484,30.0,3.21,59.98,56.64,1,Programming,Paid,0,8
1485,16.0,4.03,56.82,91.29,1,Business,Free,0,6
1486,23.0,7.35,38.3,71.53,1,Programming,Paid,0,8
1487,33.0,2.73,52.65,73.03,4,Marketing,Free,0,5
1488,25.0,3.7,52.61,65.89,4,Design,Free,0,6
1489,36.0,6.8,50.52,74.49,6,Marketing,Free,1,9
1490,34.0,2.76,70.33,58.96,5,Design,Free,1,6
1491,18.0,6.23,57.36,62.72,5,Programming,Paid,0,8
1492,26.0,3.12,54.94,61.8,0,Business,Paid,1,9
1493,24.0,4.71,45.84,89.22,4,Business,Paid,1,9
1494,17.0,4.96,55.74,52.83,5,Business,Free,0,5
1495,17.0,1.72,66.09,66.21,6,Design,Paid,0,5
1496,21.0,3.99,60.16,52.48,2,Business,Paid,0,7
1497,23.0,4.92,48.6,63.15,5,Marketing,Free,1,8
1498,29.0,4.49,60.55,65.95,2,Business,Free,0,6
1499,34.0,4.01,59.45,83.73,1,Programming,Paid,1,9
1500,31.0,2.47,59.5,68.56,2,Business,Free,1,8
1501,32.0,5.38,55.62,66.48,1,Business,Free,1,7
1502,25.0,4.38,43.45,79.65,6,Marketing,Paid,1,10
1503,31.0,5.18,44.31,62.69,1,Programming,Free,0,6
1504,26.0,4.81,33.99,98.1,0,Design,Free,1,8
1505,24.0,3.32,59.85,64.5,4,Business,Free,0,5
1506,40.0,8.21,41.34,82.14,4,Design,Paid,0,5
1507,16.0,3.88,55.31,84.09,3,Business,Paid,1,7
1508,16.0,8.66,44.63,71.8,1,Design,Paid,0,6
1509,30.0,,55.26,69.98,3,Programming,Free,0,7
1510,25.0,6.5,58.01,65.49,6,Business,Free,0,5
1511,17.0,3.74,54.89,71.29,0,Programming,Free,0,5
1512,20.0,12.76,31.68,69.21,5,Programming,Free,0,4
1513,21.0,4.34,44.64,69.46,0,Business,Free,1,6
1514,33.0,5.65,64.37,62.29,1,Business,Paid,0,5
1515,35.0,5.02,39.68,96.07,6,Marketing,Paid,1,9
1516,38.0,2.44,49.39,75.04,2,Programming,Free,1,7
1517,16.0,9.08,52.27,52.94,3,Programming,Paid,0,6
1518,17.0,3.92,47.22,72.09,2,Marketing,Paid,1,8
1519,17.0,6.13,60.08,49.17,4,Programming,Free,0,6
1520,36.0,6.83,45.96,77.14,2,Programming,Free,0,6
1521,30.0,5.32,60.13,67.74,3,Programming,Free,1,6
1522,28.0,2.97,62.57,74.04,5,Design,Free,0,5
1523,29.0,,66.68,63.66,3,Marketing,Free,0,5
1524,27.0,1.22,64.92,67.53,3,Business,Free,0,6
1525,19.0,3.85,48.5,79.66,5,Business,Free,1,8
1526,31.0,5.82,42.74,80.67,2,Programming,Free,1,9
1527,26.0,,48.03,82.16,5,Programming,Paid,0,5
1528,19.0,3.89,71.54,62.48,5,Design,Paid,0,7
1529,31.0,3.55,57.68,65.77,6,Programming,Free,0,8
1530,24.0,7.01,50.68,71.04,3,Programming,Free,1,8
1531,29.0,3.96,69.69,59.18,3,Programming,Free,0,5
1532,26.0,9.36,54.1,48.09,0,Programming,Free,1,8
1533,33.0,3.14,57.2,61.13,0,Design,Free,0,5
1534,29.0,4.47,53.92,87.5,0,Business,Free,1,7
1535,21.0,3.34,61.29,53.7,4,Programming,Free,1,8
1536,29.0,12.89,35.91,78.48,2,Design,Paid,1,7
1537,29.0,4.4,59.14,69.28,2,Business,Free,1,8
1538,31.0,13.21,32.31,73.31,4,Business,Paid,0,7
1539,34.0,,60.11,67.48,2,Business,Free,0,4
1540,23.0,8.06,53.21,81.89,0,Design,Free,1,8
1541,32.0,5.35,48.08,75.39,3,Business,Paid,1,9
1542,16.0,5.91,63.73,60.49,3,Programming,Free,1,9
1543,26.0,2.34,57.29,68.62,0,Programming,Free,0,7
1544,25.0,5.93,67.93,56.67,1,Programming,Paid,0,7
1545,37.0,2.51,51.78,78.76,1,Design,Free,1,9
1546,26.0,4.55,54.11,67.19,4,Design,Free,0,5
1547,31.0,,73.36,60.52,1,Programming,Free,0,6
1548,16.0,3.89,63.93,76.64,0,Business,Free,0,5
1549,25.0,6.64,58.21,63.11,1,Programming,Free,0,4
1550,21.0,5.19,49.76,63.79,3,Programming,Free,1,8
1551,44.0,2.91,53.99,86.01,5,Programming,Paid,1,9
1552,22.0,2.16,61.36,68.27,0,Design,Paid,0,6
1553,28.0,5.07,47.82,73.98,6,Programming,Free,1,8
1554,28.0,8.26,48.22,79.39,2,Programming,Free,1,8
1555,16.0,3.29,48.0,86.0,2,Programming,Paid,1,10
1556,23.0,13.03,18.96,98.94,0,Business,Paid,1,8
1557,30.0,4.04,48.37,65.76,1,Marketing,Free,0,4
1558,28.0,1.68,73.72,65.32,3,Design,Free,0,6
1559,16.0,2.51,52.02,83.99,4,Business,Paid,1,10
1560,23.0,7.17,41.06,86.37,5,Marketing,Paid,0,7
1561,34.0,5.37,48.13,68.2,3,Marketing,Paid,0,5
1562,31.0,7.9,54.11,76.33,0,Business,Free,1,8
1563,36.0,2.37,41.5,100.0,2,Marketing,Free,1,9
1564,20.0,4.28,47.6,73.6,5,Marketing,Free,0,4
1565,36.0,4.07,50.71,81.16,4,Business,Free,1,7
1566,27.0,4.75,46.6,93.77,4,Design,Paid,1,9
1567,38.0,3.41,52.14,98.04,3,Programming,Free,1,10
1568,27.0,3.44,53.55,70.95,3,Programming,Free,0,6
1569,16.0,5.48,55.52,90.53,6,Design,Paid,0,6
1570,33.0,5.81,48.66,70.12,4,Design,Paid,0,6
1571,24.0,5.68,44.07,78.25,4,Design,Paid,1,8
1572,24.0,8.72,38.45,73.54,2,Design,Paid,1,8
1573,17.0,2.36,60.86,55.15,3,Design,Free,0,6
1574,38.0,1.79,60.37,53.37,4,Business,Free,0,3
1575,23.0,6.41,54.8,73.16,6,Programming,Free,0,7
1576,38.0,3.32,49.6,77.4,5,Programming,Paid,0,9
1577,24.0,4.27,57.57,63.54,4,Business,Paid,0,7
1578,21.0,3.08,45.95,88.85,5,Marketing,Free,1,7
1579,36.0,,54.95,60.85,0,Marketing,Free,1,9
1580,26.0,,65.7,75.2,1,Marketing,Free,0,6
1581,27.0,3.14,68.86,68.14,1,Marketing,Free,0,5
1582,18.0,6.79,57.03,73.28,4,Programming,Paid,1,8
1583,24.0,4.05,43.22,82.99,5,Design,Free,0,5
1584,30.0,6.36,39.63,81.09,1,Programming,Paid,0,7
1585,18.0,3.24,67.17,78.79,1,Business,Free,0,7
1586,23.0,6.09,47.57,78.59,3,Marketing,Free,0,6
1587,24.0,3.23,56.19,52.73,6,Programming,Free,0,6
1588,27.0,1.96,60.91,89.35,0,Design,Paid,1,9
1589,37.0,4.68,60.76,55.28,6,Programming,Free,0,6
1590,25.0,5.73,57.46,66.73,1,Programming,Free,0,5
1591,22.0,,47.32,63.78,1,Programming,Free,0,8
1592,46.0,8.7,42.23,76.2,4,Programming,Paid,0,6
1593,24.0,3.46,63.09,71.41,5,Marketing,Paid,0,7
1594,26.0,6.85,44.34,76.41,6,Design,Paid,1,10
1595,24.0,8.89,46.77,88.81,0,Business,Free,0,7
1596,25.0,5.15,49.51,60.75,0,Business,Paid,1,10
1597,28.0,3.66,57.48,67.97,3,Programming,Free,0,6
1598,33.0,4.83,68.72,58.63,3,Programming,Paid,0,6
1599,30.0,8.44,37.08,78.42,1,Business,Free,0,5
1600,35.0,4.86,60.19,59.28,4,Programming,Free,0,5
1601,34.0,13.3,37.34,76.9,1,Marketing,Paid,1,7
1602,28.0,5.75,58.26,56.1,6,Programming,Paid,0,7
1603,30.0,3.02,52.03,85.21,1,Business,Free,1,6
1604,35.0,3.12,52.75,71.8,4,Business,Free,0,6
1605,19.0,5.21,53.94,73.65,3,Programming,Paid,1,8
1606,44.0,2.02,56.26,81.95,0,Programming,Paid,0,5
1607,23.0,4.09,50.21,63.36,4,Marketing,Paid,1,10
1608,25.0,3.31,68.1,60.62,1,Programming,Free,1,6
1609,19.0,4.52,48.1,75.7,3,Design,Free,0,5
1610,19.0,12.15,33.68,60.38,4,Design,Paid,0,6
1611,34.0,5.2,56.74,52.14,0,Programming,Paid,1,9
1612,43.0,2.13,56.87,65.97,1,Business,Paid,0,6
1613,23.0,,59.2,62.45,2,Business,Paid,0,8
1614,29.0,4.56,50.16,63.87,6,Programming,Free,0,4
1615,29.0,4.23,56.52,76.75,1,Business,Free,0,10
1616,34.0,10.53,46.77,81.0,6,Programming,Paid,1,8
1617,43.0,6.25,45.49,89.71,3,Programming,Free,1,10
1618,38.0,7.7,37.17,77.77,6,Design,Paid,1,10
1619,25.0,4.6,47.06,78.12,5,Marketing,Paid,0,6
1620,31.0,8.31,47.95,71.7,2,Programming,Paid,1,9
1621,31.0,2.71,47.09,71.84,3,Programming,Free,1,7
1622,27.0,7.84,36.66,81.98,5,Design,Paid,1,9
1623,19.0,3.57,43.86,81.14,0,Business,Free,0,5
1624,21.0,2.11,58.39,79.02,4,Programming,Free,0,7
1625,35.0,5.3,63.6,79.19,3,Design,Free,0,6
1626,36.0,7.61,35.03,87.61,0,Business,Free,1,7
1627,26.0,4.22,60.3,72.32,6,Programming,Paid,0,7
1628,29.0,10.24,41.46,64.66,1,Programming,Paid,0,7
1629,35.0,1.92,55.94,62.62,6,Programming,Free,0,5
1630,16.0,2.96,65.94,76.94,1,Design,Paid,0,6
1631,24.0,3.8,72.49,63.16,3,Design,Free,0,6
1632,41.0,4.29,58.51,70.06,2,Marketing,Paid,1,10
1633,29.0,3.75,62.06,62.46,6,Business,Paid,0,6
1634,19.0,4.31,54.72,74.78,6,Business,Free,0,7
1635,28.0,3.2,55.39,76.22,5,Marketing,Free,0,7
1636,34.0,3.45,64.74,56.31,5,Design,Free,0,7
1637,16.0,4.6,60.33,67.46,5,Design,Free,0,6
1638,28.0,3.75,58.25,95.66,2,Marketing,Paid,1,8
1639,24.0,3.87,51.9,75.56,6,Programming,Free,0,7
1640,16.0,3.03,57.5,76.0,3,Business,Free,1,8
1641,28.0,2.36,61.99,63.69,2,Business,Free,0,6
1642,26.0,7.15,54.01,75.45,1,Programming,Paid,1,8
1643,27.0,8.75,59.3,73.85,4,Design,Free,0,5
1644,25.0,8.18,56.5,62.44,1,Programming,Paid,0,5
1645,20.0,5.89,58.71,66.07,4,Programming,Paid,1,7
1646,17.0,3.04,64.51,69.29,0,Design,Free,0,5
1647,22.0,3.56,72.22,50.14,4,Programming,Free,0,4
1648,33.0,6.53,70.37,56.44,4,Business,Free,1,8
1649,29.0,1.45,52.05,70.41,3,Marketing,Free,0,4
1650,27.0,4.3,61.15,65.67,4,Business,Paid,1,8
1651,20.0,7.05,35.07,68.39,6,Programming,Paid,1,9
1652,24.0,2.43,73.31,48.73,5,Programming,Free,0,7
1653,32.0,4.91,55.34,77.62,3,Programming,Free,1,7
1654,31.0,4.8,43.62,92.97,6,Programming,Free,0,4
1655,24.0,2.11,40.19,83.29,6,Marketing,Free,1,6
1656,16.0,5.27,47.06,89.31,1,Design,Paid,1,8
1657,22.0,3.84,55.06,79.51,2,Programming,Paid,0,6
1658,24.0,6.11,48.43,79.29,5,Marketing,Paid,1,10
1659,21.0,5.48,48.01,74.87,3,Design,Free,0,7
1660,24.0,4.85,53.99,57.03,0,Programming,Free,1,7
1661,33.0,4.19,53.77,76.28,3,Programming,Free,0,8
1662,27.0,5.77,43.82,81.94,2,Business,Paid,0,6
1663,34.0,2.99,63.81,69.91,5,Business,Paid,0,6
1664,16.0,5.0,51.12,78.31,3,Programming,Paid,0,6
1665,25.0,,50.6,65.21,0,Marketing,Free,1,9
1666,16.0,6.45,53.81,65.88,0,Marketing,Free,0,5
1667,24.0,6.89,47.7,84.64,2,Marketing,Paid,1,10
1668,20.0,5.51,61.98,73.17,1,Programming,Free,0,6
1669,36.0,8.77,53.45,65.22,6,Programming,Free,1,9
1670,30.0,3.5,52.81,68.85,1,Marketing,Free,1,6
1671,34.0,3.96,63.91,74.1,4,Programming,Paid,1,7
1672,24.0,3.46,56.29,50.81,0,Business,Free,0,3
1673,20.0,2.46,61.43,66.66,3,Business,Paid,1,8
1674,20.0,2.04,71.55,52.82,6,Programming,Free,1,6
1675,29.0,5.36,62.06,71.13,4,Business,Free,1,9
1676,40.0,2.16,67.21,83.93,2,Marketing,Free,1,8
1677,30.0,2.5,65.46,76.25,5,Business,Free,1,9
1678,24.0,4.84,53.02,72.89,3,Design,Paid,0,6
1679,26.0,4.21,60.04,69.08,1,Marketing,Paid,0,7
1680,27.0,7.55,50.08,70.46,6,Design,Paid,1,6
1681,41.0,5.21,40.33,97.0,6,Business,Paid,1,9
1682,36.0,3.54,55.01,75.75,3,Business,Paid,1,9
1683,29.0,6.28,61.35,73.2,0,Business,Free,0,6
1684,28.0,7.04,62.05,46.67,2,Programming,Paid,0,6
1685,29.0,2.15,78.79,53.83,3,Programming,Free,0,3
1686,30.0,5.68,45.99,71.47,6,Programming,Paid,1,10
1687,24.0,2.94,57.09,69.02,5,Design,Free,1,7
1688,21.0,3.63,56.74,79.33,1,Design,Paid,1,9
1689,34.0,9.41,47.43,75.2,3,Design,Free,1,10
1690,27.0,4.29,51.86,80.0,1,Design,Free,0,6
1691,34.0,3.68,69.05,50.44,3,Business,Free,1,7
1692,39.0,4.21,64.18,60.9,3,Marketing,Free,1,7
1693,31.0,6.01,45.07,66.8,3,Programming,Free,0,6
1694,30.0,2.96,65.65,63.88,2,Business,Free,0,4
1695,49.0,3.19,65.77,67.59,3,Business,Free,1,8
1696,28.0,5.45,53.51,75.09,5,Design,Free,0,7
1697,19.0,2.05,53.78,59.06,3,Programming,Free,1,8
1698,25.0,7.92,43.93,77.11,0,Business,Paid,1,10
1699,38.0,1.97,60.92,78.21,5,Marketing,Free,1,8
1700,18.0,3.63,51.72,71.72,4,Business,Free,1,7
1701,22.0,1.97,63.15,80.07,4,Marketing,Free,1,6
1702,35.0,2.52,71.45,49.68,4,Marketing,Free,0,6
1703,25.0,7.27,53.47,60.97,1,Programming,Free,0,6
1704,26.0,6.49,47.54,80.82,6,Business,Free,1,9
1705,35.0,6.81,53.3,65.36,6,Design,Free,1,9
1706,22.0,2.11,63.63,62.0,1,Marketing,Free,0,8
1707,17.0,2.53,53.45,66.48,1,Programming,Free,0,5
1708,17.0,4.73,51.17,73.83,1,Design,Free,0,6
1709,31.0,5.6,54.7,66.89,6,Marketing,Free,1,7
1710,29.0,3.54,57.78,94.12,6,Programming,Paid,0,8
1711,22.0,3.13,61.31,74.15,1,Business,Free,0,4
1712,19.0,3.05,67.98,68.97,4,Design,Paid,0,8
1713,25.0,,42.67,57.39,1,Marketing,Free,1,7
1714,35.0,3.27,53.8,76.76,0,Marketing,Free,1,9
1715,21.0,4.11,73.49,56.88,1,Programming,Free,1,9
1716,22.0,4.21,43.14,94.68,0,Business,Free,0,4
1717,19.0,6.67,45.15,73.14,5,Programming,Free,0,4
1718,24.0,3.3,52.7,81.16,5,Business,Paid,0,7
1719,29.0,8.58,56.02,77.74,1,Business,Paid,1,9
1720,42.0,2.28,51.79,83.34,3,Business,Free,1,8
1721,29.0,6.85,64.53,39.26,1,Programming,Free,0,5
1722,27.0,2.34,67.06,57.56,3,Programming,Paid,1,8
1723,33.0,3.87,41.08,82.38,6,Business,Free,0,6
1724,32.0,8.43,40.21,89.01,6,Design,Free,0,5
1725,23.0,6.94,48.44,65.65,5,Design,Paid,1,9
1726,43.0,4.9,67.12,46.18,1,Programming,Free,0,5
1727,27.0,2.53,70.36,70.01,1,Programming,Free,1,7
1728,29.0,2.91,54.37,77.6,1,Marketing,Free,0,7
1729,31.0,,47.17,69.77,0,Programming,Free,0,7
1730,29.0,5.02,68.37,73.4,4,Design,Free,1,7
1731,38.0,7.57,49.11,57.06,4,Marketing,Paid,0,5
1732,23.0,4.19,50.5,63.5,6,Programming,Free,1,9
1733,32.0,3.57,66.43,68.52,0,Business,Free,1,6
1734,28.0,5.73,55.59,61.42,1,Programming,Free,1,9
1735,34.0,5.7,59.44,56.35,5,Marketing,Paid,1,9
1736,25.0,3.76,68.02,77.43,4,Business,Free,1,7
1737,25.0,2.68,45.73,85.59,2,Marketing,Paid,0,7
1738,32.0,6.23,54.66,58.46,1,Programming,Free,0,7
1739,30.0,4.94,46.47,72.14,3,Design,Free,0,3
1740,21.0,3.09,62.28,65.53,1,Business,Free,1,9
1741,36.0,,49.77,62.15,3,Programming,Free,0,7
1742,32.0,4.53,47.12,73.92,6,Programming,Free,0,5
1743,26.0,5.71,54.46,78.21,1,Programming,Paid,0,6
1744,24.0,7.55,42.73,87.79,0,Marketing,Paid,0,7
1745,30.0,6.85,37.11,86.59,5,Business,Paid,1,10
1746,32.0,4.63,48.48,69.11,0,Business,Free,0,5
1747,16.0,3.73,48.04,100.0,6,Business,Free,0,6
1748,30.0,9.9,26.87,89.5,5,Design,Free,1,8
1749,32.0,2.91,61.37,67.42,2,Design,Free,1,9
1750,16.0,7.09,54.69,79.27,2,Design,Paid,0,10
1751,28.0,4.88,64.66,53.16,2,Business,Paid,0,5
1752,32.0,4.98,51.39,68.33,2,Programming,Free,0,6
1753,31.0,8.83,39.3,94.07,5,Marketing,Paid,0,6
1754,33.0,4.41,37.79,100.0,5,Business,Paid,0,6
1755,25.0,5.32,55.82,66.54,1,Programming,Free,0,4
1756,20.0,5.71,47.0,81.35,1,Design,Paid,1,7
1757,16.0,3.04,50.73,75.26,3,Programming,Free,0,7
1758,35.0,7.14,45.38,93.29,4,Marketing,Free,1,9
1759,32.0,5.58,44.1,62.18,5,Marketing,Free,1,8
1760,35.0,3.33,40.56,100.0,2,Marketing,Free,0,5
1761,22.0,6.66,46.48,64.2,3,Programming,Free,0,5
1762,33.0,3.49,59.01,57.96,0,Programming,Paid,0,5
1763,16.0,4.0,66.52,64.22,3,Programming,Free,0,5
1764,21.0,3.34,66.78,58.28,4,Programming,Free,1,8
1765,28.0,5.69,52.55,73.03,2,Programming,Free,0,5
1766,32.0,3.27,66.3,48.17,2,Programming,Free,0,4
1767,39.0,7.13,46.95,77.99,3,Marketing,Paid,0,6
1768,25.0,5.3,59.98,75.97,6,Programming,Free,1,9
1769,21.0,4.28,38.26,89.79,4,Programming,Paid,0,7
1770,21.0,11.55,40.35,82.49,6,Business,Paid,1,7
1771,22.0,2.9,49.7,88.21,0,Design,Free,1,9
1772,43.0,2.15,65.77,64.34,5,Business,Free,0,6
1773,32.0,5.96,53.57,75.34,0,Business,Free,0,6
1774,35.0,1.93,71.57,53.09,2,Marketing,Paid,1,10
1775,25.0,9.92,51.87,73.75,2,Business,Paid,1,9
1776,27.0,4.25,45.17,77.87,1,Design,Free,0,6
1777,32.0,2.13,64.66,76.25,6,Business,Free,0,6
1778,23.0,3.31,60.54,62.26,6,Design,Paid,1,10
1779,25.0,,60.8,63.32,3,Programming,Free,0,5
1780,22.0,6.02,62.54,75.49,3,Design,Paid,0,6
1781,24.0,2.79,64.68,66.85,5,Programming,Paid,1,10
1782,27.0,5.08,48.68,78.98,4,Business,Free,0,7
1783,21.0,3.54,65.07,65.4,3,Programming,Free,1,9
1784,29.0,3.27,58.31,69.19,5,Programming,Free,0,6
1785,29.0,5.1,54.44,62.12,1,Programming,Free,1,6
1786,26.0,6.71,40.91,87.68,1,Marketing,Paid,0,7
1787,21.0,8.49,43.16,85.67,0,Programming,Paid,0,7
1788,28.0,3.81,52.87,71.61,0,Business,Paid,1,10
1789,23.0,4.0,47.13,100.0,1,Marketing,Free,0,7
1790,27.0,3.05,68.03,58.8,4,Programming,Free,1,8
1791,35.0,5.45,48.55,86.08,5,Business,Paid,1,7
1792,18.0,2.86,75.76,56.59,4,Programming,Free,0,4
1793,42.0,3.35,55.66,77.28,3,Programming,Free,0,5
1794,26.0,,63.17,78.65,1,Business,Free,0,5
1795,30.0,4.63,64.01,61.88,0,Marketing,Free,0,6
1796,22.0,5.08,63.33,70.43,4,Programming,Paid,1,10
1797,35.0,5.09,58.2,92.68,0,Design,Free,0,7
1798,26.0,4.83,47.03,62.23,5,Programming,Paid,0,5
1799,24.0,3.12,57.42,78.02,2,Design,Free,0,5
1800,23.0,4.42,53.46,74.69,2,Business,Free,1,7
1801,25.0,2.68,60.09,70.53,0,Business,Free,1,8
1802,30.0,6.55,53.62,55.96,1,Business,Paid,0,7
1803,28.0,3.57,51.61,77.94,0,Programming,Free,1,9
1804,27.0,4.45,48.72,71.13,5,Business,Free,0,5
1805,22.0,4.48,51.63,83.14,3,Business,Free,1,8
1806,22.0,10.42,45.54,77.55,5,Business,Paid,1,10
1807,24.0,6.02,48.32,72.77,3,Programming,Paid,1,7
1808,30.0,4.19,51.61,77.73,6,Design,Free,0,6
1809,32.0,3.71,53.81,68.12,5,Design,Paid,0,7
1810,33.0,5.82,40.88,86.7,1,Programming,Free,0,5
1811,27.0,3.59,58.46,63.5,0,Programming,Free,0,5
1812,30.0,,62.94,70.37,6,Design,Free,0,6
1813,26.0,4.64,56.11,89.22,1,Business,Paid,1,9
1814,16.0,4.42,48.28,70.97,5,Programming,Free,0,5
1815,25.0,2.81,59.7,68.4,4,Business,Free,1,7
1816,24.0,3.85,61.25,78.14,4,Design,Free,1,10
1817,20.0,3.93,47.02,77.89,1,Business,Free,0,5
1818,23.0,4.94,59.85,76.82,2,Design,Paid,1,9
1819,28.0,8.84,37.39,87.22,3,Design,Paid,0,8
1820,19.0,2.25,69.36,57.02,0,Business,Free,0,5
1821,22.0,10.13,40.07,75.25,2,Marketing,Free,1,8
1822,38.0,4.0,55.25,82.0,3,Design,Free,1,9
1823,16.0,5.27,59.98,80.22,1,Design,Free,1,7
1824,26.0,4.3,63.59,46.35,2,Business,Free,0,3
1825,19.0,2.33,65.09,73.61,6,Business,Paid,1,8
1826,22.0,2.52,67.4,53.43,2,Programming,Free,0,7
1827,26.0,4.0,44.68,90.86,6,Design,Paid,1,8
1828,20.0,6.34,50.65,70.09,6,Design,Free,1,8
1829,31.0,2.72,51.68,88.83,4,Marketing,Paid,0,5
1830,36.0,2.76,53.82,61.83,1,Design,Free,0,7
1831,33.0,5.46,52.07,81.91,1,Design,Paid,1,9
1832,34.0,6.27,53.35,76.58,6,Marketing,Paid,0,6
1833,17.0,4.95,48.98,100.0,0,Design,Free,1,8
1834,25.0,3.26,61.26,86.14,3,Programming,Paid,1,10
1835,30.0,1.98,62.89,81.37,4,Programming,Free,0,6
1836,33.0,5.17,42.69,92.33,5,Programming,Free,1,8
1837,39.0,7.73,45.66,71.41,6,Programming,Free,0,2
1838,34.0,4.34,58.53,77.0,1,Design,Paid,1,10
1839,33.0,3.03,60.24,72.65,3,Business,Paid,0,6
1840,45.0,3.34,56.43,74.61,4,Business,Free,1,7
1841,28.0,6.05,57.88,38.76,6,Programming,Paid,1,7
1842,25.0,3.65,52.88,74.02,3,Design,Free,0,7
1843,28.0,7.64,51.94,70.72,0,Programming,Free,0,6
1844,21.0,6.15,39.96,70.86,6,Marketing,Free,1,6
1845,27.0,4.41,48.89,49.63,3,Programming,Free,0,5
1846,16.0,1.68,66.19,69.35,1,Business,Free,0,5
1847,23.0,2.97,62.91,49.6,1,Programming,Free,0,6
1848,26.0,3.17,54.16,90.51,1,Business,Free,0,5
1849,34.0,2.9,68.08,71.43,5,Design,Free,0,4
1850,35.0,5.52,53.47,52.31,6,Business,Paid,0,6
1851,20.0,4.46,47.24,65.52,3,Programming,Free,0,5
1852,42.0,2.39,53.02,85.9,0,Marketing,Paid,0,5
1853,28.0,5.82,46.57,75.76,6,Design,Free,1,6
1854,29.0,4.08,59.54,60.95,4,Business,Free,0,6
1855,16.0,4.76,59.87,65.38,3,Marketing,Free,0,5
1856,23.0,7.09,50.64,73.49,0,Marketing,Paid,0,6
1857,34.0,2.87,62.01,62.72,6,Programming,Free,0,6
1858,28.0,7.15,62.11,52.89,0,Programming,Free,0,3
1859,28.0,4.76,58.64,71.19,4,Programming,Paid,1,9
1860,29.0,10.01,47.29,56.0,4,Programming,Paid,1,9
1861,17.0,2.71,58.63,83.49,3,Design,Free,1,8
1862,26.0,7.75,34.36,83.75,3,Marketing,Free,0,4
1863,37.0,2.7,68.75,61.97,2,Marketing,Free,1,7
1864,35.0,12.77,38.65,66.83,4,Design,Free,0,5
1865,26.0,3.3,50.91,70.35,2,Business,Paid,0,5
1866,38.0,6.52,47.9,72.17,3,Marketing,Free,0,6
1867,18.0,3.44,62.34,75.2,4,Marketing,Free,0,6
1868,20.0,5.59,47.35,73.56,5,Programming,Free,0,5
1869,40.0,3.98,56.27,78.4,1,Design,Free,0,7
1870,31.0,3.1,56.22,92.09,6,Business,Paid,1,8
1871,25.0,1.15,63.56,68.72,0,Programming,Free,1,10
1872,27.0,12.53,35.9,60.98,1,Design,Free,1,7
1873,21.0,4.19,60.94,55.6,2,Marketing,Free,1,6
1874,29.0,1.08,47.78,89.68,2,Marketing,Free,1,7
1875,28.0,4.65,49.59,77.85,2,Marketing,Free,1,8
1876,27.0,5.53,45.55,73.27,2,Business,Free,0,4
1877,19.0,2.94,57.56,73.39,3,Programming,Free,1,8
1878,29.0,3.69,48.39,73.92,5,Programming,Paid,0,6
1879,23.0,5.02,50.64,82.33,5,Design,Paid,0,6
1880,20.0,8.71,51.64,74.27,2,Design,Paid,0,6
1881,36.0,4.24,58.25,84.55,1,Design,Free,0,7
1882,42.0,7.83,42.47,65.23,4,Business,Free,0,5
1883,41.0,6.75,48.41,64.97,0,Design,Free,1,8
1884,32.0,4.57,65.32,56.4,3,Business,Paid,0,7
1885,25.0,2.0,67.02,65.15,1,Programming,Free,0,4
1886,27.0,3.66,49.13,83.21,4,Programming,Free,1,9
1887,30.0,5.14,53.89,62.51,0,Programming,Free,0,6
1888,24.0,4.17,63.31,51.46,5,Programming,Free,0,6
1889,36.0,6.74,36.35,79.49,1,Marketing,Paid,0,5
1890,16.0,7.48,51.67,71.49,3,Design,Paid,1,8
1891,25.0,5.15,54.87,86.58,4,Programming,Free,0,6
1892,33.0,4.48,47.42,86.82,3,Business,Paid,1,9
1893,21.0,5.12,48.77,61.29,3,Design,Free,0,5
1894,25.0,11.09,51.01,65.91,1,Programming,Free,1,7
1895,31.0,2.07,66.13,58.94,5,Programming,Free,0,6
1896,38.0,6.31,60.05,58.07,3,Programming,Paid,0,3
1897,18.0,9.25,37.09,70.38,1,Business,Free,1,9
1898,17.0,2.39,49.6,77.82,1,Programming,Free,0,7
1899,20.0,7.95,50.14,71.02,3,Programming,Paid,1,8
1900,16.0,6.76,59.66,61.81,5,Programming,Free,0,6
1901,17.0,2.09,60.45,51.94,6,Design,Free,1,10
1902,20.0,5.59,56.09,60.01,2,Programming,Free,1,8
1903,36.0,4.49,41.8,82.29,2,Marketing,Paid,1,9
1904,25.0,4.93,55.38,55.9,0,Programming,Paid,0,8
1905,27.0,4.38,47.63,89.11,3,Business,Paid,0,9
1906,20.0,7.32,52.97,68.16,1,Design,Free,0,4
1907,31.0,3.86,42.29,75.94,5,Design,Free,1,7
1908,40.0,4.12,65.33,67.21,3,Programming,Paid,1,10
1909,21.0,3.32,61.35,58.06,1,Business,Free,0,6
1910,39.0,3.48,63.12,77.12,6,Marketing,Free,1,9
1911,30.0,3.12,64.64,64.82,5,Programming,Paid,1,6
1912,27.0,3.28,67.6,58.0,2,Programming,Free,0,3
1913,30.0,4.28,76.06,47.55,0,Marketing,Free,0,7
1914,30.0,6.08,40.07,91.03,1,Design,Paid,1,10
1915,40.0,8.71,46.43,72.07,2,Programming,Paid,1,9
1916,31.0,5.65,41.78,85.28,2,Programming,Paid,0,5
1917,31.0,4.09,51.75,81.82,5,Business,Paid,0,6
1918,24.0,2.57,59.56,83.17,6,Business,Free,0,6
1919,33.0,5.79,58.7,72.36,5,Design,Paid,0,5
1920,20.0,3.85,58.9,58.09,5,Marketing,Free,0,5
1921,28.0,4.88,42.06,85.63,0,Design,Paid,0,7
1922,47.0,4.56,56.06,69.56,1,Programming,Free,1,9
1923,16.0,6.4,45.14,73.34,6,Design,Paid,1,8
1924,29.0,4.58,49.54,76.91,4,Programming,Free,0,7
1925,29.0,4.69,57.22,75.7,1,Programming,Paid,0,8
1926,25.0,2.83,60.2,75.67,5,Programming,Free,0,3
1927,26.0,3.08,68.72,55.73,1,Programming,Free,0,7
1928,28.0,5.94,46.3,81.75,5,Business,Free,0,7
1929,25.0,3.35,64.9,67.94,6,Programming,Free,0,6
1930,29.0,2.77,52.89,88.85,3,Design,Paid,0,7
1931,24.0,6.83,44.69,81.65,4,Business,Free,0,7
1932,41.0,,50.08,78.55,5,Business,Free,0,6
1933,25.0,4.12,43.97,69.78,6,Business,Free,0,5
1934,31.0,5.06,41.9,78.81,4,Business,Free,1,10
1935,22.0,4.06,53.23,83.22,2,Business,Free,0,3
1936,34.0,1.33,55.28,75.28,1,Programming,Free,1,7
1937,32.0,4.83,42.89,76.03,2,Design,Free,0,6
1938,30.0,7.37,43.68,78.83,0,Business,Free,0,6
1939,20.0,5.78,57.37,61.69,4,Programming,Free,0,6
1940,22.0,1.56,58.9,86.17,2,Programming,Free,0,4
1941,39.0,10.56,49.86,47.82,4,Programming,Free,0,5
1942,22.0,2.23,58.71,74.34,0,Design,Free,1,9
1943,31.0,3.12,54.03,73.94,2,Design,Paid,0,5
1944,20.0,,60.0,60.31,2,Programming,Free,0,5
1945,34.0,,51.98,74.36,0,Business,Free,1,7
1946,22.0,4.2,59.06,60.68,5,Marketing,Free,1,8
1947,20.0,3.92,53.37,97.82,4,Programming,Paid,1,10
1948,22.0,7.38,58.11,58.3,5,Marketing,Free,0,5
1949,23.0,3.98,60.33,56.58,5,Programming,Free,0,5
1950,30.0,2.51,59.58,65.52,0,Marketing,Paid,0,6
1951,27.0,8.83,41.06,78.58,6,Marketing,Paid,1,9
1952,19.0,4.48,39.96,80.17,0,Programming,Free,0,6
1953,27.0,8.37,49.89,80.79,6,Business,Paid,0,8
1954,19.0,5.25,43.56,87.96,4,Marketing,Free,1,7
1955,32.0,14.87,38.68,67.81,5,Marketing,Paid,1,9
1956,33.0,4.41,51.35,83.42,3,Marketing,Paid,0,6
1957,27.0,4.08,64.54,70.96,1,Design,Free,0,8
1958,29.0,5.61,56.08,70.74,1,Programming,Free,0,6
1959,39.0,,58.24,84.14,0,Marketing,Free,0,4
1960,26.0,7.27,50.72,56.39,5,Business,Paid,0,6
1961,20.0,1.08,47.4,92.9,3,Business,Free,1,6
1962,31.0,3.92,56.87,72.55,1,Design,Free,0,5
1963,19.0,4.84,46.17,61.93,0,Design,Paid,0,7
1964,26.0,4.76,54.43,63.69,0,Programming,Paid,1,10
1965,23.0,2.73,51.61,72.13,1,Business,Free,0,7
1966,22.0,7.62,45.91,63.68,5,Programming,Paid,1,9
1967,25.0,3.23,69.5,48.47,6,Business,Free,0,6
1968,33.0,5.55,53.84,77.52,4,Marketing,Paid,1,10
1969,35.0,3.99,56.88,66.78,6,Design,Free,0,8
1970,33.0,5.08,52.57,80.51,2,Design,Free,1,7
1971,29.0,,50.46,55.18,2,Programming,Free,0,7
1972,25.0,4.43,61.13,96.25,4,Marketing,Free,1,7
1973,16.0,5.92,51.95,76.65,0,Business,Free,1,9
1974,30.0,4.33,52.31,70.36,6,Programming,Free,0,5
1975,16.0,4.04,58.55,79.48,5,Programming,Paid,1,8
1976,16.0,4.76,69.42,50.14,0,Programming,Paid,1,8
1977,26.0,4.46,49.98,73.03,1,Design,Paid,1,8
1978,29.0,6.55,33.75,95.22,4,Marketing,Paid,1,10
1979,24.0,5.32,45.96,71.48,5,Business,Paid,1,10
1980,38.0,2.84,56.19,67.25,1,Programming,Free,0,3
1981,30.0,3.67,57.94,67.6,5,Marketing,Free,0,5
1982,25.0,2.55,43.27,89.57,3,Programming,Paid,1,8
1983,37.0,4.66,51.36,73.93,4,Marketing,Paid,1,10
1984,38.0,5.07,57.66,56.98,2,Programming,Paid,1,10
1985,31.0,11.44,31.78,100.0,3,Business,Paid,0,7
1986,22.0,7.44,56.98,58.06,2,Marketing,Free,1,7
1987,23.0,3.18,60.62,70.83,1,Programming,Paid,0,5
1988,17.0,5.55,65.53,65.74,1,Business,Paid,0,9
1989,27.0,5.59,60.07,69.13,1,Marketing,Paid,1,10
1990,20.0,4.57,60.53,59.28,5,Programming,Paid,1,6
1991,25.0,3.76,54.37,61.52,2,Programming,Free,0,6
1992,29.0,4.32,46.41,85.82,2,Business,Paid,0,5
1993,16.0,9.42,44.89,45.18,5,Programming,Free,1,7
1994,18.0,4.2,51.18,87.13,6,Programming,Paid,0,5
1995,23.0,4.73,51.87,84.88,1,Design,Free,0,3
1996,27.0,1.3,65.69,76.6,2,Business,Free,0,6
1997,24.0,5.87,54.36,69.51,2,Programming,Free,0,8
1998,25.0,6.91,56.16,71.32,5,Programming,Free,0,4
1999,22.0,2.53,60.27,87.45,4,Marketing,Free,0,7
2000,17.0,4.03,53.78,60.54,3,Design,Paid,0,8
2001,23.0,,47.91,80.14,1,Marketing,Free,0,7
2002,26.0,5.11,54.0,70.54,2,Design,Paid,0,9
2003,25.0,5.0,46.35,81.17,0,Marketing,Free,1,9
2004,28.0,3.56,58.22,64.25,4,Business,Free,0,8
2005,30.0,11.72,37.86,80.48,6,Programming,Paid,1,8
2006,32.0,3.75,59.93,60.24,5,Marketing,Paid,0,7
2007,23.0,13.62,40.06,57.07,2,Design,Free,0,7
2008,16.0,8.86,40.13,70.64,3,Programming,Paid,0,6
2009,36.0,7.37,45.59,89.23,6,Programming,Paid,0,3
2010,30.0,2.54,60.1,76.9,2,Business,Free,0,4
2011,20.0,,41.22,78.35,5,Programming,Paid,0,6
2012,29.0,6.65,38.8,82.32,4,Programming,Paid,1,10
2013,34.0,1.95,69.56,67.24,3,Programming,Paid,1,8
2014,39.0,2.16,67.7,80.11,4,Design,Free,1,8
2015,29.0,4.76,57.07,68.2,1,Design,Free,1,7
2016,34.0,3.82,54.62,70.86,2,Design,Free,0,5
2017,19.0,4.02,63.03,69.72,2,Programming,Paid,0,6
2018,27.0,8.24,51.79,65.45,5,Programming,Paid,1,8
2019,25.0,2.72,58.16,70.27,4,Business,Free,1,9
2020,29.0,3.3,65.82,64.95,2,Programming,Free,1,9
2021,38.0,3.03,56.35,63.22,5,Business,Free,1,6
2022,29.0,5.1,51.43,66.31,3,Programming,Free,0,6
2023,20.0,2.34,61.18,73.86,6,Programming,Paid,1,7
2024,18.0,3.24,64.38,54.8,4,Programming,Free,0,3
2025,39.0,1.87,62.35,78.17,6,Design,Free,0,7
2026,31.0,3.52,65.24,69.06,6,Design,Free,0,8
2027,30.0,5.61,42.73,73.18,2,Business,Free,0,5
2028,25.0,7.07,52.27,64.02,1,Programming,Paid,1,10
2029,29.0,3.65,62.4,88.5,5,Design,Paid,0,6
2030,20.0,5.16,45.82,83.56,1,Design,Free,0,5
2031,30.0,3.73,58.11,55.41,5,Programming,Free,1,10
2032,19.0,7.48,32.36,79.25,1,Design,Free,1,7
2033,24.0,3.82,52.33,85.36,6,Programming,Free,0,7
2034,22.0,1.06,68.57,64.52,4,Design,Free,0,5
2035,16.0,6.07,59.97,57.57,3,Programming,Free,0,4
2036,25.0,4.12,45.63,83.09,3,Business,Paid,1,8
2037,21.0,3.58,61.5,58.77,4,Marketing,Free,0,3
2038,26.0,4.72,60.41,58.67,2,Programming,Free,0,7
2039,27.0,2.14,64.66,59.84,2,Business,Free,0,6
2040,39.0,5.24,42.78,83.22,1,Business,Paid,1,9
2041,29.0,5.16,58.22,59.69,1,Programming,Free,0,5
2042,29.0,4.78,50.84,67.87,6,Business,Free,0,6
2043,30.0,3.87,46.89,66.77,5,Business,Paid,0,7
2044,33.0,6.34,50.54,84.56,3,Marketing,Free,1,8
2045,30.0,3.24,60.09,67.48,5,Marketing,Paid,1,10
2046,29.0,3.06,68.93,51.11,4,Programming,Free,0,6
2047,32.0,4.77,54.06,63.53,4,Design,Paid,0,6
2048,16.0,5.79,51.29,84.94,0,Design,Paid,0,8
2049,42.0,3.5,61.42,77.19,3,Programming,Free,0,5
2050,38.0,8.81,50.7,86.98,0,Programming,Paid,1,8
2051,29.0,4.63,63.96,59.26,4,Marketing,Free,0,5
2052,17.0,5.24,56.55,69.23,0,Programming,Paid,0,6
2053,35.0,5.7,34.18,100.0,3,Design,Paid,1,9
2054,22.0,7.05,48.19,73.33,2,Marketing,Paid,1,10
2055,31.0,5.65,46.2,65.24,0,Programming,Paid,0,7
2056,18.0,1.8,55.3,73.79,3,Design,Free,0,5
2057,43.0,6.62,59.85,78.06,1,Marketing,Free,1,8
2058,17.0,4.28,46.75,79.13,1,Design,Free,0,6
2059,27.0,6.9,38.14,64.63,6,Programming,Paid,1,9
2060,16.0,4.22,62.85,64.98,2,Programming,Paid,0,6
2061,27.0,1.78,57.76,69.39,2,Marketing,Free,0,5
2062,24.0,1.45,70.68,59.24,0,Programming,Free,1,6
2063,35.0,2.65,55.57,61.65,2,Design,Free,1,7
2064,24.0,6.4,40.57,93.7,2,Programming,Paid,1,9
2065,35.0,9.09,51.3,73.93,5,Design,Paid,0,7
2066,20.0,4.65,47.75,68.82,0,Marketing,Free,1,6
2067,25.0,2.53,58.63,70.81,6,Design,Free,0,5
2068,25.0,2.85,60.4,71.65,0,Marketing,Free,0,4
2069,30.0,7.48,43.6,73.22,4,Programming,Free,0,7
2070,30.0,2.81,59.6,73.35,0,Design,Paid,0,7
2071,32.0,10.44,37.56,84.46,5,Marketing,Free,1,9
2072,29.0,9.43,44.47,79.98,4,Design,Free,1,8
2073,32.0,10.6,54.73,65.71,5,Programming,Free,1,7
2074,21.0,4.81,72.54,65.5,6,Marketing,Free,1,7
2075,30.0,4.35,52.11,88.85,5,Design,Paid,1,10
2076,38.0,4.76,53.53,72.38,4,Design,Free,0,5
2077,16.0,6.1,58.42,59.45,5,Marketing,Free,0,6
2078,30.0,3.03,53.85,80.25,0,Programming,Free,1,8
2079,32.0,3.09,51.53,63.28,4,Programming,Paid,0,7
2080,37.0,4.46,51.06,82.42,6,Programming,Paid,0,7
2081,32.0,2.86,73.1,48.86,2,Design,Free,0,5
2082,28.0,7.09,43.36,63.58,6,Programming,Free,0,5
2083,30.0,,48.02,83.76,3,Business,Free,1,9
2084,22.0,4.23,53.38,68.06,3,Programming,Free,0,8
2085,24.0,6.31,51.2,77.58,2,Business,Free,1,9
2086,18.0,9.02,63.0,61.18,0,Programming,Paid,0,3
2087,37.0,5.57,46.23,76.17,6,Programming,Paid,1,8
2088,30.0,4.82,56.13,68.05,5,Programming,Free,0,6
2089,21.0,2.57,58.59,73.68,2,Business,Free,1,7
2090,29.0,,41.01,94.39,6,Design,Free,1,7
2091,35.0,7.16,44.68,83.66,1,Programming,Free,1,8
2092,34.0,1.75,55.07,80.82,5,Marketing,Free,0,6
2093,21.0,8.96,58.03,82.05,3,Design,Free,1,9
2094,16.0,3.7,64.98,61.09,4,Programming,Paid,1,8
2095,30.0,5.3,51.96,67.55,0,Marketing,Free,1,7
2096,21.0,,66.79,53.61,4,Programming,Paid,1,7
2097,31.0,3.95,64.38,52.76,4,Programming,Free,0,6
2098,34.0,3.7,59.41,65.13,6,Design,Free,0,6
2099,35.0,2.59,59.53,67.65,2,Programming,Free,0,7
2100,39.0,,54.32,57.3,0,Programming,Paid,0,6
2101,36.0,3.57,50.13,70.57,0,Business,Free,0,4
2102,39.0,2.25,51.86,66.15,1,Programming,Free,1,7
2103,37.0,3.18,63.35,62.52,2,Business,Paid,0,7
2104,37.0,2.83,50.24,92.52,5,Marketing,Paid,1,7
2105,27.0,4.0,65.31,60.43,1,Business,Paid,0,6
2106,18.0,5.04,44.42,83.29,1,Business,Free,1,8
2107,44.0,2.94,60.77,46.2,0,Business,Free,1,10
2108,27.0,7.86,51.11,75.01,2,Marketing,Paid,0,6
2109,36.0,3.84,61.01,53.63,4,Programming,Free,0,5
2110,23.0,3.56,66.25,60.15,1,Programming,Free,0,7
2111,34.0,4.09,48.97,92.1,3,Design,Free,1,7
2112,16.0,7.6,59.86,70.53,1,Design,Free,0,7
2113,24.0,2.73,67.97,58.75,5,Programming,Paid,1,9
2114,26.0,10.68,40.84,80.36,0,Business,Paid,1,9
2115,30.0,6.25,58.74,63.73,1,Programming,Free,0,6
2116,35.0,5.02,49.99,78.08,3,Marketing,Paid,1,9
2117,19.0,6.91,44.98,57.03,5,Programming,Free,0,8
2118,32.0,3.51,64.28,57.62,2,Programming,Free,1,5
2119,36.0,4.61,71.02,58.55,0,Programming,Free,0,5
2120,43.0,3.97,38.97,81.58,3,Programming,Paid,1,9
2121,32.0,6.26,56.19,65.28,1,Programming,Free,1,8
2122,24.0,2.95,54.9,55.42,2,Programming,Free,0,7
2123,18.0,4.95,53.09,73.94,6,Programming,Paid,0,6
2124,40.0,5.5,54.24,68.95,6,Programming,Free,0,6
2125,32.0,8.12,49.01,78.88,1,Programming,Paid,1,9
2126,27.0,2.8,60.89,69.18,4,Design,Free,0,7
2127,16.0,5.69,62.25,67.07,3,Programming,Free,1,8
2128,20.0,,62.86,77.06,6,Programming,Paid,0,7
2129,31.0,1.54,65.87,55.89,6,Programming,Free,0,5
2130,29.0,2.9,62.67,78.63,2,Programming,Free,1,7
2131,16.0,5.9,51.27,68.2,0,Programming,Free,0,7
2132,31.0,5.04,53.99,62.89,0,Business,Paid,1,8
2133,16.0,3.98,51.32,64.86,0,Marketing,Paid,1,8
2134,36.0,5.2,60.02,75.46,5,Marketing,Paid,0,6
2135,28.0,4.1,55.2,68.5,5,Design,Free,0,6
2136,24.0,5.36,35.14,81.55,5,Design,Free,0,5
2137,34.0,1.96,66.34,64.56,0,Programming,Free,1,10
2138,29.0,3.87,52.87,74.33,0,Business,Free,1,9
2139,36.0,5.36,53.43,65.67,1,Business,Paid,1,8
2140,28.0,2.19,58.49,72.26,4,Marketing,Free,0,4
2141,28.0,2.18,52.98,86.31,0,Marketing,Free,0,6
2142,25.0,3.44,73.42,72.52,4,Design,Free,0,6
2143,29.0,4.07,68.3,64.92,6,Business,Free,0,5
2144,39.0,4.08,63.69,61.5,1,Business,Free,1,8
2145,23.0,3.16,60.78,67.77,5,Programming,Free,0,4
2146,32.0,3.1,59.4,87.3,3,Marketing,Free,1,10
2147,21.0,3.39,65.93,51.64,6,Programming,Free,0,5
2148,16.0,4.64,59.49,71.98,1,Marketing,Free,0,4
2149,28.0,8.87,54.18,56.15,1,Business,Paid,1,7
2150,30.0,1.49,65.42,63.07,0,Programming,Free,0,5
2151,26.0,5.37,57.97,73.89,4,Business,Free,0,8
2152,17.0,3.86,61.82,49.04,6,Programming,Free,0,5
2153,29.0,5.14,55.9,66.11,0,Business,Free,1,7
2154,29.0,8.64,37.75,78.2,3,Business,Paid,1,10
2155,21.0,2.89,53.1,72.44,5,Business,Free,1,9
2156,18.0,7.75,29.75,80.06,5,Marketing,Paid,1,10
2157,25.0,2.88,65.3,60.3,6,Programming,Paid,1,9
2158,32.0,4.29,59.93,71.48,5,Programming,Free,0,4
2159,30.0,3.64,64.7,68.0,6,Design,Free,0,5
2160,21.0,4.14,47.48,76.57,6,Programming,Free,0,4
2161,28.0,2.6,69.11,50.89,6,Design,Free,0,5
2162,33.0,4.94,56.55,64.52,3,Programming,Free,0,5
2163,19.0,8.28,49.96,74.99,2,Design,Free,1,7
2164,27.0,2.62,49.71,87.49,2,Design,Free,0,6
2165,36.0,4.42,52.56,73.41,6,Marketing,Free,0,5
2166,18.0,7.45,38.3,74.26,1,Programming,Paid,1,8
2167,35.0,4.44,47.78,80.44,5,Marketing,Paid,1,8
2168,38.0,9.35,37.76,90.53,4,Design,Paid,1,9
2169,25.0,3.34,61.5,63.42,0,Programming,Free,0,6
2170,25.0,3.85,50.43,59.97,3,Design,Free,0,4
2171,34.0,3.24,58.09,62.05,1,Design,Paid,1,9
2172,26.0,5.37,51.16,79.97,5,Programming,Paid,0,7
2173,16.0,4.06,62.84,76.23,3,Design,Free,0,6
2174,26.0,5.4,50.33,64.92,2,Programming,Free,0,6
2175,30.0,3.05,64.89,60.97,0,Programming,Free,1,8
2176,32.0,3.73,50.49,79.81,0,Design,Paid,1,8
2177,21.0,4.99,49.71,76.1,5,Design,Free,0,6
2178,25.0,7.6,41.32,76.28,6,Business,Free,0,7
2179,34.0,5.38,52.75,54.7,2,Programming,Free,1,7
2180,27.0,9.31,47.78,53.97,5,Marketing,Free,0,5
2181,16.0,5.21,63.49,60.95,3,Business,Free,1,8
2182,36.0,6.4,49.58,62.31,2,Marketing,Paid,1,8
2183,26.0,5.51,52.96,55.57,3,Business,Free,1,7
2184,35.0,7.92,43.44,86.84,4,Programming,Free,1,9
2185,17.0,7.08,56.49,51.33,6,Design,Free,1,7
2186,26.0,3.11,55.57,77.64,3,Programming,Paid,0,8
2187,31.0,5.81,50.4,80.98,2,Business,Free,0,5
2188,26.0,4.57,44.53,83.87,5,Design,Free,1,7
2189,19.0,3.72,51.46,71.33,3,Programming,Free,0,6
2190,16.0,2.28,59.28,90.36,2,Marketing,Paid,1,10
2191,38.0,2.53,50.87,93.4,3,Programming,Paid,0,7
2192,29.0,4.3,57.88,74.98,3,Design,Paid,0,7
2193,35.0,2.1,66.15,75.92,0,Business,Free,0,5
2194,34.0,4.34,54.97,87.31,0,Programming,Paid,0,8
2195,31.0,6.99,42.12,69.38,4,Design,Paid,0,4
2196,25.0,3.12,58.53,68.31,1,Business,Free,1,7
2197,30.0,4.21,65.81,60.49,3,Programming,Free,0,5
2198,37.0,2.51,60.1,78.61,5,Design,Free,0,5
2199,28.0,,65.07,45.22,1,Programming,Free,0,5
2200,40.0,5.1,38.56,86.8,2,Business,Free,1,7
2201,17.0,2.14,55.55,74.41,6,Programming,Free,0,5
2202,16.0,3.61,53.53,82.69,0,Marketing,Paid,1,9
2203,34.0,2.29,59.72,47.69,5,Marketing,Free,0,5
2204,21.0,5.1,64.11,55.52,1,Programming,Free,1,7
2205,41.0,,49.62,85.89,6,Programming,Free,1,8
2206,36.0,3.97,44.11,72.23,2,Design,Free,1,9
2207,38.0,3.83,59.96,52.04,0,Business,Free,0,7
2208,33.0,4.69,51.29,76.22,5,Design,Free,0,5
2209,21.0,4.73,52.16,76.15,1,Programming,Free,0,6
2210,16.0,4.06,62.15,78.38,2,Programming,Paid,1,9
2211,37.0,3.05,61.94,70.92,3,Marketing,Free,0,7
2212,17.0,4.94,39.66,89.36,5,Design,Paid,1,9
2213,38.0,4.65,46.64,69.13,2,Marketing,Paid,1,8
2214,32.0,10.25,38.06,79.4,6,Design,Free,1,10
2215,26.0,3.41,57.38,73.92,3,Marketing,Free,0,5
2216,30.0,4.62,62.55,66.4,2,Programming,Free,0,6
2217,30.0,6.25,63.02,67.45,2,Programming,Paid,0,8
2218,26.0,7.62,59.83,68.89,5,Marketing,Free,1,9
2219,37.0,2.82,55.65,72.84,4,Marketing,Free,0,5
2220,37.0,9.26,51.26,68.49,0,Programming,Paid,1,8
2221,28.0,3.79,57.34,76.8,5,Programming,Free,1,6
2222,23.0,15.62,23.67,72.64,2,Design,Paid,1,10
2223,36.0,4.77,36.79,89.68,2,Design,Free,0,4
2224,16.0,2.92,61.68,65.03,0,Programming,Paid,0,7
2225,30.0,3.71,44.11,82.16,6,Marketing,Free,1,6
2226,32.0,,40.77,79.56,0,Programming,Free,1,10
2227,21.0,5.26,47.43,76.82,6,Business,Paid,0,5
2228,34.0,3.95,58.5,68.92,0,Programming,Free,0,6
2229,27.0,7.01,60.12,63.25,3,Programming,Paid,0,8
2230,23.0,4.34,56.27,69.31,0,Business,Paid,1,8
2231,34.0,3.69,53.92,70.64,3,Programming,Free,1,9
2232,19.0,2.65,47.08,70.5,5,Business,Free,0,5
2233,33.0,11.04,38.29,86.2,4,Programming,Paid,0,7
2234,16.0,2.34,61.32,67.73,3,Marketing,Free,0,7
2235,29.0,5.47,49.93,70.67,0,Business,Paid,0,6
2236,27.0,5.03,66.67,55.02,6,Marketing,Free,0,7
2237,23.0,5.04,43.87,79.72,2,Programming,Paid,1,9
2238,30.0,2.31,54.68,74.64,3,Programming,Free,1,10
2239,26.0,3.23,52.12,83.72,6,Programming,Paid,0,6
2240,34.0,5.13,45.83,84.33,4,Design,Free,0,5
2241,31.0,2.85,59.92,77.47,5,Programming,Free,0,5
2242,30.0,2.0,59.69,81.97,1,Programming,Paid,1,7
2243,29.0,6.03,55.28,79.32,3,Programming,Paid,1,10
2244,24.0,2.74,59.98,77.17,3,Programming,Free,0,6
2245,25.0,6.73,53.65,59.58,1,Design,Paid,0,5
2246,29.0,3.7,60.64,54.8,2,Programming,Free,0,4
2247,26.0,3.62,66.27,52.84,5,Programming,Free,1,7
2248,35.0,4.15,49.99,84.97,6,Business,Free,0,7
2249,28.0,2.43,61.78,66.17,5,Design,Free,0,6
2250,30.0,2.8,65.71,60.53,6,Programming,Free,0,5
2251,17.0,3.61,56.96,74.07,6,Design,Free,0,5
2252,34.0,2.42,66.47,57.32,1,Business,Free,0,5
2253,23.0,6.99,43.08,76.57,5,Programming,Paid,0,9
2254,20.0,4.41,68.55,56.7,4,Design,Paid,0,6
2255,39.0,2.64,55.1,64.14,6,Marketing,Paid,0,7
2256,32.0,3.15,59.11,75.99,4,Design,Free,1,8
2257,34.0,5.31,53.19,63.46,0,Marketing,Paid,1,10
2258,30.0,3.32,59.34,85.29,3,Business,Free,0,4
2259,26.0,6.07,56.55,72.56,5,Programming,Paid,1,10
2260,25.0,5.25,48.58,85.32,0,Design,Free,0,5
2261,32.0,11.95,46.81,74.94,3,Business,Free,1,10
2262,35.0,6.81,48.56,72.37,4,Marketing,Free,0,6
2263,27.0,2.43,66.13,68.03,3,Design,Paid,1,7
2264,42.0,4.31,47.06,83.15,5,Programming,Paid,1,8
2265,26.0,4.5,53.69,82.41,0,Design,Paid,1,10
2266,17.0,6.57,35.99,97.02,2,Programming,Paid,0,8
2267,16.0,3.33,53.35,84.11,6,Business,Paid,1,10
2268,16.0,3.19,58.16,70.03,3,Design,Free,0,6
2269,24.0,2.9,61.53,78.18,1,Business,Paid,0,6
2270,25.0,3.09,52.25,76.93,0,Marketing,Free,0,7
2271,32.0,3.14,72.21,83.79,4,Business,Free,0,5
2272,27.0,3.52,44.02,85.54,6,Business,Free,0,6
2273,33.0,2.97,59.24,73.22,0,Business,Paid,0,6
2274,27.0,7.89,52.06,63.74,0,Marketing,Paid,1,8
2275,27.0,5.02,63.62,53.03,2,Marketing,Free,0,5
2276,23.0,2.11,63.25,54.33,1,Programming,Free,1,7
2277,37.0,4.1,58.6,68.08,0,Design,Free,1,8
2278,16.0,2.51,49.57,90.05,2,Programming,Paid,1,7
2279,29.0,9.27,48.49,92.45,4,Marketing,Paid,0,7
2280,26.0,8.38,39.21,81.56,5,Business,Free,0,5
2281,32.0,3.95,50.22,86.3,2,Design,Free,1,8
2282,27.0,2.76,59.12,59.51,4,Programming,Free,0,5
2283,27.0,3.01,61.14,49.82,5,Programming,Free,0,5
2284,25.0,3.31,53.34,59.93,0,Business,Free,1,9
2285,37.0,3.86,70.29,43.58,5,Programming,Free,1,7
2286,27.0,7.51,50.32,54.63,1,Programming,Free,0,6
2287,41.0,6.23,47.99,67.19,4,Marketing,Free,0,6
2288,29.0,7.85,40.06,76.83,5,Business,Paid,1,9
2289,27.0,4.38,57.82,69.63,5,Programming,Free,0,4
2290,26.0,2.41,63.93,59.72,2,Programming,Free,0,4
2291,31.0,3.58,53.42,82.47,4,Marketing,Paid,1,10
2292,23.0,5.21,50.3,67.63,0,Business,Paid,0,7
2293,28.0,2.36,62.53,71.11,3,Business,Free,1,8
2294,27.0,4.65,56.66,54.68,6,Programming,Free,1,7
2295,29.0,7.28,44.63,85.06,1,Programming,Paid,1,10
2296,29.0,5.18,53.88,68.25,1,Programming,Free,1,7
2297,30.0,6.36,37.01,82.47,4,Business,Paid,0,7
2298,28.0,1.75,79.63,53.41,3,Programming,Free,1,8
2299,38.0,7.39,52.66,70.09,3,Programming,Free,1,6
2300,30.0,2.0,59.63,77.3,1,Business,Free,0,5
2301,45.0,4.73,62.36,55.04,1,Marketing,Paid,0,6
2302,27.0,5.36,61.17,83.85,5,Business,Free,1,9
2303,34.0,4.77,64.8,61.51,2,Design,Free,0,5
2304,22.0,2.28,60.44,76.11,5,Design,Free,0,4
2305,37.0,3.09,45.39,95.88,3,Design,Paid,1,7
2306,22.0,4.61,48.74,79.46,2,Programming,Free,1,7
2307,30.0,6.38,43.06,63.1,1,Design,Paid,0,5
2308,25.0,3.08,54.34,76.22,4,Design,Paid,1,10
2309,30.0,4.84,53.11,86.33,1,Design,Free,1,9
2310,25.0,2.56,64.4,67.92,6,Marketing,Paid,1,9
2311,21.0,6.71,53.48,72.72,2,Marketing,Paid,1,8
2312,25.0,2.72,58.75,63.35,5,Programming,Free,0,6
2313,38.0,4.2,56.17,79.7,3,Design,Free,1,9
2314,30.0,3.9,69.02,49.56,2,Programming,Free,0,4
2315,18.0,6.84,35.16,75.51,3,Programming,Free,0,5
2316,35.0,4.52,60.7,60.53,3,Programming,Free,0,6
2317,21.0,3.87,68.82,71.86,3,Programming,Paid,1,9
2318,32.0,5.96,49.75,72.53,6,Business,Paid,1,10
2319,31.0,10.63,23.48,80.0,4,Design,Free,0,5
2320,31.0,5.66,47.37,72.28,0,Marketing,Free,0,5
2321,40.0,3.95,40.57,85.29,0,Programming,Free,1,9
2322,21.0,2.79,52.1,79.87,0,Programming,Free,0,5
2323,31.0,,52.78,66.05,4,Design,Free,0,4
2324,36.0,6.88,49.52,88.38,1,Programming,Paid,1,8
2325,22.0,3.4,60.65,75.83,2,Programming,Paid,0,6
2326,22.0,4.06,57.13,74.28,5,Marketing,Free,1,10
2327,25.0,9.68,47.3,82.18,0,Programming,Paid,1,8
2328,29.0,4.34,57.63,55.51,1,Programming,Free,0,5
2329,17.0,3.12,61.1,64.21,0,Design,Paid,0,9
2330,31.0,10.81,53.4,74.25,1,Design,Free,1,7
2331,17.0,8.96,50.02,67.94,0,Design,Free,0,6
2332,36.0,5.08,49.81,92.88,4,Programming,Free,0,5
2333,31.0,7.2,47.65,62.59,5,Business,Free,0,6
2334,40.0,3.6,55.61,68.48,1,Programming,Free,1,10
2335,32.0,5.62,45.05,75.92,3,Design,Free,1,9
2336,25.0,4.19,59.88,88.54,2,Business,Paid,0,7
2337,21.0,2.75,51.48,66.06,0,Marketing,Paid,0,5
2338,29.0,13.02,49.81,48.66,3,Programming,Free,0,5
2339,27.0,2.15,57.98,87.94,4,Design,Free,0,5
2340,35.0,5.8,42.08,72.97,1,Programming,Paid,1,7
2341,20.0,4.61,59.51,77.72,5,Programming,Free,0,3
2342,41.0,5.12,49.79,78.28,6,Programming,Free,0,5
2343,36.0,4.87,41.15,86.33,0,Business,Paid,0,7
2344,26.0,3.91,61.37,63.47,1,Programming,Free,0,7
2345,40.0,5.39,49.46,67.86,2,Business,Paid,0,6
2346,22.0,5.03,62.29,44.04,5,Programming,Free,0,5
2347,28.0,,56.34,62.05,0,Marketing,Free,1,6
2348,18.0,3.93,50.99,71.68,3,Business,Free,1,7
2349,40.0,2.24,57.09,59.58,3,Programming,Free,0,2
2350,16.0,10.04,53.68,54.31,0,Programming,Free,0,8
2351,17.0,6.45,52.35,72.61,0,Programming,Paid,1,9
2352,23.0,,47.6,90.6,0,Marketing,Paid,1,9
2353,36.0,3.83,54.42,71.33,0,Programming,Paid,0,7
2354,34.0,2.58,62.7,62.67,3,Design,Free,0,8
2355,28.0,5.97,42.1,86.72,6,Design,Free,0,5
2356,34.0,4.72,51.83,66.48,2,Business,Paid,0,5
2357,26.0,6.7,53.04,92.79,1,Design,Paid,1,10
2358,30.0,2.21,65.47,71.37,1,Design,Free,0,4
2359,39.0,10.17,37.1,77.58,6,Marketing,Paid,1,10
2360,25.0,6.08,37.29,86.73,6,Programming,Free,1,8
2361,22.0,3.91,51.55,56.13,4,Business,Free,0,6
2362,30.0,,51.63,59.4,3,Programming,Paid,0,5
2363,32.0,5.66,53.44,70.73,1,Design,Free,1,10
2364,28.0,2.22,60.97,71.03,6,Marketing,Free,1,7
2365,34.0,8.63,36.9,100.0,0,Business,Free,1,7
2366,26.0,6.3,55.31,65.23,1,Business,Paid,1,9
2367,28.0,2.95,58.96,52.35,4,Programming,Free,0,5
2368,30.0,3.09,68.22,68.64,1,Design,Paid,0,7
2369,29.0,6.32,50.14,70.79,0,Programming,Free,0,4
2370,38.0,4.46,54.34,78.92,4,Design,Free,1,8
2371,30.0,5.04,51.55,66.93,0,Design,Free,1,7
2372,25.0,4.1,58.96,68.25,1,Programming,Free,1,7
2373,31.0,2.58,64.82,91.34,4,Programming,Free,0,5
2374,34.0,5.1,48.9,68.42,1,Programming,Free,1,9
2375,32.0,3.71,50.0,71.85,5,Programming,Free,0,5
2376,32.0,4.02,44.23,90.67,0,Programming,Free,0,6
2377,17.0,14.77,31.3,69.17,4,Marketing,Paid,0,7
2378,16.0,7.49,47.08,66.6,0,Business,Paid,1,10
2379,36.0,6.15,48.4,62.36,5,Programming,Free,0,4
2380,30.0,13.79,36.55,65.19,5,Business,Free,1,8
2381,27.0,4.82,70.08,53.38,5,Marketing,Free,0,4
2382,32.0,4.28,55.3,69.66,1,Programming,Free,1,8
2383,40.0,2.99,58.13,70.6,1,Programming,Free,0,7
2384,37.0,3.31,61.76,65.77,6,Programming,Free,1,5
2385,34.0,1.61,65.5,70.97,5,Programming,Free,0,4
2386,21.0,5.79,59.66,73.84,1,Business,Free,1,8
2387,22.0,2.87,63.19,62.68,0,Marketing,Paid,1,9
2388,16.0,6.09,51.58,71.46,2,Programming,Free,0,7
2389,31.0,3.98,48.3,77.14,4,Business,Free,1,6
2390,35.0,4.3,67.89,48.83,2,Programming,Free,1,9
2391,35.0,4.97,41.58,92.63,5,Design,Paid,0,7
2392,32.0,7.57,48.0,57.41,3,Business,Free,1,7
2393,26.0,6.99,56.76,54.34,6,Programming,Free,0,4
2394,23.0,5.0,62.2,74.42,6,Programming,Paid,1,8
2395,21.0,2.71,60.62,79.35,3,Design,Free,0,7
2396,26.0,6.15,48.01,80.67,5,Marketing,Free,0,6
2397,20.0,2.62,52.19,74.73,3,Programming,Free,0,5
2398,39.0,2.52,70.57,65.76,0,Programming,Paid,0,5
2399,18.0,6.34,50.06,73.3,2,Programming,Paid,0,7
2400,26.0,8.77,42.77,74.83,2,Design,Paid,1,9
2401,16.0,3.38,59.39,75.74,6,Design,Free,1,8
2402,29.0,4.86,51.51,71.75,5,Business,Free,0,5
2403,27.0,3.36,55.18,65.45,1,Business,Free,0,5
2404,25.0,7.01,45.14,72.85,0,Marketing,Paid,1,8
2405,20.0,8.3,48.66,54.63,3,Business,Paid,1,7
2406,27.0,4.5,44.65,81.96,3,Programming,Paid,1,8
2407,23.0,2.55,50.01,76.98,5,Design,Free,1,6
2408,26.0,2.63,74.53,44.32,1,Programming,Paid,0,7
2409,41.0,7.69,48.56,81.52,5,Programming,Paid,0,6
2410,28.0,3.04,51.8,75.94,2,Marketing,Paid,0,6
2411,31.0,5.99,59.51,64.69,2,Business,Paid,1,9
2412,24.0,5.75,57.6,61.73,2,Marketing,Free,1,7
2413,22.0,3.24,57.44,67.12,6,Design,Free,0,4
2414,27.0,3.76,51.74,64.68,2,Design,Free,0,6
2415,45.0,6.36,54.95,66.03,3,Design,Free,0,8
2416,25.0,3.52,61.1,92.41,6,Programming,Paid,0,8
2417,30.0,3.37,55.92,76.45,0,Programming,Paid,0,8
2418,21.0,4.56,51.53,98.36,3,Design,Paid,1,8
2419,16.0,7.21,48.12,70.71,4,Programming,Free,1,8
2420,21.0,8.37,49.61,78.58,6,Marketing,Free,0,5
2421,44.0,3.88,60.46,57.43,0,Programming,Free,0,7
2422,31.0,3.68,42.98,69.98,5,Programming,Paid,0,8
2423,38.0,8.18,41.74,74.1,5,Business,Paid,0,6
2424,25.0,2.39,57.73,79.44,2,Programming,Paid,1,6
2425,16.0,4.53,61.34,71.98,5,Marketing,Free,1,6
2426,19.0,3.98,54.12,74.86,3,Business,Free,0,6
2427,30.0,9.07,43.7,75.79,4,Programming,Paid,1,8
2428,29.0,7.6,46.07,67.67,2,Business,Free,1,8
2429,27.0,3.32,67.37,70.54,1,Business,Paid,0,7
2430,23.0,4.37,67.12,63.64,5,Business,Free,1,9
2431,34.0,3.14,50.02,82.91,1,Business,Free,0,5
2432,23.0,3.55,49.41,67.67,1,Business,Free,0,6
2433,29.0,6.69,35.99,81.29,6,Design,Paid,0,9
2434,28.0,3.49,62.8,66.12,6,Programming,Free,0,7
2435,24.0,5.53,48.3,86.69,4,Business,Paid,1,8
2436,21.0,7.8,48.68,55.63,4,Marketing,Paid,0,7
2437,24.0,8.02,47.03,77.03,2,Design,Free,0,7
2438,40.0,5.77,48.5,61.2,4,Business,Paid,0,6
2439,35.0,5.34,54.35,81.91,4,Design,Paid,0,6
2440,34.0,2.46,58.01,69.39,3,Business,Free,1,6
2441,21.0,10.35,39.4,60.98,4,Marketing,Paid,1,8
2442,17.0,5.07,51.43,72.05,3,Programming,Free,1,7
2443,35.0,4.31,53.37,70.69,6,Programming,Free,0,4
2444,33.0,4.21,57.84,71.69,4,Design,Free,1,8
2445,28.0,5.96,56.95,76.95,2,Design,Paid,1,10
2446,24.0,5.74,57.59,75.62,4,Design,Free,0,5
2447,17.0,6.07,48.85,82.14,1,Programming,Free,0,3
2448,33.0,10.46,39.66,74.86,1,Design,Paid,1,9
2449,35.0,4.52,47.2,84.13,5,Design,Free,0,6
2450,22.0,11.16,27.67,77.63,4,Design,Paid,0,7
2451,22.0,8.16,40.7,89.25,0,Business,Paid,0,6
2452,36.0,3.95,52.26,68.41,2,Business,Free,1,6
2453,23.0,1.91,70.82,63.67,6,Business,Free,1,9
2454,39.0,5.27,55.18,62.93,4,Business,Paid,0,7
2455,26.0,8.18,51.77,70.63,6,Business,Free,1,7
2456,24.0,2.86,57.69,66.07,3,Design,Free,0,4
2457,27.0,5.26,42.72,90.45,0,Business,Paid,1,9
2458,24.0,5.46,60.07,61.55,1,Programming,Paid,0,5
2459,35.0,7.75,52.31,63.72,0,Programming,Paid,1,9
2460,33.0,3.41,56.5,79.81,5,Design,Free,0,6
2461,35.0,3.43,50.76,88.95,5,Marketing,Paid,0,9
2462,28.0,6.55,51.26,83.04,3,Business,Paid,0,7
2463,24.0,3.63,56.24,84.7,5,Programming,Paid,1,10
2464,27.0,2.22,45.04,77.2,3,Design,Paid,0,7
2465,24.0,11.6,38.01,71.21,5,Programming,Paid,1,8
2466,37.0,,49.96,93.13,4,Business,Free,1,7
2467,34.0,9.46,31.71,89.59,3,Business,Free,0,5
2468,26.0,6.01,38.22,81.14,4,Design,Free,1,9
2469,21.0,5.51,47.27,85.07,2,Design,Free,1,8
2470,38.0,4.79,55.18,78.3,5,Programming,Free,1,6
2471,28.0,3.73,57.35,61.94,6,Design,Free,0,7
2472,26.0,6.38,57.09,76.08,1,Marketing,Paid,0,8
2473,38.0,3.16,63.5,87.46,4,Business,Free,0,4
2474,23.0,2.51,44.51,81.2,0,Design,Free,1,9
2475,25.0,3.49,56.48,67.24,2,Programming,Free,1,10
2476,25.0,7.25,30.22,86.11,4,Programming,Free,1,6
2477,18.0,2.91,60.81,76.43,1,Programming,Paid,0,6
2478,29.0,2.35,53.78,77.07,1,Programming,Free,0,5
2479,22.0,5.29,50.14,72.49,2,Programming,Free,1,9
2480,23.0,4.21,58.86,82.18,0,Marketing,Paid,1,8
2481,22.0,5.05,42.87,80.13,4,Design,Free,1,7
2482,23.0,6.33,37.34,83.6,0,Programming,Free,0,6
2483,21.0,6.24,31.4,89.16,2,Programming,Paid,1,10
2484,29.0,3.05,69.01,62.59,2,Programming,Free,0,5
2485,26.0,9.03,48.74,78.91,6,Business,Paid,1,8
2486,27.0,7.08,40.91,90.71,6,Design,Paid,1,9
2487,43.0,5.13,45.32,73.55,0,Business,Paid,0,7
2488,26.0,4.02,66.35,56.6,1,Business,Free,0,4
2489,31.0,6.0,71.94,61.1,5,Programming,Paid,1,9
2490,32.0,4.41,55.87,65.76,2,Business,Paid,0,5
2491,27.0,1.95,54.8,67.69,4,Marketing,Free,0,4
2492,29.0,7.1,57.14,70.54,6,Design,Paid,0,4
2493,27.0,5.53,42.92,80.35,1,Programming,Free,0,5
2494,28.0,1.8,58.08,73.59,6,Marketing,Paid,0,8
2495,23.0,5.1,32.94,85.74,0,Marketing,Free,1,6
2496,24.0,8.94,46.57,62.7,1,Design,Free,1,8
2497,27.0,2.44,52.3,70.47,3,Design,Free,0,5
2498,16.0,4.9,61.14,73.25,6,Programming,Paid,1,8
2499,37.0,3.74,47.94,79.92,3,Business,Free,0,6
2500,42.0,8.56,45.94,85.44,0,Design,Free,0,7
2501,28.0,6.72,53.05,61.54,1,Programming,Free,1,10
2502,32.0,3.41,53.17,85.93,5,Business,Paid,0,7
2503,35.0,4.73,63.53,54.84,3,Marketing,Free,0,5
2504,18.0,11.43,36.33,80.58,0,Business,Free,1,8
2505,33.0,3.83,58.12,55.91,3,Programming,Paid,0,9
2506,24.0,4.03,50.59,73.36,2,Programming,Free,1,8
2507,43.0,5.11,52.29,84.36,0,Marketing,Free,0,7
2508,26.0,3.08,43.18,81.82,1,Marketing,Free,0,5
2509,33.0,11.21,53.84,61.61,6,Design,Paid,0,5
2510,26.0,4.1,57.24,70.08,4,Business,Paid,0,9
2511,42.0,2.17,54.79,81.17,0,Design,Free,0,6
2512,23.0,3.2,56.25,80.88,0,Design,Free,0,6
2513,35.0,5.44,49.51,71.31,2,Programming,Free,1,9
2514,31.0,3.54,65.19,45.58,3,Programming,Paid,1,7
2515,30.0,4.65,44.15,82.38,3,Programming,Free,1,8
2516,29.0,5.22,50.62,86.14,4,Business,Free,0,5
2517,22.0,2.94,57.18,73.96,1,Programming,Paid,1,9
2518,16.0,3.15,59.44,70.74,0,Programming,Free,0,6
2519,35.0,4.74,60.81,79.03,4,Design,Free,0,5
2520,24.0,5.56,43.01,85.53,6,Programming,Free,1,10
2521,35.0,3.18,57.38,71.01,1,Programming,Free,0,6
2522,29.0,4.34,45.31,72.09,2,Design,Free,1,8
2523,35.0,4.46,56.69,76.58,4,Programming,Paid,1,10
2524,33.0,5.63,52.7,70.88,1,Business,Free,1,7
2525,16.0,5.12,53.47,72.5,6,Marketing,Free,0,5
2526,31.0,,61.86,50.81,1,Programming,Paid,1,9
2527,25.0,6.29,44.0,81.99,3,Marketing,Paid,1,7
2528,35.0,4.21,64.63,88.8,2,Marketing,Paid,0,6
2529,31.0,6.23,46.35,86.22,4,Business,Paid,1,10
2530,31.0,5.01,52.25,81.46,1,Business,Free,0,8
2531,25.0,11.79,32.58,70.42,0,Business,Free,1,9
2532,21.0,3.49,62.22,72.6,3,Business,Free,0,7
2533,24.0,3.81,51.44,84.11,6,Business,Free,0,6
2534,16.0,3.79,55.49,82.41,4,Programming,Paid,1,8
2535,23.0,3.18,56.18,92.11,5,Marketing,Paid,0,9
2536,17.0,3.3,58.57,67.27,3,Design,Free,0,4
2537,17.0,5.47,51.67,63.53,0,Business,Free,1,9
2538,28.0,7.06,36.7,68.01,2,Programming,Paid,1,8
2539,31.0,4.63,57.65,56.68,6,Programming,Free,0,5
2540,27.0,3.55,56.82,60.79,5,Design,Free,0,6
2541,24.0,3.25,48.45,78.69,4,Design,Free,0,8
2542,20.0,2.68,65.52,78.01,2,Design,Free,1,10
2543,25.0,3.16,64.11,70.95,4,Programming,Free,0,6
2544,21.0,2.83,46.11,76.24,4,Programming,Paid,1,9
2545,27.0,7.47,53.71,59.36,4,Design,Free,0,6
2546,16.0,9.27,42.92,62.24,6,Programming,Free,0,7
2547,32.0,2.12,61.84,73.42,4,Marketing,Paid,0,4
2548,23.0,4.62,51.04,68.58,1,Programming,Free,0,5
2549,30.0,,55.09,54.48,1,Programming,Paid,0,5
2550,33.0,5.57,62.22,60.87,4,Programming,Paid,0,6
2551,29.0,3.11,63.7,69.64,6,Design,Free,1,6
2552,33.0,6.42,55.33,84.58,6,Design,Free,0,4
2553,16.0,6.1,48.02,77.88,4,Business,Paid,1,7
2554,24.0,8.07,32.98,87.23,3,Marketing,Paid,1,8
2555,35.0,3.64,62.83,70.53,5,Programming,Paid,1,9
2556,31.0,2.18,65.91,71.01,6,Business,Free,0,5
2557,40.0,6.16,52.92,77.99,0,Programming,Paid,1,8
2558,39.0,,53.84,69.87,2,Programming,Paid,0,7
2559,29.0,6.52,45.52,67.75,2,Design,Free,0,6
2560,25.0,1.95,69.98,54.12,3,Programming,Paid,1,10
2561,20.0,3.28,54.92,64.42,2,Business,Free,0,7
2562,24.0,3.07,53.33,80.2,2,Business,Free,0,4
2563,24.0,4.36,66.74,88.87,0,Business,Paid,1,8
2564,23.0,4.56,69.55,66.27,0,Design,Free,1,9
2565,21.0,4.85,65.91,51.93,3,Business,Free,0,4
2566,30.0,5.41,44.98,83.27,6,Design,Free,1,8
2567,39.0,7.12,44.51,72.83,2,Programming,Paid,1,7
2568,34.0,3.75,67.9,51.84,1,Programming,Free,0,4
2569,25.0,13.09,55.91,40.78,1,Business,Paid,1,10
2570,34.0,9.46,42.89,66.38,6,Marketing,Paid,1,9
2571,29.0,3.52,57.66,62.44,4,Programming,Free,1,7
2572,27.0,4.77,56.76,66.48,4,Design,Paid,1,8
2573,26.0,4.36,43.16,82.61,1,Business,Paid,1,10
2574,26.0,4.78,49.61,62.06,6,Business,Free,1,7
2575,32.0,3.27,48.41,78.12,1,Design,Paid,0,7
2576,28.0,2.84,53.04,97.11,6,Business,Free,0,7
2577,22.0,1.53,62.96,72.29,6,Business,Free,0,7
2578,22.0,3.39,64.41,71.29,3,Marketing,Free,0,5
2579,29.0,6.55,41.76,66.88,6,Programming,Free,1,6
2580,30.0,3.79,44.73,79.52,6,Marketing,Free,0,4
2581,25.0,3.88,58.11,74.54,4,Programming,Free,0,6
2582,19.0,4.6,53.66,59.96,5,Business,Free,0,8
2583,36.0,2.58,57.45,63.07,4,Programming,Free,0,6
2584,34.0,4.1,66.06,59.99,3,Programming,Free,0,5
2585,16.0,7.57,46.01,68.61,2,Programming,Paid,0,8
2586,36.0,4.66,44.84,92.27,4,Design,Free,1,8
2587,26.0,6.3,48.25,75.41,1,Programming,Free,1,7
2588,28.0,7.16,49.65,67.04,1,Programming,Free,1,7
2589,35.0,5.46,51.84,86.45,1,Design,Free,0,5
2590,39.0,2.94,49.71,75.88,0,Design,Free,1,7
2591,34.0,3.47,62.69,52.98,6,Business,Free,1,9
2592,29.0,9.67,44.21,89.97,1,Marketing,Free,0,5
2593,17.0,5.84,64.3,73.28,5,Business,Paid,0,5
2594,16.0,4.4,57.85,40.93,3,Programming,Free,0,6
2595,33.0,2.75,68.86,48.8,2,Programming,Free,1,6
2596,36.0,4.86,47.25,88.34,1,Marketing,Paid,0,6
2597,21.0,7.0,55.46,53.0,5,Programming,Paid,0,7
2598,25.0,4.08,45.67,87.49,3,Design,Free,0,5
2599,23.0,3.21,61.8,73.35,3,Marketing,Free,1,7
2600,23.0,3.56,58.39,80.0,4,Marketing,Free,0,6
2601,35.0,6.93,64.89,71.43,5,Design,Free,0,5
2602,29.0,5.48,43.15,76.76,4,Business,Free,0,5
2603,25.0,5.16,41.15,77.17,3,Design,Free,0,3
2604,46.0,6.18,62.63,74.58,6,Business,Paid,0,6
2605,17.0,2.98,62.41,59.21,6,Programming,Paid,0,8
2606,31.0,4.58,51.88,72.3,6,Programming,Free,1,9
2607,20.0,6.56,58.84,51.01,0,Business,Free,0,5
2608,26.0,4.51,42.6,83.18,6,Programming,Paid,0,7
2609,28.0,6.3,52.79,73.17,1,Business,Free,1,9
2610,33.0,5.18,52.37,73.57,4,Programming,Free,0,5
2611,25.0,5.89,67.73,45.02,4,Marketing,Free,1,9
2612,24.0,5.19,61.81,62.62,1,Business,Paid,0,7
2613,25.0,6.04,58.22,68.94,0,Design,Free,0,5
2614,19.0,2.1,59.08,78.41,6,Business,Free,1,10
2615,31.0,4.12,70.72,56.69,6,Programming,Free,0,3
2616,29.0,5.59,46.34,99.48,1,Design,Free,1,7
2617,30.0,,53.92,64.84,4,Programming,Free,0,6
2618,27.0,8.3,43.84,65.83,1,Marketing,Paid,0,7
2619,26.0,3.78,53.38,68.94,3,Business,Free,0,8
2620,35.0,3.96,61.54,66.52,2,Marketing,Paid,1,6
2621,34.0,2.42,54.27,64.06,5,Marketing,Paid,0,7
2622,37.0,3.59,53.94,83.12,4,Marketing,Free,0,4
2623,30.0,5.12,47.78,74.16,3,Programming,Free,0,6
2624,36.0,7.14,38.1,81.92,4,Marketing,Paid,1,9
2625,24.0,2.16,48.33,86.77,3,Design,Free,0,7
2626,26.0,6.88,47.12,78.87,0,Design,Free,1,8
2627,35.0,2.62,66.65,63.33,4,Design,Free,0,7
2628,33.0,4.8,47.21,80.5,5,Programming,Paid,0,6
2629,25.0,3.14,51.57,54.48,3,Programming,Free,1,8
2630,20.0,6.12,72.27,66.26,1,Programming,Paid,0,7
2631,26.0,4.23,63.79,67.45,0,Programming,Free,0,8
2632,22.0,5.5,58.11,72.53,2,Design,Free,1,9
2633,39.0,9.3,60.52,53.69,5,Marketing,Free,1,8
2634,32.0,4.85,58.76,60.36,2,Business,Free,0,6
2635,22.0,3.13,56.48,73.77,6,Design,Free,1,9
2636,20.0,4.99,63.4,67.89,2,Design,Free,0,6
2637,22.0,9.73,46.85,85.26,2,Design,Free,0,5
2638,23.0,5.45,52.45,83.57,5,Programming,Free,1,9
2639,26.0,6.21,61.09,58.68,4,Business,Free,0,5
2640,35.0,1.98,54.16,68.72,0,Programming,Free,0,5
2641,20.0,4.83,46.89,88.41,0,Business,Free,0,5
2642,43.0,4.49,64.61,73.52,1,Business,Paid,1,9
2643,20.0,2.99,63.77,69.93,6,Design,Free,1,8
2644,17.0,4.01,43.87,81.53,0,Marketing,Free,0,5
2645,39.0,4.26,54.79,64.71,0,Programming,Free,1,6
2646,36.0,3.06,62.47,85.84,5,Marketing,Free,0,8
2647,26.0,5.52,56.63,68.46,4,Business,Paid,1,10
2648,30.0,3.75,59.82,65.78,6,Business,Free,0,6
2649,30.0,5.56,51.15,79.69,1,Business,Free,1,9
2650,28.0,4.49,53.87,73.56,4,Marketing,Free,0,5
2651,18.0,4.8,50.52,73.64,0,Marketing,Free,0,5
2652,16.0,7.88,47.04,58.91,4,Design,Paid,1,9
2653,21.0,6.51,56.85,71.11,0,Business,Paid,0,8
2654,40.0,4.04,54.36,80.5,6,Business,Free,0,4
2655,40.0,1.59,67.59,66.16,2,Design,Free,0,4
2656,25.0,5.11,54.09,79.86,1,Marketing,Free,1,7
2657,20.0,2.69,65.7,76.68,6,Design,Free,0,7
2658,29.0,3.9,58.95,72.0,0,Design,Free,1,8
2659,30.0,4.79,54.9,84.29,5,Programming,Free,1,7
2660,31.0,7.39,52.37,63.92,3,Programming,Free,1,7
2661,16.0,9.29,39.5,69.66,4,Marketing,Free,0,5
2662,49.0,2.68,57.59,71.89,1,Design,Free,1,6
2663,35.0,2.8,59.8,78.81,6,Design,Paid,1,10
2664,26.0,5.87,52.73,81.2,3,Programming,Paid,1,9
2665,22.0,4.52,68.02,59.27,2,Design,Free,1,9
2666,34.0,2.95,51.16,84.55,3,Business,Paid,0,5
2667,30.0,4.03,56.86,73.22,2,Marketing,Free,0,6
2668,28.0,6.63,47.11,78.65,2,Programming,Paid,1,7
2669,30.0,2.33,60.35,97.92,0,Design,Free,1,10
2670,26.0,3.24,59.62,72.88,3,Design,Paid,0,4
2671,30.0,3.03,65.57,57.53,3,Business,Free,0,8
2672,32.0,3.69,55.09,75.94,2,Design,Free,1,8
2673,29.0,6.93,44.87,81.52,6,Design,Paid,1,9
2674,29.0,3.5,44.66,82.72,0,Design,Free,0,6
2675,37.0,4.16,49.26,68.62,6,Design,Free,0,4
2676,16.0,13.93,36.03,69.7,6,Design,Paid,1,10
2677,21.0,3.3,61.13,62.67,0,Design,Paid,1,10
2678,27.0,3.78,61.8,59.96,4,Business,Paid,0,6
2679,22.0,6.88,55.87,70.42,1,Business,Paid,1,9
2680,24.0,7.91,48.45,70.6,0,Programming,Paid,0,9
2681,36.0,4.89,44.35,93.72,6,Business,Free,1,9
2682,26.0,9.15,49.45,54.73,0,Marketing,Free,1,7
2683,16.0,5.85,51.99,76.02,2,Programming,Paid,0,7
2684,24.0,2.08,58.38,70.74,0,Design,Paid,0,6
2685,27.0,4.24,62.32,70.67,0,Programming,Free,1,7
2686,27.0,3.14,60.31,64.91,0,Business,Free,0,6
2687,31.0,9.45,41.17,84.42,5,Programming,Paid,0,5
2688,30.0,6.26,42.52,82.32,0,Business,Free,0,6
2689,26.0,1.98,68.71,66.64,5,Programming,Free,0,6
2690,19.0,9.31,45.82,92.39,1,Design,Paid,0,9
2691,24.0,6.19,40.04,80.48,6,Marketing,Free,1,9
2692,23.0,3.5,53.93,87.93,5,Design,Free,1,6
2693,25.0,3.91,55.53,72.05,4,Marketing,Free,1,6
2694,32.0,7.59,46.13,82.49,5,Marketing,Free,1,10
2695,30.0,2.09,64.16,68.43,2,Marketing,Paid,0,6
2696,33.0,4.96,45.53,57.56,5,Programming,Free,1,6
2697,24.0,6.63,46.73,94.98,1,Business,Free,1,7
2698,38.0,3.9,68.85,54.97,4,Programming,Free,1,9
2699,32.0,,61.03,69.64,6,Design,Free,0,6
2700,28.0,4.25,56.58,52.57,5,Marketing,Free,0,6
2701,31.0,2.85,61.95,61.7,1,Business,Free,0,5
2702,22.0,2.82,58.14,64.06,5,Design,Free,0,4
2703,16.0,5.59,42.66,67.3,6,Design,Free,0,3
2704,23.0,3.05,53.56,74.3,6,Business,Free,0,5
2705,32.0,2.04,52.07,76.95,5,Business,Free,0,6
2706,28.0,4.28,60.22,63.93,5,Design,Free,0,4
2707,26.0,3.22,50.65,64.21,5,Marketing,Free,1,9
2708,21.0,2.36,50.58,81.0,5,Programming,Free,0,5
2709,16.0,4.19,46.7,88.46,0,Programming,Free,0,4
2710,37.0,5.73,52.33,84.82,5,Business,Free,1,8
2711,26.0,5.12,74.68,59.21,1,Marketing,Paid,1,10
2712,24.0,2.51,57.5,82.27,3,Programming,Free,1,10
2713,22.0,6.3,36.96,94.24,2,Programming,Paid,0,5
2714,36.0,8.08,50.07,51.65,1,Programming,Paid,0,8
2715,33.0,10.98,40.44,83.87,1,Marketing,Free,0,6
2716,20.0,7.76,40.11,70.7,0,Programming,Free,0,5
2717,35.0,2.58,66.15,70.73,3,Design,Free,1,9
2718,26.0,5.97,52.74,73.61,2,Marketing,Free,0,7
2719,23.0,4.55,53.58,73.32,2,Programming,Free,1,6
2720,25.0,2.41,44.64,85.58,0,Design,Free,0,5
2721,22.0,5.76,51.68,89.06,4,Design,Paid,1,8
2722,18.0,9.62,45.22,54.42,1,Business,Free,0,6
2723,32.0,8.68,49.35,64.22,5,Programming,Paid,1,10
2724,25.0,3.21,54.37,78.94,0,Design,Paid,1,9
2725,31.0,4.08,41.12,86.87,0,Programming,Free,0,5
2726,29.0,6.32,58.96,45.0,2,Business,Paid,1,9
2727,31.0,2.33,53.71,68.28,2,Business,Paid,0,6
2728,16.0,1.89,64.55,49.67,6,Programming,Free,0,3
2729,21.0,4.35,61.92,60.31,3,Design,Free,0,6
2730,31.0,4.37,55.6,82.85,2,Marketing,Free,1,9
2731,18.0,1.77,64.43,61.62,5,Programming,Free,1,9
2732,30.0,4.83,60.07,40.0,1,Programming,Free,0,4
2733,17.0,6.61,46.23,72.42,6,Design,Free,0,6
2734,27.0,3.68,45.56,92.43,2,Programming,Free,0,8
2735,38.0,5.21,48.1,50.32,2,Programming,Paid,1,10
2736,32.0,5.24,51.15,79.33,2,Design,Free,0,6
2737,16.0,4.94,38.75,86.81,0,Programming,Free,0,7
2738,33.0,1.91,60.53,73.51,4,Design,Free,0,4
2739,40.0,3.37,40.16,96.21,4,Business,Paid,1,8
2740,47.0,3.39,51.71,67.4,4,Design,Free,0,7
2741,30.0,2.75,58.09,85.35,4,Programming,Free,0,3
2742,17.0,9.81,37.35,89.2,0,Marketing,Paid,1,9
2743,30.0,5.4,43.15,67.61,6,Programming,Free,1,10
2744,38.0,3.08,59.35,58.64,3,Business,Paid,0,7
2745,26.0,3.68,63.88,55.98,4,Programming,Free,0,6
2746,34.0,6.74,55.63,45.21,0,Business,Free,1,7
2747,21.0,3.79,51.91,79.13,5,Programming,Paid,0,6
2748,30.0,7.44,47.9,77.69,4,Programming,Paid,0,9
2749,16.0,9.45,41.9,78.79,2,Design,Paid,0,8
2750,20.0,7.01,45.34,66.53,6,Programming,Free,1,9
2751,27.0,5.5,47.13,88.29,4,Programming,Paid,0,7
2752,24.0,7.12,46.61,74.28,6,Business,Free,0,5
2753,18.0,4.01,67.41,68.9,5,Business,Paid,1,10
2754,24.0,15.51,29.44,73.77,1,Programming,Paid,1,8
2755,29.0,4.52,47.97,94.0,6,Marketing,Free,0,6
2756,26.0,6.79,49.38,77.84,5,Business,Free,1,9
2757,27.0,3.45,56.53,68.41,1,Marketing,Free,1,8
2758,32.0,5.08,49.83,70.51,5,Business,Free,0,7
2759,25.0,5.18,54.73,76.1,3,Business,Free,0,4
2760,37.0,2.67,62.51,69.79,6,Design,Free,1,8
2761,20.0,2.63,73.82,65.4,1,Business,Free,0,8
2762,40.0,3.7,60.98,72.38,1,Marketing,Free,0,7
2763,35.0,6.67,49.7,86.23,2,Programming,Free,0,6
2764,25.0,2.22,60.9,81.49,3,Programming,Paid,0,8
2765,25.0,3.44,56.21,63.09,4,Programming,Free,1,8
2766,28.0,7.31,37.8,81.62,1,Marketing,Free,0,7
2767,31.0,2.91,50.24,78.09,4,Design,Paid,0,8
2768,35.0,8.91,46.95,78.79,0,Business,Paid,1,8
2769,18.0,2.44,66.86,75.16,2,Marketing,Free,1,8
2770,30.0,2.68,70.89,50.34,4,Marketing,Free,0,6
2771,16.0,3.8,69.64,31.43,1,Programming,Free,1,8
2772,26.0,11.78,47.02,77.49,3,Business,Paid,1,9
2773,37.0,3.8,55.34,67.54,4,Marketing,Paid,1,9
2774,17.0,2.32,59.69,52.33,1,Programming,Paid,0,7
2775,16.0,2.7,62.49,65.96,6,Business,Paid,1,8
2776,29.0,6.17,56.49,79.1,5,Programming,Free,0,5
2777,37.0,2.2,53.87,74.94,6,Business,Free,0,5
2778,29.0,8.65,30.74,85.72,3,Design,Paid,1,9
2779,16.0,5.23,51.62,77.44,2,Programming,Paid,0,6
2780,16.0,4.0,65.89,56.97,6,Programming,Free,0,7
2781,28.0,4.64,34.94,77.32,5,Programming,Free,0,5
2782,19.0,2.83,63.38,75.03,5,Programming,Free,0,4
2783,28.0,5.39,44.14,73.71,1,Business,Paid,0,9
2784,28.0,2.37,65.09,68.71,6,Programming,Free,0,5
2785,24.0,9.3,29.03,81.51,3,Programming,Paid,1,10
2786,40.0,2.55,53.57,62.76,5,Business,Free,0,6
2787,31.0,4.94,53.8,82.97,5,Business,Free,1,7
2788,35.0,3.18,61.02,83.65,0,Design,Paid,0,6
2789,33.0,3.19,57.55,72.52,0,Marketing,Free,0,5
2790,26.0,4.28,62.3,93.31,0,Design,Paid,1,10
2791,26.0,19.39,19.94,60.76,4,Business,Paid,1,8
2792,25.0,5.04,49.43,66.48,6,Programming,Paid,1,8
2793,32.0,2.8,59.8,63.5,0,Business,Free,0,5
2794,22.0,4.15,50.68,80.26,0,Marketing,Paid,0,8
2795,39.0,2.06,57.45,84.92,3,Marketing,Free,0,5
2796,22.0,3.77,54.79,64.17,2,Design,Free,1,7
2797,29.0,9.33,37.88,100.0,0,Business,Free,0,5
2798,25.0,4.72,61.86,60.05,4,Programming,Free,0,6
2799,24.0,6.09,60.04,74.97,6,Business,Free,0,3
2800,42.0,2.69,56.28,71.03,1,Business,Free,0,7
2801,24.0,3.7,58.34,72.98,0,Marketing,Free,0,6
2802,25.0,4.44,60.74,66.08,1,Design,Free,1,8
2803,22.0,2.93,55.23,80.81,1,Programming,Free,0,6
2804,27.0,4.85,55.15,65.46,3,Design,Free,1,7
2805,26.0,6.69,45.13,50.77,0,Programming,Paid,1,7
2806,19.0,5.18,60.02,54.54,2,Programming,Free,1,7
2807,24.0,3.79,55.37,85.34,0,Programming,Free,1,6
2808,31.0,8.28,40.37,88.76,4,Business,Paid,1,9
2809,34.0,4.51,58.62,47.91,3,Programming,Paid,0,6
2810,27.0,4.33,41.78,81.76,0,Programming,Paid,0,5
2811,27.0,9.7,54.5,48.22,0,Programming,Paid,1,8
2812,24.0,3.08,56.75,76.21,3,Marketing,Paid,1,10
2813,23.0,1.88,74.01,57.71,4,Business,Free,0,7
2814,21.0,3.43,44.82,82.69,1,Programming,Paid,0,5
2815,16.0,6.03,46.38,78.66,2,Programming,Paid,0,9
2816,22.0,7.23,36.84,83.8,4,Design,Free,1,7
2817,33.0,3.77,63.9,68.46,3,Programming,Paid,1,7
2818,24.0,11.47,45.57,76.09,0,Design,Paid,0,9
2819,25.0,5.13,68.2,63.01,2,Design,Paid,0,5
2820,24.0,4.81,59.56,65.68,1,Marketing,Paid,1,10
2821,36.0,2.77,60.86,79.38,6,Programming,Free,1,7
2822,21.0,9.76,44.88,75.04,5,Business,Free,1,8
2823,29.0,3.79,60.86,69.25,2,Programming,Free,1,6
2824,27.0,2.78,52.77,89.75,1,Marketing,Paid,0,8
2825,27.0,15.32,38.01,62.85,0,Marketing,Paid,0,8
2826,29.0,6.05,60.51,82.92,5,Business,Paid,1,8
2827,27.0,7.26,52.17,66.21,6,Design,Paid,0,6
2828,33.0,10.8,34.98,89.73,1,Programming,Paid,1,10
2829,27.0,5.35,52.47,76.99,4,Business,Free,1,7
2830,39.0,7.86,41.85,85.61,1,Business,Paid,1,10
2831,27.0,4.16,61.47,59.58,6,Programming,Free,1,8
2832,16.0,5.64,42.96,95.82,2,Design,Free,0,5
2833,31.0,3.99,55.19,93.99,0,Design,Free,1,6
2834,30.0,4.02,60.91,75.73,6,Business,Free,1,6
2835,27.0,4.28,64.2,83.93,6,Business,Free,0,6
2836,25.0,3.39,58.71,67.68,2,Business,Free,0,6
2837,16.0,5.09,60.57,57.05,6,Business,Free,1,9
2838,16.0,6.35,48.97,81.55,1,Programming,Paid,1,8
2839,39.0,5.86,58.37,56.97,1,Programming,Free,1,6
2840,23.0,6.76,51.21,87.72,3,Programming,Paid,1,8
2841,34.0,9.97,29.43,82.53,4,Business,Free,0,8
2842,16.0,6.51,51.72,76.35,2,Design,Free,0,4
2843,20.0,,67.33,75.79,5,Design,Free,1,8
2844,32.0,4.97,59.29,79.87,5,Programming,Free,0,3
2845,26.0,9.57,50.09,75.29,0,Programming,Paid,1,8
2846,31.0,2.64,64.76,69.96,6,Design,Free,0,5
2847,27.0,12.55,39.97,53.83,1,Programming,Paid,1,9
2848,26.0,2.86,51.38,79.51,3,Programming,Free,1,8
2849,22.0,7.6,41.17,79.03,2,Business,Paid,1,7
2850,19.0,5.08,36.99,100.0,3,Programming,Paid,1,8
2851,37.0,3.96,61.4,73.04,0,Design,Free,1,8
2852,38.0,2.26,66.88,77.02,2,Design,Free,0,4
2853,20.0,6.1,53.08,74.58,0,Business,Free,0,5
2854,19.0,2.27,63.3,75.81,6,Programming,Free,0,7
2855,25.0,2.12,65.97,60.36,1,Business,Free,1,7
2856,29.0,6.83,53.3,71.69,3,Marketing,Free,1,8
2857,26.0,11.34,22.91,84.1,1,Business,Paid,1,9
2858,30.0,3.75,57.5,74.67,1,Design,Paid,1,7
2859,27.0,6.37,45.54,79.69,2,Business,Free,1,8
2860,26.0,5.8,50.76,74.97,6,Design,Free,0,6
2861,44.0,3.89,55.49,78.02,3,Design,Free,0,8
2862,23.0,7.4,39.5,85.51,6,Design,Free,0,5
2863,38.0,4.71,48.94,69.27,5,Programming,Paid,1,9
2864,37.0,5.12,56.56,50.58,3,Programming,Free,0,6
2865,31.0,2.31,51.26,71.34,6,Design,Free,0,7
2866,16.0,2.35,57.57,58.09,2,Programming,Free,0,5
2867,27.0,6.86,50.34,52.74,3,Design,Free,0,5
2868,23.0,5.2,44.42,72.93,4,Design,Free,0,7
2869,27.0,3.8,58.71,74.59,4,Marketing,Free,1,9
2870,20.0,9.57,35.46,80.25,5,Programming,Free,0,7
2871,32.0,9.52,37.41,58.47,1,Business,Free,0,7
2872,34.0,6.18,46.38,78.89,3,Design,Paid,0,7
2873,35.0,2.11,50.14,81.54,4,Programming,Free,0,6
2874,24.0,4.82,65.37,65.1,2,Programming,Paid,1,8
2875,20.0,2.79,58.61,74.43,6,Programming,Free,0,5
2876,29.0,,41.38,87.17,2,Programming,Free,1,8
2877,39.0,3.33,68.71,49.65,2,Programming,Paid,1,10
2878,27.0,2.96,55.74,80.73,2,Design,Paid,1,9
2879,30.0,1.46,55.39,85.63,4,Design,Free,1,8
2880,25.0,4.37,67.51,63.79,0,Programming,Free,1,7
2881,23.0,1.8,49.16,88.64,1,Programming,Paid,1,10
2882,32.0,4.39,58.69,79.61,5,Programming,Paid,1,8
2883,26.0,5.54,43.26,91.69,1,Design,Free,0,6
2884,30.0,2.93,57.2,74.99,0,Programming,Free,0,7
2885,31.0,2.49,47.64,92.53,1,Design,Free,0,7
2886,29.0,3.93,52.18,71.6,2,Programming,Free,0,5
2887,31.0,2.79,63.19,51.59,0,Programming,Free,1,6
2888,21.0,4.41,45.84,65.87,5,Marketing,Free,1,8
2889,21.0,3.18,55.61,84.22,0,Programming,Paid,1,8
2890,27.0,3.87,54.18,79.98,2,Programming,Free,0,4
2891,27.0,4.34,47.57,68.27,1,Programming,Paid,1,8
2892,23.0,5.04,49.46,95.45,2,Marketing,Paid,1,6
2893,29.0,10.58,50.58,71.11,0,Business,Paid,0,8
2894,33.0,,49.62,76.08,6,Business,Free,0,7
2895,35.0,5.09,47.12,77.06,6,Marketing,Free,0,7
2896,37.0,3.06,71.74,52.03,0,Programming,Free,0,6
2897,18.0,4.48,57.59,71.34,1,Marketing,Free,0,5
2898,19.0,3.58,47.51,96.56,6,Programming,Free,1,9
2899,25.0,4.11,64.54,60.86,2,Business,Free,1,7
2900,28.0,5.43,51.61,80.25,0,Design,Free,0,4
2901,25.0,3.24,69.58,62.46,0,Design,Free,0,5
2902,23.0,4.24,57.22,66.71,2,Marketing,Paid,0,7
2903,25.0,4.07,64.34,55.03,3,Programming,Paid,0,5
2904,30.0,3.23,60.65,82.38,4,Marketing,Free,0,4
2905,18.0,5.48,41.72,61.54,1,Programming,Paid,1,8
2906,43.0,,59.51,84.94,2,Business,Free,0,6
2907,27.0,7.96,46.04,66.92,1,Marketing,Free,0,5
2908,34.0,16.92,30.04,73.54,3,Programming,Paid,1,10
2909,23.0,3.14,66.19,76.82,2,Marketing,Free,1,8
2910,31.0,4.63,57.74,57.83,1,Design,Free,0,6
2911,28.0,6.47,47.4,73.24,5,Business,Free,0,4
2912,33.0,3.6,56.48,72.2,3,Programming,Free,0,6
2913,26.0,2.59,45.7,85.4,3,Design,Free,0,5
2914,38.0,8.87,62.52,60.45,0,Business,Free,0,5
2915,17.0,5.52,54.56,65.83,0,Design,Free,1,10
2916,34.0,4.68,63.01,75.91,5,Programming,Free,0,5
2917,28.0,7.79,41.13,84.95,6,Programming,Free,0,4
2918,20.0,5.74,54.38,66.28,4,Marketing,Free,0,4
2919,41.0,4.96,64.74,57.18,0,Programming,Paid,1,9
2920,40.0,3.27,51.16,71.52,3,Business,Paid,0,7
2921,16.0,3.25,60.58,61.86,1,Marketing,Free,1,8
2922,28.0,8.72,49.39,76.77,0,Programming,Paid,1,7
2923,32.0,5.51,57.34,55.04,0,Programming,Free,1,10
2924,30.0,3.73,50.3,81.7,3,Business,Free,1,10
2925,38.0,8.98,52.24,70.55,2,Programming,Free,0,6
2926,36.0,3.78,60.68,84.04,3,Design,Free,1,6
2927,29.0,7.91,65.04,48.34,4,Business,Paid,0,8
2928,43.0,5.6,52.48,60.42,1,Design,Paid,0,8
2929,34.0,9.68,36.0,83.51,2,Programming,Free,0,6
2930,25.0,5.69,52.57,63.09,4,Business,Free,0,7
2931,23.0,4.14,64.43,59.34,1,Design,Free,1,7
2932,36.0,3.74,51.64,65.57,0,Programming,Free,0,4
2933,21.0,4.03,47.54,76.42,5,Design,Free,0,6
2934,24.0,3.66,51.47,74.84,1,Marketing,Paid,0,5
2935,25.0,2.74,50.29,80.15,0,Business,Paid,0,5
2936,29.0,5.82,54.04,81.33,5,Design,Paid,1,10
2937,26.0,3.19,62.91,71.36,3,Programming,Free,1,8
2938,18.0,3.19,50.63,84.18,1,Programming,Free,0,4
2939,35.0,3.9,56.52,67.83,5,Programming,Free,0,5
2940,24.0,5.19,38.33,71.48,1,Programming,Paid,0,5
2941,41.0,4.07,49.98,80.93,4,Marketing,Free,0,5
2942,29.0,8.87,51.83,74.63,4,Programming,Free,1,7
2943,36.0,5.46,53.54,61.07,5,Business,Free,0,7
2944,31.0,13.09,29.84,70.89,5,Programming,Paid,1,9
2945,36.0,4.16,62.06,77.26,4,Programming,Paid,1,9
2946,31.0,7.21,42.21,72.13,0,Design,Paid,0,6
2947,29.0,3.41,70.24,61.53,6,Programming,Free,1,6
2948,35.0,3.94,77.77,59.69,0,Business,Paid,0,6
2949,44.0,10.65,51.13,42.23,1,Marketing,Free,1,8
2950,25.0,2.87,67.15,68.57,3,Marketing,Free,1,8
2951,33.0,1.49,52.37,69.53,2,Programming,Free,1,9
2952,27.0,2.95,52.6,58.95,4,Business,Free,0,6
2953,31.0,1.64,52.03,84.53,0,Programming,Free,1,10
2954,27.0,3.3,64.75,65.51,3,Marketing,Paid,0,5
2955,16.0,2.76,54.84,83.13,2,Design,Free,0,6
2956,26.0,4.12,54.26,73.02,4,Programming,Free,1,8
2957,34.0,2.02,43.47,98.12,3,Programming,Paid,0,6
2958,22.0,8.68,42.67,78.48,5,Programming,Paid,1,8
2959,33.0,1.74,64.59,50.64,1,Programming,Free,0,6
2960,28.0,3.83,46.79,83.57,6,Marketing,Free,0,6
2961,26.0,3.5,44.87,89.67,2,Business,Free,0,5
2962,33.0,5.88,59.35,53.89,2,Marketing,Free,0,3
2963,32.0,5.94,44.73,79.67,3,Programming,Paid,0,6
2964,30.0,6.92,45.83,82.6,1,Design,Free,1,7
2965,34.0,3.45,48.89,65.45,5,Programming,Free,0,6
2966,28.0,3.29,68.36,49.78,1,Design,Free,1,6
2967,16.0,4.88,58.15,64.45,6,Programming,Free,0,5
2968,24.0,6.44,53.08,61.03,1,Programming,Free,0,3
2969,16.0,7.35,42.14,93.3,6,Design,Paid,0,5
2970,32.0,4.69,61.86,66.94,2,Programming,Free,0,5
2971,33.0,5.63,43.06,73.88,4,Design,Paid,1,9
2972,34.0,3.99,59.03,64.55,6,Business,Free,1,7
2973,30.0,6.1,42.18,75.91,0,Programming,Paid,0,7
2974,34.0,10.13,42.65,73.1,2,Marketing,Free,0,4
2975,16.0,3.64,57.3,66.1,6,Design,Free,1,8
2976,26.0,3.44,56.42,73.9,1,Business,Free,0,5
2977,17.0,3.33,65.06,64.87,0,Business,Free,0,4
2978,24.0,,65.35,46.49,3,Business,Paid,1,9
2979,38.0,,63.41,82.35,0,Business,Paid,1,6
2980,35.0,3.82,51.74,78.52,6,Marketing,Free,0,5
2981,32.0,6.03,55.33,73.2,6,Business,Free,1,9
2982,26.0,3.2,64.06,62.69,1,Programming,Free,0,3
2983,20.0,4.41,54.57,67.14,1,Programming,Free,1,9
2984,28.0,13.1,32.48,84.01,5,Business,Paid,1,8
2985,35.0,4.71,57.7,60.42,3,Programming,Free,1,7
2986,30.0,1.85,65.49,82.32,5,Programming,Paid,0,8
2987,16.0,2.15,72.53,50.3,6,Programming,Free,1,7
2988,28.0,4.53,50.13,79.68,2,Design,Paid,1,10
2989,16.0,2.82,57.45,68.31,1,Programming,Free,0,5
2990,33.0,4.25,57.69,82.03,4,Business,Free,0,6
2991,22.0,4.44,65.56,64.89,4,Business,Paid,0,7
2992,18.0,6.85,55.09,62.09,3,Business,Free,1,8
2993,33.0,2.48,70.55,51.27,2,Programming,Free,1,8
2994,31.0,3.69,65.79,68.33,1,Design,Free,1,7
2995,29.0,4.47,52.32,76.55,3,Design,Free,1,6
2996,42.0,5.91,56.49,60.02,2,Design,Paid,1,7
2997,31.0,5.42,56.45,70.13,3,Business,Paid,1,10
2998,22.0,1.37,58.05,75.33,0,Programming,Free,0,8
2999,31.0,5.26,62.23,75.42,6,Marketing,Paid,1,9
3000,25.0,3.79,54.92,68.9,4,Programming,Free,0,3
3001,36.0,7.48,53.46,58.43,6,Business,Paid,0,5
3002,29.0,5.61,63.61,73.0,5,Design,Free,0,5
3003,30.0,4.52,44.97,68.34,4,Programming,Free,0,5
3004,17.0,4.67,56.8,69.2,2,Business,Free,1,7
3005,27.0,7.45,45.21,69.83,4,Programming,Free,0,6
3006,27.0,8.51,46.22,71.6,3,Business,Paid,1,9
3007,20.0,4.59,48.36,69.44,6,Design,Free,0,7
3008,25.0,,44.91,55.52,1,Programming,Free,0,5
3009,30.0,3.82,52.45,83.69,0,Programming,Paid,0,7
3010,27.0,2.38,66.07,57.51,0,Business,Free,0,6
3011,17.0,4.04,62.02,69.9,1,Programming,Free,1,9
3012,25.0,4.28,33.2,95.54,4,Marketing,Paid,1,8
3013,24.0,1.67,55.08,87.12,1,Business,Paid,1,9
3014,28.0,3.02,55.5,76.6,0,Business,Free,1,8
3015,28.0,5.92,50.34,75.0,2,Programming,Paid,1,9
3016,24.0,4.94,53.57,73.59,5,Business,Paid,0,7
3017,24.0,3.57,53.7,67.04,2,Marketing,Paid,1,10
3018,27.0,4.13,48.9,64.95,1,Programming,Free,0,4
3019,34.0,5.36,51.9,78.9,1,Programming,Paid,0,5
3020,29.0,6.99,41.82,76.68,5,Programming,Paid,0,6
3021,37.0,3.04,57.07,81.89,3,Design,Free,0,5
3022,35.0,7.51,36.91,88.42,2,Business,Paid,1,9
3023,37.0,3.1,60.59,76.42,5,Design,Paid,0,6
3024,37.0,3.23,56.0,75.92,2,Design,Free,0,7
3025,38.0,10.89,48.91,49.21,2,Programming,Paid,0,6
3026,19.0,2.56,49.62,95.07,5,Programming,Free,0,6
3027,32.0,3.77,55.81,67.03,2,Programming,Paid,0,5
3028,36.0,2.88,53.1,83.34,3,Marketing,Paid,0,9
3029,37.0,2.79,67.7,66.44,4,Business,Free,1,8
3030,22.0,4.32,49.33,62.75,1,Programming,Free,1,10
3031,32.0,5.57,49.92,68.39,0,Business,Free,1,7
3032,28.0,5.03,65.3,57.06,5,Programming,Paid,0,7
3033,40.0,3.5,73.83,38.24,2,Programming,Free,1,7
3034,17.0,2.9,61.61,85.92,2,Programming,Paid,0,9
3035,22.0,2.92,55.84,78.23,4,Marketing,Free,0,7
3036,16.0,2.02,56.32,60.93,0,Business,Free,0,6
3037,28.0,7.06,39.83,79.97,0,Business,Paid,0,6
3038,43.0,5.83,48.12,77.89,2,Programming,Free,0,8
3039,27.0,3.98,64.92,59.68,6,Programming,Free,0,8
3040,28.0,4.95,51.15,75.53,4,Business,Free,0,5
3041,31.0,6.02,46.74,80.08,4,Programming,Free,1,8
3042,26.0,4.24,62.96,57.4,4,Marketing,Free,0,6
3043,30.0,7.59,46.56,76.87,6,Business,Free,0,3
3044,30.0,2.56,54.55,77.64,5,Design,Free,0,7
3045,21.0,,44.27,91.68,0,Business,Free,0,7
3046,26.0,3.29,61.02,78.35,3,Marketing,Free,0,5
3047,32.0,5.43,59.88,69.89,3,Design,Free,0,3
3048,34.0,2.13,55.26,67.75,1,Business,Free,0,6
3049,36.0,9.73,31.97,97.75,6,Marketing,Paid,0,6
3050,29.0,5.22,60.21,63.74,1,Programming,Free,0,4
3051,29.0,8.91,36.04,78.65,5,Marketing,Free,0,6
3052,32.0,3.98,60.64,65.14,0,Programming,Free,1,9
3053,23.0,3.96,48.92,86.89,4,Business,Paid,1,9
3054,23.0,6.81,37.11,87.44,5,Business,Paid,0,8
3055,26.0,8.06,56.77,74.75,3,Business,Paid,0,7
3056,18.0,3.68,53.98,73.93,0,Design,Paid,0,5
3057,30.0,1.65,66.32,66.26,0,Business,Free,0,5
3058,34.0,2.23,60.42,51.27,4,Programming,Paid,0,7
3059,22.0,4.56,65.06,69.21,6,Programming,Free,0,5
3060,30.0,10.14,53.84,72.96,4,Programming,Paid,1,10
3061,23.0,2.82,50.34,69.84,0,Design,Paid,0,6
3062,20.0,4.48,58.28,59.65,5,Design,Paid,0,7
3063,41.0,3.47,65.67,70.48,3,Programming,Free,0,6
3064,20.0,12.03,32.73,79.99,0,Marketing,Paid,1,9
3065,18.0,11.21,42.33,72.74,2,Programming,Free,0,6
3066,29.0,4.91,46.68,64.1,1,Design,Free,1,5
3067,29.0,6.07,44.63,77.97,6,Design,Free,0,4
3068,32.0,6.0,55.58,65.86,6,Programming,Free,0,5
3069,41.0,2.85,50.61,84.51,0,Business,Paid,0,8
3070,22.0,5.55,53.14,64.25,4,Design,Free,0,4
3071,23.0,2.56,46.64,81.8,0,Programming,Free,0,6
3072,38.0,3.75,54.75,88.35,3,Marketing,Free,1,9
3073,34.0,8.47,36.63,76.28,1,Business,Paid,1,9
3074,33.0,5.26,59.87,79.44,5,Business,Paid,1,9
3075,23.0,,37.92,84.73,0,Marketing,Paid,1,8
3076,35.0,7.28,57.18,61.73,6,Marketing,Free,1,7
3077,33.0,2.3,66.0,66.16,1,Programming,Paid,0,8
3078,28.0,1.9,52.95,77.03,1,Business,Paid,1,8
3079,23.0,6.84,38.84,93.3,6,Business,Free,1,6
3080,28.0,6.97,53.14,53.65,6,Programming,Free,0,6
3081,39.0,4.55,46.97,87.65,0,Programming,Free,0,8
3082,19.0,4.84,48.58,65.68,0,Programming,Free,1,7
3083,21.0,6.06,55.15,70.62,5,Business,Free,0,7
3084,23.0,6.01,43.11,84.4,6,Business,Free,1,9
3085,24.0,3.54,48.89,93.24,3,Business,Free,1,7
3086,27.0,6.23,56.76,73.07,1,Programming,Free,1,7
3087,34.0,3.47,57.1,81.98,1,Programming,Free,1,7
3088,30.0,5.66,49.74,68.8,1,Design,Paid,1,9
3089,27.0,4.44,62.43,68.71,4,Design,Free,0,5
3090,29.0,2.75,67.54,58.3,0,Marketing,Free,0,7
3091,31.0,3.63,52.9,71.09,4,Marketing,Paid,1,10
3092,16.0,11.08,35.09,78.43,5,Marketing,Free,1,6
3093,35.0,2.71,63.89,74.73,1,Marketing,Free,1,6
3094,21.0,4.79,52.41,90.63,6,Marketing,Free,0,7
3095,24.0,5.26,36.32,94.55,6,Design,Free,1,8
3096,29.0,3.96,52.03,66.36,2,Programming,Free,0,5
3097,26.0,5.49,61.15,59.84,0,Programming,Free,0,6
3098,30.0,4.7,42.65,85.6,2,Design,Free,1,9
3099,28.0,2.74,59.69,83.17,1,Programming,Free,1,7
3100,25.0,6.45,60.37,77.29,1,Programming,Paid,0,4
3101,38.0,3.17,57.3,79.91,6,Marketing,Free,0,6
3102,32.0,8.88,38.82,74.59,1,Programming,Free,0,5
3103,29.0,4.92,58.49,62.12,2,Marketing,Free,1,8
3104,32.0,3.7,66.51,61.6,5,Business,Paid,1,9
3105,22.0,5.91,51.54,74.44,0,Business,Paid,1,8
3106,42.0,3.34,60.08,72.79,0,Business,Paid,1,10
3107,19.0,4.55,50.23,71.32,2,Programming,Free,0,6
3108,28.0,,53.26,69.56,6,Business,Free,1,7
3109,25.0,3.49,69.71,51.56,5,Programming,Paid,1,9
3110,25.0,2.78,62.0,50.32,6,Marketing,Free,1,8
3111,24.0,15.16,12.83,80.85,6,Programming,Paid,0,6
3112,22.0,4.23,57.84,60.05,0,Programming,Free,0,8
3113,35.0,,60.58,68.45,2,Business,Free,1,6
3114,19.0,3.09,66.85,64.86,3,Business,Free,0,4
3115,34.0,5.01,66.15,64.87,1,Design,Free,1,6
3116,32.0,3.8,59.52,64.66,6,Business,Paid,1,9
3117,24.0,2.48,60.41,80.24,4,Programming,Free,0,6
3118,31.0,4.0,57.99,68.37,5,Business,Free,0,5
3119,26.0,3.98,56.9,75.62,1,Programming,Free,0,6
3120,19.0,4.2,51.21,81.23,5,Programming,Paid,1,9
3121,19.0,2.72,61.2,71.8,0,Programming,Free,0,5
3122,32.0,4.25,47.7,81.62,0,Programming,Paid,0,7
3123,31.0,,67.6,72.17,4,Programming,Paid,1,9
3124,29.0,3.08,38.2,87.64,0,Design,Free,0,5
3125,24.0,5.74,52.14,81.88,1,Programming,Paid,1,8
3126,26.0,13.8,32.34,83.48,5,Programming,Paid,1,9
3127,25.0,7.38,53.38,64.61,3,Design,Free,1,9
3128,16.0,9.72,36.61,71.16,2,Programming,Free,0,4
3129,27.0,3.14,55.24,50.81,2,Business,Free,0,5
3130,31.0,8.62,44.15,87.21,4,Marketing,Free,1,8
3131,27.0,4.49,64.45,67.77,6,Design,Free,1,10
3132,39.0,7.9,48.95,71.41,5,Marketing,Paid,0,7
3133,20.0,4.98,65.82,51.59,2,Programming,Free,0,4
3134,22.0,3.47,55.97,67.56,2,Programming,Free,0,4
3135,28.0,5.61,55.83,68.05,0,Business,Free,0,7
3136,29.0,6.31,50.2,95.05,1,Business,Paid,0,6
3137,16.0,1.83,55.56,81.52,1,Marketing,Free,1,7
3138,31.0,3.83,67.05,61.82,2,Programming,Free,1,9
3139,29.0,6.0,48.56,52.67,6,Business,Free,1,8
3140,16.0,4.59,62.01,40.6,6,Programming,Free,0,4
3141,26.0,5.01,62.77,55.68,0,Programming,Free,0,4
3142,21.0,3.61,73.86,56.03,2,Programming,Paid,0,4
3143,24.0,4.55,53.42,76.16,0,Marketing,Free,0,5
3144,18.0,4.85,48.54,70.26,0,Programming,Paid,0,7
3145,30.0,3.7,68.22,71.19,2,Business,Free,1,9
3146,39.0,3.73,58.44,64.56,6,Business,Paid,1,9
3147,29.0,6.12,55.09,72.67,1,Business,Free,0,4
3148,16.0,4.74,58.18,55.38,4,Business,Free,0,5
3149,29.0,4.53,55.84,71.57,2,Marketing,Free,0,7
3150,26.0,10.2,36.9,77.96,3,Programming,Free,1,7
3151,19.0,5.02,70.24,63.61,6,Programming,Free,0,6
3152,29.0,6.96,54.38,78.44,5,Design,Free,0,6
3153,33.0,4.59,75.01,44.28,5,Programming,Free,1,8
3154,22.0,4.32,59.21,47.31,2,Programming,Paid,0,7
3155,16.0,2.52,48.33,71.93,0,Programming,Free,0,6
3156,16.0,5.65,46.22,84.56,6,Programming,Paid,1,7
3157,22.0,1.22,79.62,65.14,6,Programming,Free,0,7
3158,26.0,4.58,45.18,93.74,6,Programming,Free,0,4
3159,23.0,4.67,65.97,57.34,3,Marketing,Free,0,6
3160,22.0,3.68,54.81,59.84,1,Programming,Free,0,5
3161,31.0,3.89,50.58,73.97,1,Marketing,Free,0,5
3162,30.0,2.89,54.68,81.38,2,Marketing,Paid,1,8
3163,28.0,9.46,59.1,64.99,2,Programming,Paid,1,9
3164,33.0,3.48,68.17,59.35,1,Business,Free,0,6
3165,22.0,2.62,44.68,77.82,6,Business,Free,0,6
3166,19.0,5.18,57.24,72.47,4,Business,Free,0,5
3167,23.0,4.26,51.38,63.86,1,Programming,Free,1,9
3168,23.0,3.45,52.42,73.99,4,Programming,Free,0,5
3169,16.0,3.29,62.6,66.36,4,Programming,Free,1,8
3170,23.0,4.04,65.19,69.46,3,Business,Free,1,8
3171,35.0,7.43,57.02,70.65,6,Marketing,Free,0,9
3172,33.0,6.26,55.13,65.97,6,Business,Paid,0,5
3173,31.0,3.99,62.0,60.85,3,Business,Free,1,9
3174,28.0,5.95,61.54,66.98,3,Marketing,Free,1,6
3175,37.0,5.13,42.89,75.35,1,Business,Paid,0,5
3176,20.0,6.07,70.27,49.54,5,Programming,Paid,0,6
3177,20.0,4.34,47.19,82.42,6,Marketing,Free,1,8
3178,35.0,5.29,56.05,68.22,4,Programming,Free,1,7
3179,27.0,4.15,57.17,59.22,1,Programming,Paid,0,6
3180,22.0,2.43,46.16,90.17,3,Design,Free,1,7
3181,31.0,,53.82,72.94,5,Marketing,Free,1,9
3182,24.0,7.98,55.67,51.98,0,Programming,Free,0,4
3183,21.0,2.48,52.51,89.72,4,Design,Free,0,7
3184,21.0,5.49,46.12,88.26,4,Programming,Paid,1,10
3185,29.0,4.14,68.67,61.09,3,Programming,Paid,0,5
3186,28.0,7.54,62.73,68.12,4,Programming,Paid,0,6
3187,38.0,5.66,60.58,69.97,6,Business,Paid,0,6
3188,25.0,18.13,33.35,52.66,0,Marketing,Free,0,7
3189,25.0,4.43,43.87,75.9,3,Programming,Paid,0,6
3190,37.0,10.12,42.75,82.14,5,Programming,Paid,1,10
3191,34.0,8.46,48.86,75.88,5,Programming,Free,1,9
3192,28.0,5.16,59.34,68.39,3,Programming,Free,1,8
3193,16.0,4.12,44.89,83.42,6,Design,Free,0,7
3194,21.0,4.23,65.32,58.51,2,Business,Free,0,3
3195,20.0,4.07,58.57,91.0,3,Business,Free,0,7
3196,27.0,6.75,46.06,66.28,5,Design,Free,0,4
3197,23.0,2.74,64.49,67.39,3,Design,Free,0,7
3198,38.0,3.77,55.45,61.1,2,Programming,Free,0,5
3199,16.0,3.57,60.44,60.22,3,Programming,Free,0,4
3200,19.0,1.86,55.55,70.48,4,Marketing,Free,0,8
3201,29.0,5.97,50.8,68.45,6,Business,Free,1,8
3202,31.0,8.18,42.7,77.86,4,Marketing,Paid,1,7
3203,16.0,3.05,63.4,63.9,1,Marketing,Free,0,7
3204,16.0,6.45,55.66,72.83,0,Business,Free,0,4
3205,25.0,1.99,71.55,61.05,6,Marketing,Free,0,7
3206,36.0,5.12,44.96,85.32,2,Design,Paid,1,9
3207,40.0,3.83,56.91,76.64,1,Programming,Free,0,4
3208,24.0,4.22,50.35,67.93,1,Programming,Free,0,7
3209,26.0,4.21,59.0,60.2,0,Programming,Free,0,6
3210,21.0,4.9,52.97,75.73,1,Programming,Paid,0,4
3211,31.0,4.26,53.62,61.35,5,Programming,Paid,1,9
3212,38.0,3.86,59.88,71.38,4,Business,Free,0,6
3213,36.0,7.49,48.32,69.33,4,Business,Free,1,8
3214,27.0,3.13,49.04,100.0,0,Design,Free,0,6
3215,21.0,11.19,54.08,53.28,4,Programming,Free,1,8
3216,27.0,3.81,63.07,45.66,6,Business,Paid,0,7
3217,37.0,5.65,60.15,64.35,6,Programming,Paid,1,9
3218,24.0,6.55,66.25,51.41,2,Programming,Paid,1,8
3219,16.0,4.45,66.35,63.28,4,Programming,Paid,0,7
3220,24.0,7.55,53.91,52.43,2,Programming,Free,0,5
3221,25.0,6.48,48.51,61.15,6,Programming,Paid,1,7
3222,16.0,3.7,56.85,59.29,6,Business,Free,0,4
3223,29.0,7.52,35.38,81.59,1,Business,Free,1,8
3224,31.0,3.21,60.99,74.47,3,Business,Paid,1,8
3225,40.0,3.14,59.26,80.91,1,Programming,Free,0,6
3226,18.0,6.53,49.93,75.45,4,Business,Paid,0,8
3227,32.0,7.27,35.93,85.21,2,Business,Paid,1,9
3228,34.0,5.86,50.99,68.37,4,Programming,Paid,1,9
3229,31.0,4.79,55.35,92.54,6,Business,Paid,0,7
3230,20.0,3.62,58.15,78.71,6,Design,Free,0,7
3231,20.0,6.75,56.68,66.2,1,Design,Free,0,7
3232,28.0,5.65,69.62,79.43,0,Programming,Paid,1,8
3233,28.0,2.74,59.95,74.27,5,Design,Free,1,9
3234,23.0,3.34,45.35,69.57,0,Programming,Paid,0,9
3235,36.0,8.01,41.57,69.15,2,Programming,Free,1,6
3236,24.0,2.93,58.43,77.01,6,Programming,Free,0,7
3237,16.0,4.58,62.44,50.27,3,Marketing,Free,1,5
3238,25.0,9.31,44.76,67.79,0,Programming,Paid,1,9
3239,30.0,6.47,46.77,80.19,6,Programming,Paid,0,6
3240,29.0,3.6,51.13,74.98,4,Programming,Paid,0,4
3241,29.0,2.57,65.35,60.67,2,Marketing,Free,0,7
3242,37.0,9.41,60.05,50.32,4,Design,Free,1,8
3243,19.0,2.54,63.18,90.36,4,Marketing,Free,0,5
3244,24.0,3.16,70.26,65.76,3,Programming,Free,0,6
3245,38.0,4.8,43.54,86.17,6,Programming,Free,0,7
3246,16.0,3.67,53.12,81.95,5,Design,Free,0,4
3247,27.0,5.25,56.1,58.48,1,Programming,Free,0,2
3248,36.0,2.09,73.74,43.48,6,Business,Free,0,5
3249,35.0,3.69,57.71,67.65,6,Marketing,Free,0,5
3250,32.0,6.88,46.34,77.63,0,Design,Paid,1,10
3251,32.0,5.51,59.57,77.23,2,Marketing,Free,0,5
3252,20.0,3.13,61.69,62.89,4,Design,Free,0,6
3253,37.0,3.2,57.76,74.14,6,Programming,Paid,1,9
3254,19.0,5.58,52.28,79.78,5,Design,Paid,0,5
3255,19.0,,58.53,83.83,4,Programming,Paid,1,9
3256,30.0,7.23,54.52,67.63,2,Business,Free,0,4
3257,24.0,4.35,64.08,73.31,0,Programming,Free,1,6
3258,28.0,3.7,47.74,75.46,6,Programming,Paid,1,8
3259,30.0,2.52,57.44,82.76,3,Design,Free,0,4
3260,39.0,3.05,62.32,58.16,3,Programming,Free,0,5
3261,30.0,2.51,70.37,35.15,6,Programming,Paid,0,5
3262,23.0,5.07,59.46,68.39,1,Business,Free,0,6
3263,32.0,3.53,65.78,69.23,1,Programming,Paid,0,5
3264,21.0,6.07,49.85,66.42,5,Design,Paid,0,6
3265,33.0,5.16,71.3,49.9,1,Programming,Free,0,5
3266,27.0,7.83,41.4,65.1,6,Programming,Paid,1,9
3267,30.0,4.54,60.24,66.62,6,Programming,Free,1,8
3268,16.0,8.41,39.54,76.05,0,Business,Paid,1,9
3269,16.0,9.46,46.96,52.5,3,Marketing,Paid,0,5
3270,16.0,5.69,60.01,50.96,5,Programming,Paid,1,8
3271,39.0,4.68,47.79,84.36,3,Marketing,Free,1,7
3272,19.0,3.94,37.52,76.1,1,Design,Paid,1,10
3273,32.0,3.25,60.28,74.97,0,Business,Paid,1,9
3274,23.0,7.22,59.08,56.33,0,Business,Free,0,5
3275,25.0,5.33,52.48,70.95,1,Business,Free,1,6
3276,27.0,5.52,53.01,66.87,1,Business,Free,0,5
3277,39.0,3.89,54.07,71.81,2,Design,Paid,0,7
3278,31.0,8.42,40.42,59.38,5,Design,Free,0,5
3279,30.0,3.66,50.89,57.58,3,Programming,Free,0,5
3280,36.0,3.53,53.57,95.66,0,Programming,Paid,0,5
3281,23.0,3.92,62.86,71.16,0,Business,Paid,0,5
3282,34.0,10.28,42.45,81.48,0,Programming,Paid,1,9
3283,33.0,2.46,63.89,65.64,2,Programming,Free,0,7
3284,33.0,2.89,65.85,64.25,5,Programming,Free,0,3
3285,26.0,14.94,40.3,60.37,0,Programming,Free,0,4
3286,24.0,6.19,41.64,85.8,2,Business,Free,1,6
3287,21.0,3.64,55.64,79.1,3,Business,Paid,0,7
3288,21.0,2.49,59.61,66.1,1,Design,Free,0,7
3289,21.0,1.91,61.96,63.27,0,Programming,Free,1,8
3290,30.0,4.24,57.85,84.76,1,Design,Free,1,9
3291,25.0,5.63,75.18,33.94,1,Programming,Free,0,4
3292,30.0,10.04,26.39,78.42,5,Business,Paid,1,9
3293,30.0,,54.53,83.38,6,Design,Paid,1,8
3294,20.0,2.23,59.97,66.5,4,Design,Free,0,6
3295,19.0,3.84,62.08,75.55,5,Design,Free,0,6
3296,25.0,14.22,22.79,77.77,5,Marketing,Free,1,8
3297,22.0,6.04,38.66,57.46,6,Business,Free,0,6
3298,21.0,5.99,51.5,86.42,0,Design,Paid,1,9
3299,39.0,2.92,61.01,80.97,6,Design,Paid,1,9
3300,16.0,1.56,52.71,66.16,3,Programming,Free,0,8
3301,41.0,5.16,50.74,77.6,3,Marketing,Paid,1,9
3302,29.0,3.88,63.87,76.49,5,Programming,Free,1,7
3303,34.0,3.59,42.11,95.79,3,Programming,Free,0,5
3304,33.0,3.42,55.47,78.9,1,Marketing,Free,0,7
3305,31.0,2.9,58.7,79.92,0,Business,Free,0,7
3306,39.0,2.61,51.08,70.32,1,Programming,Free,1,8
3307,19.0,9.47,32.6,94.82,0,Programming,Paid,1,7
3308,26.0,3.4,53.33,54.41,2,Programming,Paid,0,5
3309,21.0,3.58,61.32,56.63,5,Design,Free,0,6
3310,16.0,3.98,52.05,69.84,2,Programming,Free,0,6
3311,22.0,5.57,51.19,79.43,4,Marketing,Free,0,7
3312,40.0,2.76,71.82,45.47,1,Marketing,Free,0,3
3313,26.0,,58.58,73.97,4,Design,Free,1,9
3314,41.0,3.12,72.98,69.01,6,Business,Free,0,7
3315,42.0,3.77,56.03,76.93,2,Programming,Free,0,3
3316,48.0,10.62,37.74,77.14,3,Programming,Paid,1,9
3317,40.0,3.28,61.25,55.11,6,Business,Paid,1,9
3318,44.0,5.61,52.6,55.04,4,Programming,Free,1,6
3319,29.0,7.97,53.34,62.32,2,Programming,Paid,1,8
3320,29.0,4.66,49.87,76.87,0,Programming,Free,1,9
3321,29.0,4.81,55.75,76.5,6,Programming,Paid,1,8
3322,27.0,10.55,37.47,67.79,4,Design,Free,0,5
3323,28.0,4.03,52.93,72.59,0,Business,Free,0,6
3324,32.0,5.56,58.19,63.36,3,Business,Paid,1,7
3325,24.0,3.49,48.83,93.55,6,Business,Free,0,5
3326,17.0,4.34,41.44,78.53,6,Marketing,Free,1,9
3327,30.0,6.26,47.49,81.86,1,Design,Free,0,7
3328,22.0,3.58,46.88,86.96,2,Marketing,Free,0,6
3329,23.0,1.57,64.18,84.16,6,Design,Free,0,7
3330,26.0,5.11,60.65,68.38,5,Programming,Free,0,6
3331,24.0,2.5,46.11,70.56,3,Marketing,Free,0,8
3332,35.0,5.66,53.15,83.46,2,Programming,Free,1,8
3333,26.0,4.05,59.51,68.32,5,Programming,Free,0,6
3334,35.0,6.2,46.8,59.01,4,Programming,Free,1,8
3335,28.0,3.31,54.53,95.6,3,Programming,Paid,1,8
3336,26.0,3.98,52.3,60.77,6,Programming,Paid,0,5
3337,28.0,3.48,69.39,56.65,2,Design,Free,0,4
3338,18.0,2.08,52.52,82.92,4,Marketing,Free,0,5
3339,29.0,6.69,45.44,59.23,0,Programming,Free,0,8
3340,33.0,1.95,71.01,78.35,4,Design,Free,0,8
3341,34.0,6.64,34.68,89.81,3,Programming,Free,1,8
3342,18.0,4.91,54.8,55.88,6,Business,Free,0,5
3343,16.0,4.64,51.1,71.51,2,Programming,Paid,0,4
3344,23.0,4.74,46.81,85.8,6,Programming,Free,0,5
3345,37.0,4.68,55.61,80.82,4,Design,Free,1,7
3346,29.0,,58.73,69.02,1,Business,Free,0,5
3347,22.0,4.64,51.77,97.28,1,Business,Free,1,8
3348,17.0,7.04,49.78,77.05,1,Design,Paid,1,9
3349,22.0,3.31,44.9,79.37,2,Business,Paid,0,8
3350,22.0,4.74,51.2,90.49,3,Design,Free,0,5
3351,34.0,1.55,58.67,83.77,6,Programming,Paid,0,8
3352,34.0,1.7,53.16,83.86,6,Programming,Free,1,8
3353,20.0,5.23,70.91,57.21,4,Programming,Free,1,9
3354,32.0,4.2,54.05,86.74,3,Programming,Paid,1,8
3355,32.0,3.45,60.17,79.7,4,Design,Paid,1,10
3356,19.0,3.96,66.48,59.05,2,Programming,Free,1,8
3357,26.0,4.24,50.07,80.22,1,Design,Paid,1,10
3358,29.0,2.6,61.52,75.9,3,Design,Free,1,9
3359,28.0,1.94,55.59,91.55,5,Business,Free,1,9
3360,16.0,1.67,56.67,75.19,0,Business,Free,1,7
3361,28.0,5.65,49.72,58.63,0,Programming,Free,0,7
3362,31.0,3.35,63.22,55.86,1,Programming,Free,0,4
3363,38.0,6.27,53.99,73.53,1,Design,Free,0,5
3364,22.0,3.34,61.56,60.54,1,Design,Free,1,8
3365,23.0,5.95,53.62,63.42,0,Programming,Paid,1,7
3366,26.0,3.83,58.96,65.07,0,Programming,Free,0,4
3367,29.0,5.17,52.28,70.36,2,Business,Paid,0,5
3368,28.0,5.29,58.61,83.0,5,Business,Paid,0,7
3369,31.0,4.15,60.39,63.15,1,Programming,Paid,0,6
3370,19.0,2.91,62.02,53.3,2,Design,Paid,0,7
3371,30.0,7.16,42.82,58.8,6,Marketing,Paid,0,9
3372,22.0,8.31,46.81,67.79,1,Programming,Free,0,6
3373,26.0,10.7,38.38,70.34,6,Marketing,Paid,1,8
3374,39.0,3.95,57.62,57.16,3,Programming,Paid,1,9
3375,17.0,2.92,56.48,93.58,5,Design,Free,0,5
3376,25.0,3.16,54.72,82.29,2,Design,Free,1,8
3377,18.0,4.68,44.65,71.3,2,Programming,Paid,1,10
3378,28.0,3.96,58.77,74.95,2,Marketing,Free,0,5
3379,34.0,2.59,49.84,71.35,0,Design,Free,0,6
3380,28.0,2.08,68.82,59.33,2,Marketing,Free,0,5
3381,26.0,4.15,49.89,80.37,6,Programming,Free,1,8
3382,36.0,1.0,59.82,81.44,0,Marketing,Free,0,6
3383,29.0,3.88,63.21,51.74,4,Marketing,Free,0,4
3384,33.0,3.31,53.74,80.26,4,Design,Paid,0,6
3385,32.0,5.76,53.37,72.04,0,Programming,Free,1,6
3386,16.0,6.5,52.58,67.46,0,Business,Free,0,7
3387,26.0,8.21,48.52,98.97,3,Design,Paid,0,8
3388,19.0,4.34,47.71,97.38,1,Marketing,Paid,1,8
3389,21.0,2.43,61.56,70.22,6,Design,Free,0,3
3390,37.0,2.81,56.7,65.33,1,Programming,Free,0,6
3391,24.0,4.62,59.75,63.92,0,Programming,Free,0,5
3392,40.0,2.42,54.64,68.28,2,Business,Paid,0,9
3393,17.0,7.59,58.21,62.83,2,Marketing,Free,1,9
3394,19.0,3.49,47.49,74.08,1,Programming,Free,0,6
3395,32.0,6.35,37.17,96.58,4,Business,Paid,1,9
3396,25.0,2.27,42.76,92.78,2,Marketing,Paid,0,6
3397,29.0,2.67,59.53,77.47,3,Programming,Free,0,6
3398,26.0,2.15,67.64,43.11,1,Programming,Paid,1,9
3399,26.0,8.03,57.38,54.49,0,Business,Paid,1,8
3400,25.0,4.72,43.41,86.71,0,Business,Paid,0,5
3401,28.0,6.56,46.76,91.43,0,Programming,Paid,1,10
3402,31.0,5.22,53.61,81.09,6,Business,Paid,0,7
3403,38.0,5.01,55.42,70.94,1,Design,Free,0,6
3404,26.0,3.48,52.18,86.7,2,Marketing,Free,1,7
3405,24.0,4.63,51.09,84.41,4,Marketing,Paid,1,10
3406,23.0,3.89,46.75,83.51,0,Business,Free,0,7
3407,37.0,,53.43,55.43,4,Design,Free,0,5
3408,32.0,4.93,57.18,72.12,3,Programming,Free,1,8
3409,16.0,17.96,14.76,95.75,5,Design,Paid,1,9
3410,16.0,8.64,47.7,74.33,0,Programming,Free,1,8
3411,21.0,1.82,66.8,81.43,0,Business,Free,0,6
3412,29.0,3.8,54.94,68.44,5,Programming,Free,1,8
3413,27.0,3.38,52.69,75.06,2,Design,Free,1,8
3414,31.0,9.02,37.12,88.83,0,Programming,Paid,1,8
3415,26.0,4.4,58.17,63.96,3,Programming,Paid,1,9
3416,37.0,5.0,62.11,58.79,3,Programming,Free,0,6
3417,32.0,1.42,63.7,65.74,6,Business,Free,0,6
3418,28.0,2.57,70.48,75.26,6,Business,Paid,0,8
3419,35.0,10.4,52.61,48.68,3,Programming,Free,0,7
3420,16.0,5.18,53.83,84.18,1,Marketing,Paid,0,8
3421,26.0,2.59,59.31,70.78,5,Marketing,Free,1,8
3422,28.0,4.52,58.74,78.24,1,Programming,Free,0,6
3423,31.0,2.52,66.53,47.69,5,Business,Free,0,5
3424,16.0,3.57,49.38,82.58,4,Design,Free,1,9
3425,25.0,2.11,61.38,84.04,2,Programming,Free,0,7
3426,30.0,3.55,53.01,82.39,6,Design,Paid,1,10
3427,30.0,3.36,60.15,68.36,3,Programming,Free,1,8
3428,35.0,6.71,52.58,81.58,2,Marketing,Free,1,8
3429,32.0,6.25,45.64,89.85,1,Marketing,Paid,1,9
3430,27.0,6.76,45.97,80.75,4,Business,Paid,1,9
3431,32.0,4.01,49.97,79.98,1,Design,Free,0,5
3432,26.0,5.87,51.76,90.57,1,Design,Free,1,8
3433,28.0,2.74,53.75,80.49,0,Marketing,Free,1,5
3434,33.0,2.92,62.83,58.4,4,Programming,Free,1,7
3435,27.0,6.09,47.8,87.2,6,Programming,Paid,1,9
3436,30.0,3.58,58.35,72.76,1,Design,Free,1,10
3437,34.0,4.03,63.28,68.4,1,Programming,Free,1,8
3438,32.0,4.71,53.57,73.28,4,Programming,Paid,1,9
3439,36.0,7.13,54.7,79.63,1,Programming,Free,0,5
3440,43.0,7.3,40.43,91.49,0,Design,Free,1,10
3441,32.0,3.06,61.59,68.29,4,Programming,Free,1,7
3442,24.0,2.3,51.36,92.78,3,Programming,Paid,1,10
3443,31.0,3.68,68.57,73.98,0,Programming,Paid,0,6
3444,30.0,2.71,52.24,84.83,1,Programming,Free,1,9
3445,31.0,7.37,44.72,78.58,1,Marketing,Paid,0,7
3446,37.0,,55.45,62.09,4,Programming,Free,0,5
3447,16.0,2.55,50.54,92.14,4,Business,Free,0,7
3448,38.0,2.89,62.94,64.53,5,Business,Free,0,7
3449,40.0,2.08,71.75,60.14,0,Programming,Free,0,5
3450,31.0,4.31,61.39,57.18,5,Business,Free,1,8
3451,31.0,4.97,49.04,88.94,1,Business,Paid,0,6
3452,25.0,5.78,44.75,89.03,6,Design,Free,1,8
3453,27.0,6.34,46.25,76.48,6,Programming,Paid,1,8
3454,32.0,6.67,54.84,60.19,3,Programming,Paid,1,5
3455,31.0,2.03,60.23,72.43,5,Marketing,Free,0,3
3456,32.0,3.06,66.62,67.67,4,Business,Free,0,5
3457,31.0,6.22,48.97,61.68,5,Marketing,Free,0,4
3458,33.0,3.18,68.15,67.37,0,Marketing,Free,1,8
3459,33.0,,58.9,74.07,0,Programming,Free,0,5
3460,20.0,7.29,50.93,68.34,6,Business,Paid,0,6
3461,33.0,3.91,46.69,80.92,5,Design,Paid,1,8
3462,40.0,6.54,60.97,51.46,4,Business,Free,1,9
3463,27.0,4.02,44.54,88.15,2,Programming,Free,0,6
3464,37.0,3.58,62.21,63.3,2,Programming,Free,0,7
3465,21.0,9.36,41.46,84.57,2,Business,Paid,1,9
3466,27.0,2.26,57.5,73.08,3,Business,Free,1,6
3467,23.0,7.73,34.2,75.43,4,Business,Free,0,4
3468,37.0,3.04,77.23,54.42,5,Programming,Free,0,5
3469,38.0,4.36,53.48,58.87,2,Programming,Free,1,8
3470,26.0,4.38,59.34,64.75,5,Marketing,Free,0,5
3471,35.0,4.18,49.04,78.25,0,Design,Paid,0,6
3472,39.0,2.88,59.41,87.26,5,Design,Free,1,7
3473,27.0,3.43,52.76,78.33,4,Design,Free,1,8
3474,28.0,2.57,57.08,65.0,3,Design,Free,1,8
3475,32.0,9.8,45.81,74.87,2,Design,Free,0,4
3476,21.0,4.08,46.38,77.19,2,Design,Paid,0,7
3477,28.0,6.83,49.0,67.14,2,Business,Free,0,6
3478,42.0,8.05,49.71,76.34,6,Marketing,Paid,1,9
3479,23.0,4.77,60.37,80.52,0,Marketing,Free,1,7
3480,33.0,4.77,48.95,70.8,4,Design,Paid,1,10
3481,31.0,5.53,48.08,74.54,6,Design,Paid,1,10
3482,26.0,5.25,51.93,81.8,3,Business,Free,0,5
3483,29.0,5.3,38.3,80.16,4,Business,Paid,0,6
3484,39.0,2.0,63.37,86.79,4,Design,Free,0,6
3485,31.0,2.24,47.3,90.79,3,Business,Paid,0,5
3486,32.0,8.0,50.17,56.03,4,Business,Free,1,6
3487,38.0,1.24,62.88,74.17,6,Business,Free,0,5
3488,25.0,4.43,57.67,65.41,4,Business,Free,0,6
3489,20.0,4.56,54.02,57.62,5,Programming,Paid,0,5
3490,39.0,5.45,63.8,70.11,3,Design,Paid,0,6
3491,28.0,2.43,44.36,70.99,5,Design,Free,0,3
3492,33.0,5.94,46.24,68.47,6,Programming,Paid,1,9
3493,22.0,5.56,49.4,70.13,1,Marketing,Paid,0,8
3494,30.0,14.05,28.59,70.85,6,Business,Free,0,4
3495,19.0,4.3,53.78,97.36,4,Programming,Free,0,6
3496,27.0,7.44,45.47,52.02,3,Business,Free,1,7
3497,22.0,2.07,65.56,83.51,5,Business,Free,0,6
3498,21.0,6.42,49.43,70.8,1,Business,Free,0,5
3499,25.0,5.61,43.73,73.62,4,Design,Paid,1,8
3500,16.0,4.58,49.36,51.31,4,Marketing,Free,0,4
3501,19.0,5.76,46.07,85.63,6,Design,Paid,1,8
3502,32.0,8.74,45.7,59.59,4,Design,Free,1,9
3503,29.0,4.55,54.13,77.93,3,Programming,Free,0,4
3504,19.0,2.85,49.47,90.15,3,Business,Free,1,8
3505,31.0,3.07,69.07,56.89,3,Business,Free,0,5
3506,21.0,5.86,46.27,85.68,6,Design,Free,1,8
3507,32.0,4.96,50.56,74.25,5,Design,Free,0,6
3508,26.0,2.04,74.57,47.96,0,Business,Free,0,5
3509,25.0,6.39,55.7,61.75,3,Business,Paid,0,7
3510,26.0,2.49,64.62,70.14,2,Programming,Free,0,8
3511,45.0,4.94,59.18,76.71,1,Marketing,Free,1,8
3512,22.0,2.82,63.27,53.61,6,Business,Free,1,5
3513,29.0,3.57,56.88,72.83,6,Marketing,Free,0,5
3514,32.0,3.97,56.53,85.15,6,Marketing,Paid,0,6
3515,20.0,8.03,28.58,82.99,2,Marketing,Free,1,9
3516,16.0,6.07,51.37,70.46,2,Business,Paid,1,6
3517,23.0,8.94,41.05,79.82,5,Business,Paid,0,7
3518,32.0,14.92,31.12,80.87,1,Programming,Free,0,5
3519,25.0,4.14,47.2,82.52,0,Design,Free,0,7
3520,25.0,7.97,50.76,80.81,2,Business,Free,1,7
3521,33.0,3.7,49.73,79.14,4,Design,Paid,0,8
3522,21.0,7.13,46.53,71.51,3,Marketing,Free,0,4
3523,26.0,2.82,54.87,71.27,1,Programming,Free,0,6
3524,16.0,4.02,65.31,66.36,3,Design,Free,1,7
3525,29.0,5.16,36.34,85.12,6,Design,Free,1,7
3526,29.0,5.54,67.99,58.7,1,Design,Free,1,10
3527,33.0,2.29,72.12,61.95,2,Programming,Free,0,4
3528,19.0,2.75,56.91,67.57,2,Programming,Free,0,5
3529,26.0,6.67,53.43,80.17,2,Business,Paid,0,5
3530,18.0,3.44,55.01,80.58,4,Design,Free,0,5
3531,25.0,,65.11,85.87,2,Programming,Free,0,6
3532,37.0,3.93,62.93,68.93,4,Programming,Free,1,7
3533,25.0,4.8,67.81,70.82,0,Design,Paid,0,8
3534,17.0,4.39,47.78,66.26,4,Programming,Free,0,7
3535,22.0,6.43,51.98,71.49,0,Business,Paid,0,5
3536,16.0,5.0,41.8,76.72,2,Business,Free,0,7
3537,18.0,3.59,58.27,59.2,6,Programming,Paid,1,8
3538,32.0,3.37,70.8,72.25,2,Design,Free,0,4
3539,17.0,7.7,43.85,91.47,4,Programming,Paid,0,6
3540,29.0,3.18,64.36,70.16,2,Programming,Free,0,4
3541,27.0,,60.85,65.44,6,Marketing,Paid,1,10
3542,23.0,2.58,60.92,74.6,6,Design,Paid,1,8
3543,29.0,,60.9,49.05,6,Marketing,Free,0,7
3544,20.0,4.74,51.77,67.29,2,Programming,Free,1,8
3545,33.0,1.67,52.31,87.77,2,Programming,Free,0,5
3546,22.0,2.51,46.35,62.13,4,Design,Free,1,7
3547,24.0,2.67,61.43,63.44,5,Design,Paid,1,10
3548,23.0,7.23,51.16,69.64,3,Marketing,Paid,1,9
3549,32.0,1.72,54.83,79.06,5,Programming,Free,1,7
3550,31.0,3.91,48.97,90.4,6,Marketing,Free,1,9
3551,16.0,,49.33,81.21,5,Marketing,Paid,0,7
3552,29.0,4.41,64.21,61.14,2,Design,Free,0,4
3553,16.0,3.33,51.78,67.73,1,Programming,Free,1,8
3554,25.0,4.74,42.64,91.89,3,Design,Free,0,4
3555,26.0,6.47,57.79,64.27,4,Programming,Free,0,5
3556,25.0,3.86,59.65,72.55,5,Business,Free,0,6
3557,31.0,1.48,68.07,76.41,2,Design,Free,0,6
3558,32.0,6.8,63.16,56.27,1,Marketing,Free,0,4
3559,22.0,4.86,65.1,81.98,2,Business,Free,0,5
3560,21.0,4.99,46.98,86.54,4,Design,Paid,1,9
3561,27.0,2.08,76.32,53.07,1,Business,Paid,0,8
3562,16.0,3.55,55.43,60.69,2,Design,Free,1,8
3563,24.0,2.73,76.55,62.32,1,Marketing,Free,0,5
3564,36.0,2.35,60.62,76.98,6,Programming,Free,1,9
3565,16.0,4.77,58.74,68.61,3,Marketing,Paid,0,7
3566,25.0,3.19,62.53,75.41,5,Business,Free,0,6
3567,23.0,,49.95,70.59,3,Marketing,Free,1,9
3568,41.0,7.07,40.45,78.71,0,Design,Paid,1,9
3569,23.0,4.55,53.92,76.46,1,Business,Free,1,7
3570,24.0,3.24,60.0,71.27,5,Programming,Free,1,8
3571,20.0,3.06,70.99,70.79,3,Business,Free,0,7
3572,27.0,4.13,48.65,75.92,4,Programming,Paid,1,10
3573,29.0,3.63,66.55,70.6,5,Programming,Free,0,4
3574,21.0,6.59,47.34,75.9,3,Design,Paid,1,10
3575,34.0,,60.74,62.83,4,Programming,Free,0,5
3576,29.0,7.82,39.33,92.8,1,Design,Free,1,8
3577,33.0,5.28,53.41,66.13,1,Business,Free,1,10
3578,25.0,1.48,58.72,88.4,1,Programming,Paid,1,9
3579,29.0,4.21,56.16,63.46,2,Business,Free,0,5
3580,26.0,6.48,40.08,77.72,4,Programming,Free,0,5
3581,37.0,6.04,41.99,94.62,6,Business,Paid,1,9
3582,28.0,3.37,61.77,67.29,3,Business,Free,0,6
3583,27.0,3.95,49.33,67.33,4,Design,Free,0,5
3584,24.0,5.49,56.81,70.28,6,Business,Paid,1,10
3585,23.0,7.17,54.6,76.3,4,Marketing,Paid,0,6
3586,29.0,2.68,65.49,78.54,1,Business,Paid,1,9
3587,33.0,3.09,59.47,73.6,1,Design,Free,0,6
3588,22.0,8.48,36.09,69.8,4,Design,Free,0,7
3589,28.0,5.14,48.8,96.5,2,Business,Paid,1,8
3590,28.0,8.07,55.09,65.59,1,Programming,Free,0,6
3591,30.0,19.43,19.21,68.18,4,Business,Paid,1,10
3592,16.0,3.25,55.12,77.97,4,Programming,Free,1,6
3593,21.0,2.96,56.88,84.31,1,Business,Paid,1,8
3594,17.0,3.6,63.07,84.95,0,Programming,Free,0,8
3595,27.0,6.65,41.94,91.13,5,Programming,Free,1,8
3596,21.0,7.08,53.12,76.14,2,Marketing,Free,0,6
3597,24.0,11.27,42.79,69.47,4,Marketing,Free,1,7
3598,19.0,3.99,64.03,52.53,1,Marketing,Free,0,7
3599,24.0,6.31,60.77,66.65,2,Marketing,Paid,1,7
3600,19.0,2.94,51.91,76.09,4,Design,Free,0,7
3601,32.0,1.31,69.66,53.83,0,Programming,Free,1,6
3602,30.0,3.98,64.26,48.98,2,Programming,Free,1,6
3603,28.0,3.02,46.78,78.66,5,Design,Paid,1,8
3604,25.0,5.42,58.41,77.32,5,Programming,Free,0,6
3605,16.0,1.74,66.68,69.91,2,Marketing,Free,0,5
3606,24.0,3.63,53.25,82.76,0,Programming,Paid,1,8
3607,22.0,4.57,51.99,75.4,0,Programming,Free,1,7
3608,29.0,4.79,50.84,81.79,3,Programming,Free,1,7
3609,31.0,4.96,49.0,98.08,4,Programming,Paid,1,8
3610,29.0,9.4,34.86,99.37,4,Programming,Free,0,6
3611,36.0,10.27,34.33,83.05,2,Business,Paid,0,6
3612,23.0,3.73,55.42,66.48,0,Programming,Paid,1,5
3613,23.0,8.37,46.43,71.68,1,Business,Free,0,6
3614,34.0,8.96,33.54,89.02,0,Marketing,Free,1,9
3615,28.0,,62.14,61.17,3,Business,Free,1,7
3616,25.0,4.14,45.71,86.92,2,Business,Free,0,4
3617,40.0,3.96,52.48,65.96,0,Programming,Free,0,6
3618,31.0,3.03,77.74,70.73,4,Programming,Free,0,4
3619,26.0,3.17,74.26,58.31,2,Programming,Free,1,7
3620,22.0,9.18,48.76,62.6,6,Marketing,Paid,1,9
3621,36.0,4.94,60.46,67.93,2,Business,Free,1,9
3622,28.0,,56.76,87.64,0,Programming,Paid,1,10
3623,27.0,3.34,57.36,70.98,4,Design,Paid,0,7
3624,32.0,3.6,51.32,92.74,4,Business,Paid,1,10
3625,33.0,4.71,54.02,68.7,6,Business,Paid,0,5
3626,31.0,7.65,57.14,67.32,4,Design,Paid,0,8
3627,33.0,2.75,65.26,75.16,2,Marketing,Free,1,4
3628,30.0,6.08,58.53,78.47,4,Business,Free,0,7
3629,31.0,,52.43,77.07,5,Business,Paid,1,8
3630,22.0,5.41,65.27,73.81,3,Programming,Paid,0,7
3631,40.0,8.04,39.92,91.24,5,Programming,Paid,0,9
3632,18.0,7.41,58.85,77.5,6,Marketing,Paid,0,7
3633,29.0,2.16,58.21,69.3,5,Design,Free,0,6
3634,18.0,2.49,54.8,62.67,3,Design,Free,0,6
3635,26.0,3.66,63.76,86.74,3,Design,Free,0,4
3636,23.0,4.76,61.48,62.89,5,Programming,Free,0,4
3637,28.0,7.49,53.05,67.39,6,Business,Free,0,6
3638,29.0,5.22,46.74,84.62,1,Programming,Paid,0,6
3639,20.0,8.73,32.96,93.6,0,Business,Free,1,8
3640,27.0,2.95,52.23,76.51,5,Design,Free,1,9
3641,37.0,3.98,57.45,70.36,1,Programming,Paid,0,8
3642,18.0,3.53,57.56,67.93,6,Programming,Free,1,7
3643,21.0,3.51,46.14,69.99,0,Business,Paid,0,7
3644,33.0,6.83,62.83,63.73,6,Programming,Free,0,4
3645,28.0,1.46,60.54,67.79,4,Programming,Paid,0,5
3646,28.0,3.23,61.97,81.02,2,Business,Free,0,5
3647,34.0,6.8,47.38,66.94,0,Programming,Free,1,8
3648,21.0,3.52,52.53,87.59,5,Design,Free,0,5
3649,23.0,6.57,58.07,66.6,0,Programming,Free,0,6
3650,23.0,10.9,47.0,68.65,0,Marketing,Free,1,8
3651,25.0,5.26,46.25,87.33,5,Programming,Paid,1,10
3652,36.0,,48.89,72.26,4,Programming,Paid,0,7
3653,16.0,12.04,44.3,66.48,0,Programming,Free,1,7
3654,19.0,6.07,50.42,72.4,2,Programming,Paid,1,10
3655,17.0,4.96,41.05,89.6,4,Programming,Paid,1,8
3656,37.0,7.61,43.03,75.67,4,Programming,Paid,0,7
3657,23.0,6.91,43.48,82.99,2,Programming,Free,1,7
3658,25.0,3.98,56.32,71.65,2,Design,Free,0,7
3659,16.0,4.08,59.8,87.94,0,Marketing,Paid,1,10
3660,25.0,8.78,51.33,70.85,0,Programming,Free,1,7
3661,33.0,3.59,49.7,78.59,6,Programming,Free,0,5
3662,29.0,8.67,51.62,86.65,1,Marketing,Paid,1,10
3663,26.0,4.56,57.58,62.61,6,Marketing,Free,1,6
3664,16.0,11.53,42.14,75.79,0,Business,Paid,1,8
3665,25.0,2.77,50.45,79.49,6,Programming,Free,0,5
3666,28.0,3.46,48.47,89.16,2,Design,Paid,1,8
3667,20.0,7.45,49.37,87.04,5,Programming,Paid,1,8
3668,32.0,3.05,52.38,73.26,5,Programming,Paid,1,9
3669,33.0,5.34,46.92,90.48,2,Programming,Paid,1,10
3670,23.0,10.17,45.45,71.43,5,Design,Paid,1,7
3671,32.0,1.82,62.34,50.06,2,Programming,Free,1,7
3672,26.0,6.07,40.8,71.95,5,Business,Paid,1,8
3673,35.0,8.74,45.99,86.35,6,Programming,Paid,1,8
3674,41.0,4.01,79.12,54.97,5,Programming,Free,0,7
3675,19.0,2.67,67.69,54.83,5,Business,Free,1,7
3676,32.0,3.6,66.93,54.43,2,Marketing,Free,0,4
3677,36.0,2.78,51.69,76.83,0,Programming,Free,1,9
3678,20.0,5.23,65.08,63.52,3,Design,Paid,1,10
3679,23.0,3.58,53.76,74.59,0,Programming,Free,0,6
3680,23.0,3.22,67.48,64.06,3,Programming,Free,1,7
3681,26.0,5.0,60.76,62.52,6,Business,Free,0,5
3682,25.0,8.25,56.03,56.02,0,Programming,Free,1,7
3683,26.0,5.87,52.62,80.06,6,Design,Paid,0,7
3684,33.0,7.42,53.78,66.46,4,Design,Free,0,6
3685,16.0,8.25,49.77,67.94,0,Programming,Free,0,5
3686,20.0,3.11,63.49,72.82,5,Programming,Free,1,8
3687,32.0,5.74,45.24,79.35,0,Programming,Paid,1,8
3688,31.0,4.19,49.14,86.31,4,Marketing,Paid,0,7
3689,20.0,2.08,68.75,72.81,3,Business,Free,0,6
3690,31.0,4.76,58.34,63.5,5,Design,Free,0,3
3691,36.0,2.53,56.72,73.59,2,Programming,Free,0,3
3692,27.0,5.04,57.74,78.22,0,Business,Free,0,5
3693,20.0,2.52,65.04,69.82,2,Programming,Paid,0,8
3694,33.0,4.38,47.67,71.12,5,Design,Free,1,9
3695,39.0,,55.6,98.23,6,Business,Free,0,7
3696,21.0,5.49,57.37,61.07,1,Design,Free,0,5
3697,27.0,3.4,60.92,73.92,2,Programming,Free,1,10
3698,35.0,3.25,54.72,80.55,6,Programming,Free,1,7
3699,28.0,6.73,55.61,63.9,2,Programming,Free,0,5
3700,16.0,3.51,45.98,72.31,1,Design,Free,0,4
3701,30.0,4.26,51.36,68.28,5,Marketing,Free,0,5
3702,20.0,3.71,62.48,68.0,3,Programming,Free,0,4
3703,18.0,6.37,61.27,86.99,4,Design,Paid,1,10
3704,16.0,6.48,53.86,68.82,3,Business,Free,1,9
3705,35.0,,37.84,100.0,4,Programming,Free,1,8
3706,21.0,3.29,61.67,62.57,1,Programming,Free,0,6
3707,29.0,8.73,34.45,88.53,5,Programming,Paid,0,6
3708,31.0,3.36,61.76,80.98,2,Business,Paid,0,4
3709,28.0,3.63,54.62,79.08,3,Design,Paid,0,6
3710,29.0,3.83,57.38,87.18,1,Business,Free,0,7
3711,30.0,8.12,50.32,59.7,0,Marketing,Paid,0,7
3712,28.0,2.4,65.08,75.68,3,Business,Free,0,5
3713,22.0,7.57,39.46,68.98,0,Marketing,Paid,0,7
3714,21.0,4.95,54.69,70.2,6,Business,Paid,0,6
3715,26.0,3.34,62.29,67.43,6,Marketing,Free,0,4
3716,26.0,6.65,52.62,60.4,2,Business,Free,1,9
3717,30.0,2.83,67.44,52.82,2,Business,Free,0,5
3718,35.0,11.34,40.76,75.28,3,Business,Free,0,7
3719,29.0,4.68,59.46,75.81,1,Marketing,Paid,1,6
3720,21.0,,59.33,70.99,6,Design,Free,1,7
3721,16.0,10.15,40.86,83.35,0,Business,Paid,1,10
3722,22.0,5.49,54.32,82.52,3,Design,Paid,0,7
3723,18.0,6.92,42.26,69.7,1,Marketing,Free,1,8
3724,22.0,1.68,46.79,100.0,5,Design,Free,1,9
3725,29.0,3.32,45.61,82.2,1,Business,Free,1,8
3726,28.0,6.06,44.96,100.0,3,Business,Paid,1,7
3727,40.0,6.6,54.11,68.14,5,Marketing,Free,0,5
3728,30.0,5.73,60.86,71.0,3,Programming,Free,0,6
3729,40.0,5.5,59.93,57.38,1,Business,Free,0,6
3730,32.0,8.17,43.26,71.36,1,Business,Paid,0,6
3731,35.0,5.02,56.53,66.37,4,Marketing,Free,0,5
3732,24.0,1.55,40.34,100.0,0,Marketing,Free,0,4
3733,19.0,9.7,41.33,71.08,2,Design,Paid,0,7
3734,24.0,2.78,44.72,71.66,4,Design,Free,0,6
3735,27.0,4.67,64.0,50.56,2,Programming,Free,0,6
3736,23.0,4.4,51.31,78.1,5,Marketing,Free,0,4
3737,20.0,4.14,60.08,57.2,4,Programming,Free,0,6
3738,30.0,2.47,50.59,81.1,0,Business,Free,1,7
3739,20.0,1.69,64.3,51.33,5,Business,Free,1,8
3740,16.0,3.23,60.18,76.78,6,Design,Paid,1,10
3741,19.0,5.88,52.4,45.85,1,Programming,Free,1,9
3742,25.0,2.11,66.65,62.11,2,Programming,Free,0,5
3743,20.0,2.73,54.81,69.48,2,Marketing,Free,1,8
3744,25.0,4.89,45.35,68.01,2,Design,Free,0,5
3745,31.0,3.19,67.24,66.0,3,Programming,Paid,1,9
3746,31.0,3.97,59.25,85.68,6,Business,Paid,1,7
3747,22.0,5.26,40.86,98.09,4,Programming,Paid,0,7
3748,18.0,5.76,46.01,80.06,6,Marketing,Paid,0,4
3749,23.0,3.16,59.95,61.68,2,Programming,Paid,0,4
3750,32.0,4.32,51.57,68.77,3,Programming,Free,0,8
3751,33.0,6.07,49.13,67.75,0,Programming,Paid,0,6
3752,29.0,2.86,56.0,86.89,1,Design,Paid,1,10
3753,35.0,4.47,65.7,76.88,4,Design,Free,0,5
3754,39.0,2.94,62.63,53.64,1,Business,Free,1,5
3755,24.0,4.29,56.96,84.98,6,Design,Free,1,7
3756,37.0,5.61,51.92,79.6,1,Programming,Free,0,9
3757,25.0,4.68,38.19,89.94,1,Programming,Paid,0,5
3758,34.0,6.12,54.76,61.8,5,Programming,Free,0,8
3759,32.0,5.79,49.88,75.66,0,Marketing,Free,1,8
3760,16.0,6.1,66.54,53.78,2,Programming,Free,0,5
3761,20.0,6.08,59.07,75.96,1,Marketing,Paid,0,6
3762,18.0,6.65,52.16,72.76,4,Programming,Free,0,5
3763,16.0,6.03,61.49,64.37,5,Programming,Paid,0,7
3764,33.0,1.92,59.66,72.11,1,Programming,Free,0,7
3765,41.0,2.84,65.96,70.02,2,Programming,Free,1,8
3766,25.0,3.69,59.37,66.05,3,Business,Free,1,9
3767,33.0,3.9,57.22,87.97,4,Design,Free,1,8
3768,37.0,5.95,59.89,69.19,2,Programming,Paid,0,9
3769,28.0,3.53,59.77,76.46,3,Business,Paid,0,7
3770,27.0,10.01,44.33,54.86,3,Business,Free,0,8
3771,25.0,3.87,51.68,77.95,0,Marketing,Free,1,7
3772,31.0,5.05,58.38,71.49,3,Marketing,Paid,1,9
3773,33.0,3.75,57.18,85.53,3,Business,Paid,1,10
3774,30.0,2.58,65.47,56.58,6,Business,Free,0,6
3775,30.0,4.79,49.68,79.74,3,Business,Paid,0,7
3776,27.0,4.11,63.84,52.18,6,Design,Free,0,4
3777,16.0,3.9,52.53,77.77,2,Business,Free,0,5
3778,33.0,10.68,40.4,69.9,4,Programming,Paid,1,8
3779,18.0,4.79,63.44,79.39,6,Business,Paid,0,6
3780,31.0,4.88,51.84,70.2,1,Marketing,Paid,0,6
3781,32.0,5.85,60.36,56.61,3,Programming,Free,0,5
3782,19.0,3.75,59.49,66.22,6,Business,Free,1,9
3783,23.0,6.46,40.95,78.52,3,Marketing,Paid,1,8
3784,42.0,2.28,51.2,74.92,6,Programming,Free,1,5
3785,26.0,2.29,57.51,77.04,2,Design,Free,1,7
3786,18.0,4.28,46.94,62.66,6,Marketing,Free,0,8
3787,33.0,3.65,60.82,91.8,4,Marketing,Free,0,6
3788,22.0,2.82,56.43,71.99,3,Programming,Free,1,7
3789,16.0,4.28,56.74,60.53,1,Programming,Free,1,8
3790,31.0,5.57,57.2,79.67,1,Business,Paid,1,9
3791,21.0,2.95,57.79,71.07,2,Programming,Free,0,6
3792,29.0,3.21,63.78,65.9,5,Programming,Free,1,9
3793,21.0,4.47,54.16,64.49,3,Programming,Free,1,8
3794,32.0,2.56,56.7,79.82,2,Programming,Free,0,6
3795,28.0,,57.06,91.28,3,Design,Free,0,8
3796,16.0,5.16,56.47,48.6,2,Business,Free,1,8
3797,30.0,4.01,54.76,84.54,5,Business,Free,0,6
3798,25.0,3.27,43.38,71.22,2,Business,Free,0,6
3799,37.0,2.7,64.92,76.37,3,Design,Free,0,5
3800,30.0,2.57,51.53,84.22,3,Programming,Free,0,4
3801,32.0,3.82,68.43,36.14,4,Programming,Free,1,8
3802,22.0,10.09,39.99,77.78,2,Programming,Free,1,9
3803,21.0,6.54,39.18,87.39,0,Programming,Paid,1,10
3804,27.0,2.78,55.27,63.74,4,Programming,Paid,1,9
3805,24.0,5.57,62.93,51.27,3,Programming,Free,1,7
3806,36.0,3.6,53.4,91.68,4,Programming,Paid,1,8
3807,26.0,5.06,54.07,55.68,3,Business,Paid,1,7
3808,18.0,3.11,59.94,75.61,3,Business,Free,0,5
3809,21.0,10.08,42.04,83.24,6,Marketing,Free,0,7
3810,34.0,3.04,53.27,79.36,0,Business,Paid,0,6
3811,26.0,4.67,44.09,79.65,0,Design,Free,0,6
3812,25.0,2.98,60.53,64.82,6,Programming,Free,0,6
3813,34.0,5.65,52.24,78.63,6,Design,Free,1,9
3814,21.0,4.63,58.64,59.5,2,Programming,Free,1,6
3815,16.0,8.91,41.57,72.21,3,Design,Paid,1,8
3816,21.0,5.6,54.46,74.36,3,Design,Free,1,7
3817,29.0,2.97,70.55,58.6,6,Design,Free,0,4
3818,25.0,15.06,26.02,74.92,3,Programming,Free,1,7
3819,16.0,5.21,61.45,43.71,5,Business,Free,1,5
3820,34.0,3.96,69.64,80.31,2,Marketing,Paid,0,6
3821,28.0,5.56,51.5,80.03,2,Business,Paid,1,9
3822,30.0,6.73,44.4,66.26,4,Business,Paid,0,5
3823,30.0,5.29,53.92,61.66,2,Design,Free,0,5
3824,18.0,5.07,52.22,63.1,0,Programming,Free,1,8
3825,29.0,,51.2,78.04,1,Business,Free,1,8
3826,33.0,5.99,51.56,77.46,6,Design,Free,0,4
3827,35.0,3.46,58.04,58.66,2,Programming,Paid,0,7
3828,32.0,10.47,53.86,69.27,0,Programming,Free,0,6
3829,31.0,9.84,42.53,75.25,6,Marketing,Free,1,7
3830,16.0,5.81,48.79,73.42,6,Business,Free,0,8
3831,27.0,5.16,47.48,68.13,3,Design,Paid,1,9
3832,20.0,4.16,50.03,72.71,4,Business,Free,1,8
3833,36.0,4.38,42.37,87.18,5,Design,Paid,1,10
3834,35.0,4.64,49.47,83.37,0,Design,Paid,0,5
3835,20.0,1.89,53.6,76.94,2,Programming,Paid,0,6
3836,27.0,8.07,45.3,90.43,3,Design,Free,0,7
3837,29.0,6.89,45.84,72.85,3,Business,Free,1,7
3838,33.0,1.91,70.57,57.9,2,Programming,Free,0,5
3839,16.0,7.57,53.28,65.77,0,Business,Paid,1,9
3840,16.0,5.05,56.82,74.11,6,Programming,Paid,0,7
3841,27.0,3.71,67.9,55.19,4,Business,Free,0,5
3842,16.0,5.06,67.17,67.58,5,Business,Free,1,8
3843,28.0,1.85,54.2,76.11,3,Business,Free,0,5
3844,31.0,4.03,56.85,83.88,3,Business,Free,0,7
3845,36.0,4.2,63.45,56.29,3,Marketing,Free,1,10
3846,23.0,4.2,60.89,74.99,3,Design,Free,1,8
3847,28.0,2.74,58.65,74.25,4,Business,Paid,0,8
3848,32.0,4.96,61.15,71.41,6,Business,Free,0,5
3849,19.0,6.53,43.49,69.7,5,Programming,Free,0,5
3850,33.0,4.87,49.59,67.62,4,Programming,Free,1,7
3851,29.0,3.66,47.76,87.92,0,Design,Free,1,7
3852,23.0,17.0,21.73,86.93,3,Programming,Paid,1,9
3853,28.0,2.67,51.6,93.72,6,Programming,Free,0,7
3854,26.0,5.74,47.07,73.89,2,Design,Free,1,9
3855,32.0,4.52,50.84,66.48,3,Business,Free,0,5
3856,24.0,,44.27,56.39,2,Programming,Free,0,5
3857,29.0,6.03,42.23,69.29,1,Business,Paid,0,6
3858,23.0,5.31,48.19,81.15,4,Design,Free,1,8
3859,20.0,5.09,50.26,80.55,2,Business,Free,1,9
3860,28.0,2.52,60.46,76.11,4,Programming,Free,0,5
3861,21.0,2.74,61.4,67.36,4,Design,Free,1,8
3862,33.0,3.58,71.85,60.09,5,Programming,Free,0,7
3863,31.0,6.24,48.76,92.52,6,Business,Free,1,8
3864,22.0,5.63,60.33,62.02,3,Programming,Paid,1,8
3865,28.0,3.69,53.49,87.37,0,Marketing,Free,0,6
3866,22.0,7.52,51.17,72.85,4,Programming,Free,1,8
3867,16.0,1.66,61.69,66.67,6,Design,Free,0,4
3868,23.0,,64.15,57.79,3,Programming,Paid,1,8
3869,27.0,1.32,76.43,63.42,3,Business,Free,0,6
3870,31.0,8.73,41.61,82.18,5,Design,Paid,0,9
3871,28.0,3.88,53.49,57.08,3,Programming,Free,0,5
3872,33.0,7.83,45.23,90.65,2,Programming,Paid,1,10
3873,20.0,4.83,60.3,69.51,3,Programming,Paid,0,7
3874,24.0,6.43,50.04,76.41,5,Programming,Free,0,7
3875,39.0,3.83,42.65,79.01,3,Marketing,Free,1,7
3876,16.0,4.88,55.41,90.22,2,Design,Free,1,9
3877,24.0,5.71,55.46,66.74,4,Programming,Paid,1,10
3878,19.0,5.9,47.99,77.61,4,Marketing,Paid,0,8
3879,26.0,8.65,60.19,51.18,6,Programming,Free,1,9
3880,24.0,1.95,47.3,75.03,6,Design,Free,1,8
3881,31.0,3.93,52.79,83.54,5,Business,Free,0,6
3882,29.0,4.43,50.83,74.8,5,Marketing,Free,1,7
3883,18.0,,56.09,96.44,3,Business,Free,1,6
3884,23.0,3.39,56.28,79.2,2,Design,Free,0,6
3885,27.0,3.19,54.4,66.83,3,Marketing,Free,1,8
3886,32.0,10.09,47.52,77.47,4,Programming,Paid,1,10
3887,44.0,4.91,43.05,61.13,3,Marketing,Paid,1,10
3888,32.0,15.18,35.81,68.11,1,Marketing,Paid,1,7
3889,20.0,5.14,50.21,59.72,0,Marketing,Free,0,8
3890,26.0,4.45,52.17,72.19,0,Programming,Paid,1,9
3891,28.0,,53.57,67.27,2,Programming,Free,0,4
3892,23.0,4.26,56.6,84.26,5,Business,Free,0,4
3893,30.0,7.42,61.34,73.01,5,Design,Free,1,5
3894,16.0,,48.93,67.97,5,Design,Paid,0,7
3895,31.0,1.8,57.61,88.87,4,Marketing,Free,0,5
3896,24.0,5.96,75.19,42.61,0,Business,Paid,1,7
3897,26.0,7.38,44.97,72.46,6,Programming,Paid,0,6
3898,37.0,,45.46,80.18,6,Design,Paid,0,6
3899,18.0,6.86,51.17,71.88,5,Programming,Paid,0,7
3900,29.0,6.42,53.55,78.0,3,Programming,Paid,0,5
3901,33.0,2.08,65.1,69.33,1,Programming,Free,1,7
3902,28.0,4.6,50.95,76.5,6,Business,Free,0,6
3903,16.0,9.17,41.08,68.38,1,Business,Paid,1,8
3904,36.0,4.38,67.47,59.41,5,Design,Free,0,6
3905,26.0,2.25,56.8,67.44,6,Programming,Free,0,5
3906,23.0,4.36,46.61,63.71,6,Business,Paid,1,10
3907,25.0,5.21,47.77,62.99,3,Business,Free,0,6
3908,24.0,11.37,30.48,88.7,5,Marketing,Paid,1,10
3909,19.0,1.68,63.91,89.58,5,Design,Free,0,6
3910,28.0,5.96,39.11,87.57,6,Business,Paid,1,10
3911,23.0,2.67,64.01,83.57,2,Design,Free,0,5
3912,32.0,5.1,60.51,74.6,4,Design,Free,1,9
3913,31.0,6.6,46.33,87.16,5,Marketing,Paid,1,9
3914,38.0,3.65,39.53,77.56,1,Design,Free,1,7
3915,26.0,5.39,38.32,93.47,1,Design,Free,1,6
3916,21.0,6.77,51.36,56.98,2,Programming,Free,0,6
3917,17.0,3.77,63.83,80.73,2,Design,Free,1,10
3918,42.0,2.22,60.22,61.36,5,Design,Free,1,7
3919,32.0,7.7,40.96,78.46,6,Business,Free,1,7
3920,22.0,7.36,53.65,60.81,1,Design,Paid,0,6
3921,39.0,5.23,51.33,53.44,2,Programming,Free,1,9
3922,36.0,2.97,62.66,59.03,6,Marketing,Free,0,3
3923,18.0,6.32,46.44,71.03,4,Programming,Free,0,5
3924,22.0,10.17,57.08,76.22,1,Marketing,Free,0,4
3925,26.0,3.84,41.95,97.41,4,Programming,Free,0,7
3926,20.0,5.29,62.96,77.09,6,Design,Paid,1,9
3927,26.0,3.14,46.25,85.73,2,Design,Paid,1,9
3928,32.0,2.93,59.66,72.77,3,Business,Free,1,8
3929,17.0,3.13,58.02,80.27,4,Programming,Paid,0,8
3930,29.0,4.3,55.49,74.01,5,Marketing,Free,1,9
3931,35.0,3.48,53.08,85.0,3,Design,Free,1,9
3932,30.0,5.99,58.38,67.47,6,Design,Paid,1,9
3933,26.0,2.71,69.21,49.53,5,Design,Free,0,7
3934,22.0,3.76,55.14,73.01,2,Programming,Free,1,7
3935,33.0,3.3,57.71,59.95,3,Design,Paid,1,9
3936,19.0,4.41,49.99,83.74,4,Programming,Free,1,10
3937,29.0,1.95,63.14,61.42,0,Programming,Free,0,3
3938,27.0,4.34,58.41,59.58,1,Business,Free,1,7
3939,35.0,4.47,45.62,100.0,1,Design,Paid,1,8
3940,23.0,5.5,44.32,71.78,5,Programming,Paid,0,7
3941,24.0,2.41,54.21,69.48,5,Programming,Paid,0,8
3942,18.0,5.44,56.08,76.98,5,Programming,Free,1,9
3943,30.0,4.43,38.12,81.79,0,Programming,Paid,0,6
3944,24.0,4.47,58.11,83.53,2,Business,Free,1,9
3945,21.0,,64.6,52.0,2,Programming,Free,0,5
3946,22.0,2.32,67.57,78.13,0,Marketing,Free,1,8
3947,31.0,4.25,64.04,68.48,1,Programming,Paid,0,7
3948,19.0,7.53,51.54,56.95,3,Programming,Free,0,7
3949,20.0,5.14,51.8,73.01,6,Marketing,Free,0,6
3950,33.0,4.3,73.91,46.27,1,Programming,Free,1,8
3951,26.0,2.68,62.61,83.23,6,Design,Free,0,8
3952,34.0,3.08,63.35,73.45,5,Marketing,Paid,1,6
3953,24.0,5.74,59.22,71.49,1,Marketing,Paid,0,6
3954,27.0,5.56,46.92,69.49,1,Business,Free,1,7
3955,28.0,5.57,54.48,69.99,3,Programming,Paid,1,8
3956,37.0,8.75,36.23,85.41,6,Design,Free,0,7
3957,36.0,3.73,52.36,65.0,5,Marketing,Paid,1,10
3958,35.0,4.4,57.33,68.49,6,Marketing,Free,1,7
3959,23.0,1.89,60.47,65.4,2,Programming,Free,0,6
3960,20.0,4.46,57.02,63.35,6,Design,Free,0,4
3961,32.0,,45.24,69.91,6,Programming,Free,1,6
3962,37.0,,56.13,59.31,4,Programming,Free,0,5
3963,35.0,5.92,67.71,55.55,1,Business,Free,0,5
3964,27.0,9.7,42.19,78.31,1,Programming,Paid,1,10
3965,32.0,2.97,44.51,86.57,0,Programming,Free,0,8
3966,32.0,5.0,56.09,68.58,5,Programming,Free,0,5
3967,28.0,8.26,55.42,72.97,2,Design,Free,1,6
3968,28.0,4.5,62.57,66.51,4,Programming,Free,1,6
3969,28.0,5.78,50.08,68.84,1,Design,Free,0,5
3970,21.0,1.83,54.29,82.04,6,Programming,Free,0,6
3971,22.0,6.63,42.55,77.49,5,Marketing,Paid,1,9
3972,22.0,5.12,59.63,41.86,2,Programming,Free,1,6
3973,16.0,2.79,48.4,89.99,3,Design,Paid,1,10
3974,28.0,2.63,47.6,79.45,0,Programming,Free,0,6
3975,27.0,5.32,49.31,75.22,0,Programming,Free,1,10
3976,32.0,3.54,72.05,34.94,6,Programming,Free,0,3
3977,36.0,8.36,43.94,71.96,5,Programming,Paid,1,10
3978,36.0,5.83,49.53,82.72,5,Programming,Paid,0,6
3979,37.0,4.16,63.35,77.79,4,Design,Free,1,7
3980,22.0,3.76,67.1,73.26,1,Business,Free,0,6
3981,17.0,4.63,51.84,78.75,0,Programming,Free,0,5
3982,34.0,5.82,56.09,75.39,5,Design,Free,0,5
3983,37.0,6.45,43.3,90.04,2,Design,Paid,1,10
3984,38.0,3.35,55.22,69.94,0,Programming,Free,0,3
3985,30.0,7.08,43.58,68.99,0,Programming,Free,1,10
3986,16.0,6.81,46.59,82.71,3,Programming,Paid,0,7
3987,30.0,6.03,59.71,67.22,5,Programming,Paid,1,9
3988,31.0,5.28,47.28,67.03,2,Design,Paid,0,8
3989,36.0,5.08,51.71,72.54,6,Marketing,Free,0,6
3990,37.0,1.78,56.53,78.7,2,Marketing,Free,0,5
3991,33.0,4.52,52.76,82.22,5,Marketing,Free,1,7
3992,23.0,8.48,43.76,83.31,1,Design,Free,0,8
3993,20.0,4.48,59.85,67.18,4,Programming,Free,1,6
3994,31.0,4.21,69.04,65.94,1,Programming,Free,0,5
3995,21.0,3.1,56.65,60.89,5,Programming,Free,0,4
3996,37.0,5.06,48.47,71.0,3,Programming,Free,1,8
3997,16.0,3.71,66.41,48.31,0,Programming,Free,0,5
3998,31.0,7.31,56.65,74.23,1,Design,Free,0,4
3999,29.0,2.75,40.18,100.0,2,Programming,Free,1,7
4000,26.0,3.31,67.22,49.95,3,Programming,Free,0,5
4001,21.0,3.87,53.42,76.73,1,Business,Paid,0,7
4002,16.0,11.57,42.89,76.53,4,Programming,Paid,1,7
4003,23.0,3.72,58.35,77.82,6,Marketing,Free,0,5
4004,23.0,3.17,63.58,56.4,4,Programming,Free,1,8
4005,35.0,1.58,61.74,79.16,2,Design,Free,1,9
4006,22.0,2.69,58.58,61.59,4,Programming,Free,0,6
4007,30.0,5.14,62.59,59.72,6,Design,Free,1,7
4008,18.0,6.42,55.0,83.42,1,Programming,Paid,1,10
4009,30.0,3.03,57.34,75.98,1,Programming,Free,0,5
4010,16.0,3.1,59.6,60.37,0,Business,Free,1,4
4011,42.0,11.71,40.45,65.47,5,Programming,Paid,1,10
4012,26.0,13.64,43.37,61.04,5,Programming,Free,1,8
4013,16.0,6.8,55.45,55.24,2,Marketing,Free,1,8
4014,22.0,8.18,37.8,77.15,6,Programming,Free,1,8
4015,21.0,11.25,40.86,86.0,4,Design,Paid,1,9
4016,22.0,10.99,35.19,70.67,6,Design,Free,0,6
4017,24.0,3.54,61.08,67.66,6,Programming,Free,1,7
4018,22.0,3.41,43.6,79.15,6,Design,Paid,1,8
4019,21.0,9.25,45.47,70.93,2,Programming,Free,0,6
4020,19.0,3.28,61.31,60.18,4,Business,Paid,0,5
4021,33.0,2.55,46.74,73.86,1,Programming,Free,1,7
4022,35.0,2.58,67.46,53.89,6,Programming,Free,0,6
4023,25.0,3.82,48.32,76.18,2,Programming,Free,0,7
4024,27.0,2.08,63.07,65.32,3,Marketing,Paid,0,5
4025,19.0,2.13,63.0,56.7,4,Business,Free,0,5
4026,27.0,3.06,49.11,72.21,5,Marketing,Free,0,4
4027,29.0,2.96,51.16,74.44,5,Business,Paid,0,5
4028,25.0,6.54,44.57,72.14,6,Business,Free,0,4
4029,30.0,5.08,60.54,69.07,4,Design,Paid,0,8
4030,29.0,,53.04,78.63,5,Marketing,Paid,1,7
4031,20.0,5.0,65.23,76.97,4,Design,Free,0,6
4032,35.0,4.62,46.67,85.99,2,Programming,Paid,0,6
4033,26.0,7.91,42.37,77.04,6,Business,Paid,1,10
4034,39.0,4.97,56.07,68.01,2,Design,Free,1,9
4035,30.0,4.39,58.67,55.84,4,Programming,Paid,0,6
4036,41.0,2.38,59.32,62.7,2,Design,Paid,0,8
4037,35.0,6.41,49.67,75.88,3,Programming,Paid,0,8
4038,29.0,2.3,60.87,80.83,2,Marketing,Free,0,7
4039,22.0,4.81,46.68,57.32,1,Programming,Free,1,7
4040,22.0,4.2,51.49,73.81,5,Business,Free,0,3
4041,31.0,2.2,51.45,72.26,5,Design,Free,0,5
4042,28.0,4.56,51.43,78.9,4,Business,Free,1,8
4043,23.0,4.42,55.44,78.39,0,Programming,Free,1,6
4044,33.0,5.53,66.09,52.7,1,Marketing,Paid,0,6
4045,27.0,4.33,48.36,84.32,1,Design,Free,0,3
4046,33.0,3.02,59.13,71.03,4,Programming,Free,0,7
4047,20.0,5.29,46.7,61.62,6,Programming,Free,0,6
4048,34.0,2.98,56.6,61.96,2,Programming,Free,0,4
4049,31.0,3.13,59.02,72.38,2,Programming,Paid,1,9
4050,35.0,6.87,42.42,69.46,3,Business,Paid,1,9
4051,34.0,6.18,61.9,62.66,6,Marketing,Free,0,6
4052,26.0,5.33,59.29,63.21,2,Business,Free,0,6
4053,26.0,4.62,50.75,67.6,1,Design,Paid,0,8
4054,39.0,1.69,46.77,87.47,3,Design,Free,1,7
4055,25.0,9.87,37.51,75.61,6,Business,Paid,0,6
4056,32.0,1.68,47.26,96.15,5,Marketing,Free,0,8
4057,24.0,5.28,45.72,72.45,3,Programming,Free,0,5
4058,16.0,,30.97,78.68,5,Marketing,Free,1,8
4059,18.0,5.42,53.11,67.38,0,Design,Paid,0,5
4060,30.0,5.78,56.27,72.6,5,Business,Paid,1,10
4061,32.0,6.01,45.47,77.26,0,Marketing,Paid,0,7
4062,30.0,4.43,60.53,63.99,2,Business,Free,0,4
4063,35.0,14.6,32.67,66.42,2,Programming,Paid,1,10
4064,30.0,2.77,60.21,78.2,4,Design,Free,0,4
4065,22.0,2.62,53.87,73.28,1,Programming,Free,1,9
4066,31.0,,60.97,60.29,1,Business,Paid,1,10
4067,28.0,8.88,46.19,71.4,6,Programming,Free,1,10
4068,23.0,3.91,61.19,81.08,3,Business,Paid,0,7
4069,30.0,4.92,59.32,66.3,5,Marketing,Free,1,8
4070,28.0,6.57,56.19,59.7,4,Programming,Free,0,3
4071,23.0,5.76,41.07,78.41,4,Design,Free,1,7
4072,26.0,8.01,52.88,46.7,4,Business,Paid,0,5
4073,37.0,7.68,42.39,74.02,4,Design,Free,0,5
4074,37.0,5.82,40.2,91.61,6,Programming,Paid,1,8
4075,28.0,3.3,69.94,36.84,5,Programming,Free,0,6
4076,27.0,5.42,49.34,86.23,2,Design,Paid,1,8
4077,17.0,3.48,57.08,76.99,1,Business,Free,1,9
4078,39.0,12.61,48.96,59.62,5,Design,Free,1,8
4079,34.0,3.99,56.74,78.25,2,Programming,Paid,0,6
4080,32.0,6.3,37.97,88.01,2,Design,Paid,1,8
4081,16.0,2.06,67.83,53.88,0,Programming,Free,0,6
4082,27.0,4.3,63.22,59.51,3,Programming,Free,0,7
4083,26.0,3.56,64.79,71.29,3,Business,Free,0,5
4084,32.0,6.87,44.66,83.73,5,Programming,Paid,1,9
4085,24.0,6.95,48.44,72.59,5,Design,Paid,0,7
4086,25.0,9.59,48.75,76.06,5,Marketing,Paid,1,9
4087,31.0,9.25,45.75,71.35,3,Design,Paid,0,4
4088,22.0,4.92,43.24,75.27,6,Business,Paid,1,9
4089,23.0,2.65,45.1,80.56,6,Programming,Free,0,4
4090,28.0,2.79,70.66,69.27,5,Programming,Free,0,4
4091,36.0,5.81,43.24,67.71,2,Programming,Paid,0,5
4092,33.0,4.35,54.7,70.64,1,Business,Free,0,5
4093,35.0,4.55,63.52,62.19,0,Business,Free,0,4
4094,27.0,3.19,52.77,56.07,6,Programming,Free,1,6
4095,37.0,9.68,31.96,86.44,5,Programming,Paid,1,9
4096,16.0,2.61,44.7,91.65,6,Programming,Paid,0,7
4097,41.0,3.11,74.34,56.08,5,Design,Free,1,9
4098,42.0,3.12,66.75,81.4,3,Business,Paid,1,8
4099,30.0,3.69,49.32,80.45,1,Business,Free,0,6
4100,33.0,7.11,56.91,59.78,0,Marketing,Free,1,9
4101,27.0,4.45,58.84,66.34,5,Programming,Paid,1,7
4102,26.0,5.31,52.61,68.65,2,Business,Paid,0,6
4103,23.0,6.83,31.26,97.01,2,Design,Paid,0,8
4104,27.0,4.36,62.11,91.83,5,Programming,Paid,1,9
4105,31.0,6.02,42.47,66.83,3,Marketing,Paid,0,6
4106,30.0,4.54,63.61,50.49,6,Programming,Free,0,5
4107,41.0,2.44,52.92,79.5,3,Business,Free,0,7
4108,28.0,4.11,58.66,80.98,5,Business,Paid,0,7
4109,17.0,5.95,50.64,89.56,0,Marketing,Paid,0,7
4110,39.0,7.22,46.05,63.41,2,Design,Free,0,5
4111,18.0,7.22,42.54,76.68,1,Programming,Free,1,6
4112,23.0,10.41,35.76,62.95,0,Business,Free,1,8
4113,29.0,5.05,52.81,77.85,6,Business,Free,0,5
4114,30.0,4.21,57.83,77.63,3,Design,Paid,1,7
4115,17.0,3.94,46.51,91.91,2,Business,Free,1,6
4116,22.0,3.85,54.38,73.37,2,Programming,Free,0,4
4117,17.0,4.22,65.96,74.86,1,Design,Paid,1,6
4118,31.0,4.82,59.13,73.95,0,Marketing,Free,1,7
4119,35.0,4.92,63.89,66.79,6,Programming,Free,0,5
4120,18.0,2.39,49.43,62.46,0,Design,Free,1,9
4121,34.0,6.62,46.27,92.71,2,Marketing,Free,0,6
4122,34.0,1.77,56.61,88.59,1,Business,Free,0,6
4123,22.0,3.67,49.69,70.65,6,Marketing,Free,0,7
4124,16.0,6.8,40.43,81.0,1,Design,Free,1,5
4125,20.0,5.33,44.05,94.04,2,Marketing,Free,1,9
4126,23.0,3.45,45.36,82.84,5,Programming,Free,0,6
4127,38.0,9.84,38.73,70.93,3,Design,Free,0,7
4128,26.0,4.16,51.09,77.12,2,Design,Paid,0,4
4129,20.0,1.65,71.57,52.11,3,Business,Free,1,7
4130,28.0,4.97,46.6,80.64,3,Marketing,Free,1,7
4131,18.0,2.28,51.27,88.67,2,Business,Paid,1,7
4132,31.0,2.79,60.35,84.75,4,Business,Free,0,9
4133,20.0,5.37,39.25,81.01,2,Design,Free,1,7
4134,21.0,4.12,53.77,81.52,6,Design,Paid,1,10
4135,30.0,5.27,58.34,64.02,3,Design,Free,0,6
4136,39.0,2.41,62.05,71.84,5,Programming,Free,1,6
4137,42.0,7.46,45.49,71.68,1,Design,Paid,1,8
4138,20.0,2.37,49.69,82.01,4,Marketing,Paid,1,9
4139,23.0,7.34,61.06,62.6,3,Business,Free,0,6
4140,31.0,3.27,50.82,76.71,5,Business,Free,0,6
4141,35.0,8.08,34.99,87.23,3,Design,Free,1,10
4142,16.0,3.47,53.87,81.77,5,Design,Paid,1,10
4143,28.0,9.64,39.18,71.94,0,Programming,Free,0,6
4144,24.0,2.64,61.4,83.13,4,Design,Free,1,9
4145,16.0,1.81,52.33,91.7,5,Design,Free,1,10
4146,18.0,5.17,60.96,70.71,3,Programming,Paid,0,6
4147,23.0,7.07,51.15,74.25,0,Programming,Free,0,4
4148,27.0,5.79,44.27,87.62,3,Business,Free,0,5
4149,34.0,6.84,53.39,80.69,5,Design,Free,0,4
4150,29.0,7.3,49.74,57.98,3,Design,Paid,0,5
4151,34.0,2.8,61.13,59.41,0,Programming,Free,0,6
4152,27.0,7.16,47.49,85.51,2,Design,Paid,1,8
4153,22.0,4.23,57.55,70.0,6,Design,Free,0,6
4154,26.0,2.95,48.53,88.4,1,Design,Free,0,6
4155,32.0,4.4,38.7,92.58,3,Design,Free,1,9
4156,34.0,3.95,59.88,60.92,2,Programming,Free,1,6
4157,26.0,7.67,47.18,61.66,4,Marketing,Free,1,7
4158,20.0,4.02,57.65,67.67,2,Programming,Paid,1,6
4159,29.0,3.15,56.11,69.81,2,Design,Free,1,9
4160,30.0,3.7,45.9,90.43,4,Programming,Paid,1,10
4161,36.0,9.52,45.17,63.65,4,Design,Free,0,6
4162,22.0,3.04,55.95,76.91,3,Programming,Free,0,6
4163,22.0,7.27,47.7,87.07,1,Marketing,Free,1,7
4164,32.0,2.55,58.16,82.19,0,Design,Free,1,8
4165,24.0,5.09,64.84,75.8,4,Business,Free,0,7
4166,24.0,5.7,53.79,70.05,2,Programming,Paid,0,7
4167,36.0,8.83,33.57,94.19,4,Programming,Paid,1,10
4168,17.0,8.27,44.37,75.55,2,Design,Paid,0,8
4169,41.0,5.26,51.22,87.48,5,Design,Paid,1,10
4170,23.0,3.18,63.68,72.41,4,Design,Free,1,8
4171,33.0,8.43,60.9,53.16,2,Marketing,Free,1,8
4172,26.0,3.04,53.4,68.03,2,Business,Free,0,5
4173,29.0,1.83,67.46,74.86,5,Marketing,Paid,0,7
4174,25.0,1.76,62.65,66.28,0,Programming,Free,0,5
4175,33.0,1.96,57.82,63.74,0,Business,Free,0,6
4176,25.0,6.63,44.7,84.26,0,Design,Paid,1,10
4177,23.0,10.98,45.42,79.11,2,Business,Free,1,6
4178,40.0,2.02,62.65,73.29,3,Marketing,Paid,1,7
4179,27.0,2.85,52.82,67.54,2,Business,Free,0,5
4180,22.0,5.28,48.24,65.47,1,Marketing,Paid,0,7
4181,17.0,10.16,33.02,77.8,2,Business,Paid,1,9
4182,40.0,2.84,49.77,84.54,3,Programming,Free,0,4
4183,23.0,5.29,48.67,86.16,2,Business,Free,1,9
4184,41.0,3.62,51.48,68.01,4,Design,Free,1,10
4185,30.0,13.11,25.89,93.41,2,Marketing,Free,1,7
4186,28.0,4.33,65.43,67.02,6,Business,Free,0,5
4187,28.0,4.76,69.7,55.81,6,Programming,Free,1,8
4188,43.0,4.21,71.96,51.66,4,Programming,Free,1,7
4189,16.0,3.36,52.56,55.08,3,Programming,Free,0,7
4190,29.0,6.22,59.29,77.34,0,Design,Free,0,6
4191,25.0,3.01,59.81,68.91,4,Programming,Paid,1,8
4192,26.0,1.65,64.42,64.05,2,Business,Free,0,5
4193,28.0,3.79,64.9,65.53,2,Design,Free,0,4
4194,25.0,5.85,60.68,59.05,5,Business,Free,0,7
4195,28.0,3.12,51.86,57.32,0,Programming,Free,1,8
4196,27.0,5.51,43.35,88.15,1,Design,Paid,1,9
4197,18.0,2.34,51.28,89.64,5,Programming,Free,1,8
4198,30.0,8.18,30.39,96.08,6,Marketing,Paid,0,7
4199,32.0,5.44,57.33,76.25,3,Programming,Free,0,4
4200,23.0,5.11,64.26,66.09,3,Programming,Paid,1,7
4201,40.0,5.47,55.51,63.99,6,Programming,Paid,1,8
4202,36.0,2.71,56.67,83.32,0,Business,Paid,1,9
4203,33.0,2.21,62.31,65.04,3,Programming,Free,0,5
4204,33.0,3.84,55.71,75.53,1,Business,Free,1,10
4205,27.0,6.39,48.97,96.23,3,Business,Paid,0,6
4206,35.0,5.23,42.21,73.39,6,Business,Free,1,7
4207,38.0,3.44,51.98,95.33,4,Programming,Free,1,8
4208,33.0,5.67,58.53,54.48,6,Programming,Free,0,4
4209,23.0,7.69,41.34,78.47,3,Design,Free,0,6
4210,27.0,3.9,53.28,71.76,6,Programming,Free,1,7
4211,31.0,4.66,69.68,60.18,1,Business,Free,0,6
4212,33.0,3.69,46.75,77.62,2,Programming,Free,1,8
4213,26.0,3.83,49.3,89.31,1,Design,Free,0,6
4214,23.0,4.38,57.09,94.43,5,Programming,Free,0,7
4215,38.0,,29.64,82.11,3,Design,Paid,0,8
4216,19.0,6.12,57.98,45.2,1,Programming,Free,0,8
4217,20.0,7.35,46.0,80.25,1,Business,Paid,1,10
4218,18.0,3.31,58.28,76.9,2,Programming,Free,0,5
4219,20.0,2.71,59.05,70.03,1,Marketing,Free,1,7
4220,36.0,6.04,44.26,77.37,4,Business,Paid,1,9
4221,36.0,8.87,50.0,66.2,5,Programming,Paid,1,10
4222,26.0,11.01,40.53,70.4,6,Programming,Paid,1,10
4223,30.0,1.68,60.6,84.21,1,Programming,Paid,0,6
4224,27.0,15.24,30.98,88.67,3,Programming,Paid,1,10
4225,19.0,6.12,47.76,56.75,3,Programming,Paid,1,9
4226,43.0,7.63,54.52,71.13,3,Marketing,Paid,1,10
4227,37.0,2.32,63.23,57.53,3,Business,Paid,0,7
4228,29.0,3.65,55.4,90.06,1,Programming,Free,1,8
4229,21.0,5.87,51.1,82.71,0,Design,Free,1,7
4230,25.0,2.39,80.47,43.99,2,Programming,Free,0,6
4231,22.0,1.11,62.46,71.82,0,Marketing,Free,0,4
4232,28.0,5.9,50.59,68.6,0,Programming,Paid,1,9
4233,29.0,,56.25,62.68,3,Business,Free,0,5
4234,25.0,7.76,37.87,82.4,6,Business,Free,0,5
4235,17.0,4.72,55.01,84.16,3,Programming,Paid,1,10
4236,42.0,3.9,49.88,71.23,0,Programming,Free,0,6
4237,29.0,6.94,54.47,71.58,5,Design,Paid,1,6
4238,30.0,6.46,51.4,65.85,4,Marketing,Free,0,5
4239,24.0,2.95,46.88,74.44,2,Design,Free,1,7
4240,16.0,6.2,62.2,65.97,1,Business,Free,1,9
4241,26.0,3.21,37.85,70.94,6,Business,Free,1,6
4242,25.0,4.09,53.51,77.14,3,Business,Free,1,10
4243,32.0,5.48,58.82,58.66,0,Design,Free,0,6
4244,33.0,5.93,39.87,66.42,1,Design,Free,0,5
4245,32.0,4.68,57.63,70.63,1,Business,Free,1,7
4246,34.0,3.12,47.34,90.78,2,Programming,Paid,1,8
4247,40.0,1.75,56.18,81.38,2,Marketing,Free,1,8
4248,30.0,3.73,66.07,67.96,3,Programming,Free,0,5
4249,35.0,6.28,51.55,72.83,2,Programming,Free,0,5
4250,30.0,6.21,48.38,73.88,4,Business,Paid,1,8
4251,16.0,5.65,46.82,84.93,3,Programming,Paid,0,8
4252,26.0,5.05,62.52,77.21,6,Programming,Paid,1,9
4253,21.0,5.83,49.03,87.35,5,Programming,Paid,0,6
4254,29.0,2.59,57.84,60.45,2,Design,Free,0,5
4255,21.0,7.2,47.42,68.03,0,Marketing,Paid,1,8
4256,31.0,5.93,44.86,71.29,4,Programming,Free,1,8
4257,34.0,4.32,50.51,77.92,2,Programming,Paid,1,7
4258,35.0,4.94,54.48,98.0,6,Design,Free,0,7
4259,38.0,1.87,66.16,53.52,2,Marketing,Free,0,6
4260,16.0,5.5,44.82,71.6,2,Programming,Paid,0,6
4261,19.0,4.77,55.6,75.68,2,Marketing,Paid,0,7
4262,47.0,,40.35,79.0,6,Marketing,Paid,0,7
4263,34.0,3.71,54.13,88.8,0,Programming,Free,1,7
4264,29.0,5.99,47.14,80.64,6,Business,Free,0,7
4265,27.0,3.4,72.52,53.36,1,Business,Free,0,2
4266,27.0,1.45,50.08,89.34,5,Design,Free,0,7
4267,16.0,3.66,43.79,89.06,3,Design,Free,0,6
4268,22.0,4.43,60.02,73.89,3,Business,Free,0,7
4269,26.0,5.43,46.01,57.2,1,Business,Paid,0,8
4270,22.0,4.37,55.09,69.33,5,Business,Free,0,5
4271,23.0,4.04,57.42,81.42,4,Marketing,Paid,1,8
4272,45.0,4.38,36.41,87.97,3,Design,Paid,1,9
4273,25.0,2.44,66.98,51.53,3,Business,Free,0,4
4274,29.0,1.65,54.85,64.42,4,Marketing,Free,0,5
4275,29.0,3.87,42.0,81.18,3,Programming,Free,0,5
4276,31.0,2.9,47.12,86.02,6,Programming,Free,1,7
4277,24.0,8.24,41.96,82.31,0,Design,Paid,1,8
4278,36.0,1.52,52.82,84.56,1,Marketing,Free,0,7
4279,30.0,4.62,60.77,73.46,5,Programming,Free,0,6
4280,18.0,13.17,31.56,85.59,5,Business,Paid,1,9
4281,26.0,4.67,50.98,73.74,2,Programming,Paid,1,9
4282,26.0,5.06,43.79,77.76,3,Programming,Paid,1,9
4283,25.0,4.91,60.4,57.56,0,Business,Free,0,3
4284,31.0,6.36,60.13,80.67,1,Programming,Paid,1,8
4285,31.0,3.37,57.6,59.35,6,Marketing,Free,1,9
4286,31.0,2.58,53.98,76.65,4,Programming,Free,1,9
4287,29.0,6.8,43.51,71.89,0,Marketing,Paid,1,8
4288,28.0,2.15,65.62,76.44,5,Programming,Paid,1,10
4289,16.0,5.9,60.71,62.5,2,Marketing,Free,0,4
4290,32.0,3.4,56.93,65.46,3,Business,Free,0,5
4291,30.0,4.06,52.13,72.42,5,Programming,Free,0,5
4292,20.0,,47.17,81.05,5,Programming,Paid,0,6
4293,29.0,9.65,37.24,85.13,0,Programming,Paid,1,8
4294,32.0,4.54,64.26,62.5,2,Design,Free,0,6
4295,35.0,3.51,63.46,54.49,1,Business,Free,1,9
4296,31.0,4.33,64.31,68.25,6,Design,Paid,1,7
4297,29.0,4.74,51.68,67.34,5,Design,Paid,1,9
4298,34.0,11.92,18.52,89.67,4,Design,Free,0,7
4299,25.0,2.24,70.11,87.4,0,Design,Free,0,5
4300,30.0,8.25,50.72,64.04,5,Business,Paid,1,8
4301,23.0,5.24,51.26,91.1,3,Design,Free,0,5
4302,35.0,8.11,37.65,85.09,1,Business,Free,1,10
4303,16.0,5.38,50.6,55.39,3,Marketing,Free,0,7
4304,33.0,4.06,62.52,55.64,3,Programming,Free,1,7
4305,27.0,8.02,42.17,52.09,2,Programming,Paid,0,8
4306,34.0,4.5,55.06,66.96,6,Programming,Free,1,7
4307,22.0,5.7,57.63,74.17,6,Design,Free,0,5
4308,28.0,7.71,51.86,68.19,0,Programming,Free,0,4
4309,27.0,5.28,60.59,55.22,6,Marketing,Paid,0,4
4310,30.0,,73.74,55.3,2,Business,Free,1,7
4311,20.0,3.04,58.75,76.6,5,Design,Free,0,5
4312,31.0,4.97,40.4,77.84,5,Business,Free,1,8
4313,16.0,2.73,67.78,43.76,4,Programming,Free,1,8
4314,22.0,4.33,70.71,60.91,5,Business,Paid,0,6
4315,16.0,3.28,51.43,84.27,4,Programming,Paid,1,8
4316,33.0,6.37,65.64,61.53,5,Business,Paid,1,8
4317,30.0,2.89,64.46,72.35,2,Marketing,Free,1,10
4318,30.0,2.27,62.78,56.49,5,Business,Free,0,6
4319,37.0,3.07,46.93,85.23,6,Marketing,Paid,1,10
4320,25.0,3.14,66.29,53.83,6,Design,Free,1,10
4321,31.0,4.08,63.57,71.65,1,Business,Paid,1,8
4322,27.0,4.54,41.35,83.4,3,Design,Free,0,7
4323,26.0,3.77,55.23,77.71,3,Business,Free,0,5
4324,36.0,4.79,45.36,62.43,4,Programming,Free,1,9
4325,42.0,4.97,56.16,59.62,4,Programming,Free,1,9
4326,24.0,5.66,42.54,71.67,5,Design,Free,0,3
4327,33.0,1.72,71.2,52.53,3,Programming,Free,0,6
4328,29.0,2.44,56.03,69.9,4,Business,Free,1,7
4329,29.0,5.21,60.42,71.63,6,Marketing,Free,1,7
4330,29.0,5.57,49.26,72.11,0,Marketing,Paid,0,6
4331,25.0,6.29,44.37,80.0,4,Programming,Free,0,7
4332,16.0,2.53,51.9,65.26,2,Marketing,Paid,1,8
4333,38.0,3.27,68.51,47.55,6,Programming,Free,0,4
4334,22.0,3.55,61.08,68.75,3,Design,Free,1,7
4335,25.0,4.37,60.19,73.8,4,Marketing,Free,1,8
4336,25.0,5.15,57.85,70.72,5,Programming,Paid,0,7
4337,22.0,5.01,58.22,66.19,1,Programming,Free,0,7
4338,29.0,4.81,62.53,58.48,3,Programming,Paid,0,7
4339,27.0,7.52,55.18,64.17,5,Design,Free,0,6
4340,22.0,,47.21,69.63,5,Business,Paid,1,10
4341,28.0,3.07,51.26,65.19,1,Programming,Paid,1,10
4342,27.0,5.17,46.04,85.18,5,Programming,Paid,1,10
4343,33.0,5.81,40.66,76.64,1,Design,Free,0,9
4344,18.0,6.6,54.51,65.61,1,Programming,Paid,1,10
4345,21.0,3.38,63.28,83.05,5,Business,Free,0,6
4346,32.0,5.69,54.44,81.19,4,Marketing,Paid,1,8
4347,23.0,1.99,62.36,56.07,3,Business,Free,1,8
4348,21.0,4.02,70.73,38.46,3,Marketing,Free,0,6
4349,23.0,2.1,66.21,60.74,6,Design,Free,1,6
4350,26.0,6.37,48.85,81.54,1,Business,Paid,0,8
4351,26.0,2.45,49.24,78.7,2,Programming,Free,0,5
4352,26.0,4.36,71.47,48.08,3,Programming,Free,0,5
4353,20.0,4.68,45.25,78.25,5,Business,Free,0,6
4354,32.0,5.25,48.44,79.45,3,Programming,Paid,1,8
4355,36.0,3.05,58.54,87.15,5,Marketing,Free,0,6
4356,16.0,4.61,47.71,85.45,5,Business,Paid,1,8
4357,16.0,6.9,44.95,86.69,6,Marketing,Free,0,7
4358,34.0,4.19,54.25,77.86,3,Programming,Paid,0,7
4359,38.0,5.12,50.24,82.55,3,Design,Paid,1,9
4360,16.0,3.95,57.05,71.29,0,Business,Paid,0,7
4361,33.0,8.02,45.0,81.84,0,Programming,Paid,1,9
4362,38.0,4.2,59.97,60.68,3,Design,Free,0,6
4363,21.0,2.88,53.98,69.47,5,Business,Free,0,5
4364,38.0,5.09,40.74,82.17,5,Marketing,Paid,0,6
4365,26.0,3.64,57.71,86.49,2,Business,Free,0,4
4366,29.0,7.59,57.77,62.26,3,Programming,Free,1,9
4367,22.0,4.97,50.41,87.67,5,Design,Paid,1,8
4368,34.0,2.18,61.97,72.03,2,Design,Free,1,10
4369,33.0,5.08,45.39,79.84,1,Programming,Free,0,5
4370,39.0,11.32,25.97,69.99,6,Design,Paid,1,10
4371,37.0,,46.37,76.71,3,Programming,Free,0,7
4372,27.0,2.47,49.78,66.86,1,Programming,Free,0,7
4373,49.0,,61.46,62.15,1,Design,Free,1,8
4374,36.0,4.0,65.87,66.16,2,Programming,Free,1,6
4375,31.0,5.03,43.31,91.22,1,Design,Paid,1,9
4376,20.0,6.02,52.48,59.77,3,Programming,Paid,1,8
4377,16.0,3.47,57.2,54.67,5,Business,Free,1,7
4378,17.0,2.69,58.87,72.78,5,Programming,Free,0,4
4379,20.0,6.22,56.91,54.88,6,Marketing,Free,0,5
4380,37.0,2.45,48.13,86.76,5,Programming,Free,0,2
4381,30.0,3.53,55.03,93.38,2,Design,Paid,1,9
4382,23.0,2.44,72.69,80.46,0,Programming,Free,1,8
4383,26.0,5.34,61.64,67.87,1,Programming,Free,1,7
4384,25.0,5.32,44.5,94.65,5,Design,Paid,0,6
4385,33.0,7.54,40.96,90.63,2,Marketing,Paid,1,9
4386,21.0,2.85,57.23,66.91,5,Marketing,Free,0,7
4387,29.0,2.31,51.87,85.27,3,Programming,Free,0,7
4388,29.0,,68.47,57.06,6,Programming,Free,0,6
4389,21.0,3.74,63.69,68.83,3,Business,Free,1,8
4390,38.0,4.46,53.55,56.07,6,Design,Free,0,6
4391,25.0,2.38,61.15,73.75,1,Programming,Paid,1,10
4392,20.0,6.29,57.71,71.76,5,Business,Paid,0,7
4393,33.0,2.71,57.62,69.48,3,Design,Free,1,8
4394,27.0,3.03,57.85,69.18,1,Business,Free,1,9
4395,30.0,6.88,57.67,61.05,1,Programming,Free,0,5
4396,19.0,1.52,64.96,74.42,2,Design,Free,0,5
4397,33.0,4.69,53.07,83.4,1,Programming,Free,1,9
4398,42.0,4.68,60.47,59.32,6,Business,Free,0,6
4399,18.0,3.51,55.79,82.35,1,Programming,Paid,1,9
4400,29.0,4.15,52.12,77.37,4,Business,Paid,1,10
4401,22.0,8.78,36.29,79.12,3,Business,Paid,1,7
4402,46.0,9.81,34.35,70.66,3,Business,Free,0,5
4403,36.0,6.55,58.38,59.39,4,Programming,Free,0,4
4404,29.0,9.47,44.15,73.34,6,Programming,Free,1,7
4405,18.0,2.97,58.48,79.19,6,Design,Free,0,6
4406,20.0,,57.55,66.0,6,Design,Free,0,4
4407,32.0,4.95,57.87,62.45,3,Marketing,Paid,1,10
4408,17.0,7.28,48.9,73.02,5,Programming,Paid,1,9
4409,18.0,,65.66,80.42,1,Marketing,Free,1,7
4410,27.0,2.67,61.22,80.06,6,Programming,Free,0,4
4411,28.0,2.81,50.52,82.44,1,Programming,Free,0,5
4412,30.0,4.76,57.19,72.46,0,Programming,Free,0,5
4413,24.0,4.49,51.81,68.1,5,Business,Free,1,7
4414,33.0,2.86,44.24,67.97,5,Programming,Free,0,9
4415,21.0,4.4,72.1,53.08,0,Programming,Free,1,6
4416,31.0,3.03,57.46,67.49,6,Business,Paid,0,6
4417,28.0,3.35,63.15,73.47,0,Design,Free,0,5
4418,31.0,2.3,58.29,64.8,0,Programming,Free,0,5
4419,35.0,3.79,52.63,69.1,6,Programming,Free,1,6
4420,24.0,3.54,56.44,64.25,1,Design,Paid,0,6
4421,22.0,5.53,60.39,54.18,1,Programming,Free,1,8
4422,16.0,4.01,55.18,77.31,5,Programming,Free,1,9
4423,16.0,3.66,63.29,61.83,4,Business,Free,0,6
4424,26.0,8.99,46.28,59.89,3,Programming,Free,0,7
4425,26.0,4.82,53.41,74.95,6,Design,Free,0,3
4426,19.0,3.44,57.48,56.83,0,Programming,Free,0,5
4427,21.0,3.12,63.5,81.28,6,Programming,Free,0,9
4428,38.0,2.98,55.64,56.92,1,Programming,Paid,0,8
4429,33.0,3.94,52.59,68.02,4,Programming,Free,1,6
4430,18.0,4.66,56.55,59.02,2,Programming,Free,1,8
4431,24.0,1.71,76.12,69.87,2,Programming,Free,0,4
4432,30.0,2.2,66.21,67.28,2,Marketing,Free,0,5
4433,23.0,3.21,53.06,70.74,3,Business,Free,0,8
4434,21.0,2.47,60.57,82.66,6,Programming,Free,0,7
4435,25.0,4.13,60.51,67.13,0,Design,Free,0,4
4436,35.0,5.5,54.68,71.04,4,Design,Paid,0,6
4437,35.0,3.84,62.09,67.53,6,Business,Free,0,6
4438,22.0,6.49,44.68,89.69,5,Programming,Paid,1,9
4439,30.0,3.9,57.62,70.92,6,Programming,Paid,1,9
4440,27.0,3.97,42.96,82.81,0,Programming,Free,0,5
4441,20.0,2.58,69.92,65.88,2,Programming,Free,0,5
4442,25.0,4.61,48.37,82.28,2,Programming,Free,0,5
4443,18.0,5.25,42.75,80.78,3,Marketing,Paid,1,8
4444,35.0,2.36,54.37,78.32,2,Marketing,Free,0,7
4445,38.0,3.78,61.13,50.77,1,Programming,Free,1,8
4446,24.0,3.99,56.06,58.16,5,Design,Free,0,5
4447,22.0,5.75,50.97,88.7,1,Design,Paid,1,10
4448,34.0,4.68,55.95,84.58,6,Design,Free,1,9
4449,36.0,2.93,37.43,98.21,0,Design,Free,1,8
4450,19.0,5.72,56.77,50.17,2,Programming,Free,0,5
4451,26.0,5.13,48.9,77.6,4,Marketing,Free,1,10
4452,27.0,3.66,57.9,65.75,6,Marketing,Paid,1,10
4453,22.0,3.03,70.17,66.85,5,Business,Paid,0,5
4454,30.0,3.03,55.53,65.48,0,Business,Free,0,7
4455,22.0,2.09,67.54,77.82,5,Design,Free,0,8
4456,23.0,5.57,54.46,64.03,2,Programming,Paid,0,7
4457,26.0,6.91,60.29,68.4,6,Programming,Free,0,5
4458,17.0,7.69,42.4,82.32,5,Design,Free,0,5
4459,16.0,2.48,53.44,81.54,1,Programming,Free,0,8
4460,33.0,5.78,49.63,78.62,2,Business,Free,0,7
4461,22.0,5.27,57.28,82.52,5,Design,Paid,0,7
4462,42.0,1.72,60.36,76.58,6,Design,Paid,1,10
4463,41.0,3.49,62.17,61.17,4,Programming,Free,1,7
4464,23.0,4.15,55.93,82.16,1,Marketing,Paid,1,9
4465,43.0,6.99,49.96,55.39,2,Programming,Free,0,6
4466,34.0,3.43,58.77,73.43,5,Programming,Paid,0,6
4467,22.0,5.22,55.47,55.09,4,Programming,Free,1,5
4468,16.0,3.86,65.64,70.55,1,Business,Free,0,7
4469,32.0,2.12,66.34,61.44,1,Marketing,Free,1,7
4470,27.0,3.16,65.09,63.19,1,Programming,Free,0,5
4471,30.0,8.08,37.1,65.4,3,Marketing,Free,0,5
4472,25.0,3.75,65.54,58.44,3,Programming,Free,0,5
4473,19.0,7.62,46.26,74.04,3,Business,Paid,0,6
4474,24.0,7.43,50.01,42.91,6,Programming,Paid,0,7
4475,32.0,3.31,63.69,55.98,4,Design,Free,0,7
4476,25.0,2.28,47.93,79.84,4,Business,Free,0,5
4477,24.0,2.41,61.95,75.47,2,Design,Free,0,5
4478,16.0,7.79,60.7,59.32,4,Programming,Free,0,5
4479,28.0,4.34,41.11,81.71,6,Business,Free,1,7
4480,19.0,2.32,60.29,69.79,0,Marketing,Paid,1,9
4481,33.0,7.38,47.5,72.2,2,Design,Paid,1,8
4482,22.0,1.81,52.25,62.38,0,Business,Free,0,8
4483,25.0,3.5,54.21,95.97,1,Business,Paid,1,9
4484,42.0,4.21,59.71,70.82,0,Programming,Free,0,5
4485,25.0,12.61,48.32,74.55,4,Marketing,Free,1,9
4486,24.0,5.85,54.35,73.6,5,Programming,Free,0,4
4487,31.0,3.26,59.84,50.62,6,Business,Free,0,4
4488,16.0,,62.74,60.87,1,Programming,Free,0,6
4489,36.0,7.67,53.72,77.46,4,Programming,Paid,1,9
4490,34.0,7.69,44.41,73.96,2,Design,Free,0,7
4491,31.0,3.63,53.51,96.05,2,Design,Free,0,3
4492,16.0,3.68,44.37,66.88,4,Marketing,Free,1,9
4493,25.0,3.49,60.93,86.4,4,Marketing,Paid,1,8
4494,18.0,5.47,55.58,77.67,4,Programming,Free,0,4
4495,35.0,8.04,31.25,73.71,0,Programming,Paid,1,7
4496,34.0,2.12,61.07,75.89,2,Programming,Paid,1,8
4497,30.0,3.39,45.74,71.1,1,Design,Free,0,7
4498,19.0,2.94,59.47,58.27,0,Design,Paid,0,7
4499,37.0,5.43,54.07,80.17,0,Marketing,Paid,1,10
4500,25.0,2.9,54.91,79.71,3,Business,Paid,0,6
4501,40.0,2.24,66.35,75.03,0,Programming,Free,0,6
4502,29.0,6.72,49.48,74.63,5,Design,Free,1,6
4503,31.0,3.76,52.92,81.67,0,Business,Free,0,4
4504,24.0,3.95,65.03,65.34,1,Design,Free,0,5
4505,37.0,6.16,43.06,89.62,6,Programming,Paid,0,5
4506,31.0,7.85,48.74,68.12,4,Design,Paid,0,5
4507,37.0,3.36,57.73,72.92,3,Design,Free,0,6
4508,28.0,3.39,55.48,76.17,0,Programming,Free,1,9
4509,27.0,3.4,66.61,65.34,0,Business,Free,0,5
4510,31.0,8.25,39.5,80.99,6,Programming,Paid,1,7
4511,37.0,3.93,51.67,70.57,5,Design,Free,0,3
4512,34.0,4.45,46.13,79.18,6,Design,Paid,1,9
4513,28.0,4.84,41.79,70.6,5,Marketing,Free,1,7
4514,16.0,9.24,57.2,61.08,0,Programming,Free,1,8
4515,33.0,5.24,38.41,99.01,5,Programming,Paid,0,7
4516,17.0,3.59,60.4,57.92,3,Programming,Free,0,5
4517,27.0,9.72,60.06,51.14,4,Design,Free,0,7
4518,26.0,9.22,47.04,62.36,2,Programming,Paid,1,10
4519,17.0,6.91,52.53,72.44,5,Business,Free,0,6
4520,30.0,4.05,48.95,67.48,5,Programming,Paid,0,5
4521,42.0,3.87,60.4,84.22,6,Programming,Paid,1,8
4522,25.0,2.22,53.65,87.82,3,Design,Paid,1,10
4523,32.0,6.26,46.49,67.5,1,Business,Free,0,7
4524,43.0,4.2,55.45,54.84,4,Marketing,Free,0,4
4525,33.0,2.25,73.88,60.89,3,Business,Paid,0,8
4526,22.0,6.96,45.38,73.68,1,Design,Free,1,7
4527,29.0,4.36,54.2,57.79,5,Business,Paid,0,7
4528,30.0,4.6,52.45,70.95,0,Business,Paid,0,10
4529,37.0,2.05,55.99,85.06,2,Programming,Free,0,4
4530,35.0,5.06,52.68,77.43,4,Design,Free,1,9
4531,16.0,6.35,52.27,75.5,6,Business,Paid,1,8
4532,21.0,3.97,63.25,55.51,4,Programming,Free,0,6
4533,27.0,3.36,60.94,73.0,6,Business,Free,0,5
4534,20.0,16.53,25.6,75.41,5,Design,Paid,1,6
4535,16.0,2.36,70.5,76.39,1,Design,Free,0,5
4536,22.0,2.93,53.77,76.73,5,Programming,Free,1,8
4537,27.0,6.97,53.07,84.88,2,Business,Paid,1,10
4538,23.0,3.21,52.1,77.85,4,Marketing,Paid,0,7
4539,20.0,2.49,50.01,74.14,1,Programming,Free,1,10
4540,27.0,8.43,38.4,65.86,3,Programming,Paid,0,6
4541,29.0,6.66,47.22,85.59,4,Programming,Paid,1,8
4542,24.0,5.04,65.81,57.35,6,Programming,Free,1,8
4543,37.0,4.4,48.8,70.32,6,Marketing,Free,0,5
4544,27.0,3.71,44.94,90.37,5,Design,Paid,0,8
4545,21.0,3.62,62.58,62.22,3,Programming,Free,0,4
4546,19.0,4.89,59.66,55.91,6,Programming,Paid,1,10
4547,26.0,5.93,49.57,68.19,0,Marketing,Free,1,9
4548,35.0,4.91,41.88,84.7,6,Programming,Free,1,9
4549,21.0,2.67,69.87,46.02,1,Business,Free,1,9
4550,31.0,5.79,56.95,69.23,2,Programming,Free,1,7
4551,28.0,2.38,65.18,64.39,6,Programming,Paid,0,5
4552,41.0,3.51,58.23,69.16,5,Business,Free,0,6
4553,30.0,3.03,53.26,67.82,5,Programming,Paid,0,6
4554,22.0,2.76,57.27,81.57,4,Business,Free,0,6
4555,32.0,12.06,39.48,72.65,4,Programming,Paid,1,9
4556,32.0,2.62,46.21,86.12,1,Business,Paid,1,9
4557,24.0,2.8,52.23,85.13,6,Business,Free,0,6
4558,19.0,5.1,56.01,71.33,4,Business,Free,0,6
4559,31.0,4.1,56.82,67.69,4,Programming,Paid,0,6
4560,27.0,5.44,38.57,79.15,2,Business,Paid,1,8
4561,16.0,7.72,41.7,78.49,6,Marketing,Free,1,9
4562,29.0,5.44,54.83,54.16,3,Programming,Free,1,8
4563,23.0,4.11,58.12,74.83,1,Programming,Paid,1,9
4564,16.0,3.82,73.31,68.21,1,Business,Free,0,6
4565,25.0,5.15,57.44,62.96,4,Programming,Free,0,6
4566,36.0,5.4,48.74,63.4,5,Business,Free,0,5
4567,35.0,4.09,57.6,64.12,1,Business,Free,0,5
4568,34.0,5.96,46.48,87.07,4,Programming,Paid,1,9
4569,29.0,4.77,59.42,70.36,6,Design,Free,1,8
4570,31.0,4.86,55.46,89.44,3,Design,Paid,1,10
4571,28.0,3.09,67.2,69.57,6,Programming,Free,1,8
4572,19.0,5.66,59.56,60.61,1,Marketing,Free,0,6
4573,21.0,4.62,55.23,70.29,2,Programming,Free,0,4
4574,23.0,1.59,76.59,53.74,3,Programming,Free,0,5
4575,37.0,,51.21,82.88,2,Marketing,Paid,1,10
4576,35.0,4.08,57.02,69.51,0,Programming,Paid,1,8
4577,19.0,4.63,48.81,84.41,3,Business,Paid,1,9
4578,27.0,6.97,32.06,85.2,2,Programming,Free,1,8
4579,24.0,17.13,40.12,56.65,1,Design,Free,0,5
4580,26.0,1.34,69.24,62.47,2,Programming,Free,1,9
4581,23.0,5.81,41.4,61.7,2,Business,Paid,0,7
4582,37.0,4.18,53.66,94.74,6,Business,Free,0,4
4583,27.0,3.74,56.19,67.88,3,Marketing,Free,0,6
4584,29.0,5.18,63.99,58.69,2,Marketing,Free,1,7
4585,29.0,4.34,47.43,95.64,2,Business,Free,1,7
4586,20.0,4.31,48.92,67.01,4,Business,Paid,0,7
4587,28.0,4.11,60.89,57.78,1,Design,Free,0,4
4588,34.0,6.51,47.77,64.34,6,Marketing,Paid,1,8
4589,37.0,4.99,46.28,72.58,2,Business,Free,1,8
4590,19.0,4.41,59.96,72.98,2,Marketing,Free,1,8
4591,16.0,3.12,65.2,57.97,0,Programming,Free,1,7
4592,27.0,18.02,33.74,73.15,6,Design,Paid,1,8
4593,35.0,4.77,52.09,71.58,3,Business,Free,0,5
4594,30.0,5.72,42.28,83.89,0,Programming,Free,1,7
4595,32.0,4.03,58.37,76.0,1,Programming,Paid,0,6
4596,17.0,4.42,51.97,66.59,2,Marketing,Free,1,7
4597,23.0,4.4,53.36,71.72,5,Design,Free,0,4
4598,16.0,1.72,62.33,77.24,0,Programming,Free,0,5
4599,26.0,2.94,51.92,88.16,0,Programming,Free,0,5
4600,16.0,3.64,55.63,66.95,3,Design,Paid,1,9
4601,36.0,3.87,42.53,87.26,3,Business,Paid,0,7
4602,38.0,3.13,63.11,73.22,6,Marketing,Paid,0,8
4603,28.0,5.17,55.61,59.45,5,Marketing,Paid,1,9
4604,16.0,9.51,53.55,54.96,4,Business,Paid,1,7
4605,30.0,4.3,53.47,85.68,2,Business,Free,0,3
4606,40.0,2.38,61.41,85.44,4,Programming,Free,0,4
4607,30.0,2.55,59.69,66.52,4,Marketing,Free,0,5
4608,35.0,4.28,54.19,69.45,1,Programming,Paid,1,7
4609,24.0,2.68,59.74,50.61,2,Programming,Paid,1,8
4610,21.0,5.81,44.39,84.5,6,Marketing,Paid,0,7
4611,27.0,7.46,50.36,72.2,3,Marketing,Free,1,7
4612,16.0,3.13,60.93,49.37,3,Programming,Free,1,8
4613,43.0,5.25,53.31,77.25,5,Business,Paid,1,8
4614,28.0,3.34,70.42,60.11,1,Design,Free,0,4
4615,33.0,,54.48,74.69,1,Programming,Free,1,10
4616,24.0,4.42,53.14,55.01,6,Programming,Free,0,5
4617,16.0,3.01,55.68,72.04,5,Programming,Free,0,6
4618,37.0,3.52,48.71,71.47,2,Design,Paid,1,10
4619,19.0,,73.6,54.34,6,Design,Paid,1,10
4620,29.0,5.22,48.24,87.96,2,Design,Paid,1,9
4621,30.0,6.55,43.01,80.61,4,Programming,Free,1,9
4622,28.0,5.57,50.93,67.02,0,Marketing,Free,0,5
4623,22.0,9.92,33.78,78.02,4,Business,Paid,0,8
4624,26.0,2.99,62.5,77.1,1,Marketing,Free,0,4
4625,20.0,5.95,62.16,73.65,1,Programming,Free,0,5
4626,33.0,3.09,41.34,93.98,5,Business,Paid,1,9
4627,31.0,5.58,57.08,76.88,1,Marketing,Free,0,6
4628,27.0,,47.53,63.71,3,Programming,Free,0,4
4629,23.0,6.34,56.66,77.13,6,Programming,Paid,0,5
4630,42.0,8.57,38.15,62.84,6,Programming,Free,0,6
4631,18.0,3.1,65.21,55.21,3,Programming,Free,0,5
4632,16.0,3.82,48.98,86.2,0,Design,Free,0,5
4633,26.0,3.36,59.12,78.41,2,Programming,Paid,1,10
4634,25.0,4.12,65.32,45.66,4,Programming,Free,0,5
4635,35.0,4.58,57.84,63.48,2,Business,Free,1,7
4636,32.0,4.1,53.36,77.09,5,Programming,Free,1,6
4637,27.0,4.1,71.72,53.23,6,Programming,Paid,0,5
4638,31.0,4.06,56.67,66.72,4,Business,Paid,1,10
4639,30.0,,49.78,99.94,4,Programming,Free,1,7
4640,42.0,3.77,63.07,64.03,3,Programming,Free,0,6
4641,29.0,3.02,58.94,84.99,1,Programming,Paid,0,5
4642,22.0,2.16,47.66,90.01,4,Programming,Paid,1,8
4643,28.0,3.88,61.59,68.92,6,Design,Paid,1,8
4644,16.0,2.72,59.72,75.2,4,Programming,Paid,1,9
4645,27.0,2.78,44.3,92.71,5,Programming,Free,1,8
4646,35.0,3.35,54.29,77.33,6,Marketing,Free,0,4
4647,31.0,3.8,61.34,97.34,2,Marketing,Free,0,7
4648,29.0,3.76,56.85,64.36,2,Programming,Paid,0,7
4649,32.0,10.87,32.53,89.57,6,Programming,Free,1,9
4650,35.0,2.3,61.68,74.17,3,Design,Free,0,6
4651,37.0,8.73,41.98,73.06,5,Marketing,Paid,1,8
4652,30.0,,55.23,78.04,4,Business,Free,0,7
4653,25.0,3.77,54.28,70.66,0,Programming,Paid,0,6
4654,16.0,5.28,57.35,66.99,2,Programming,Free,0,6
4655,34.0,3.31,54.75,78.85,2,Design,Free,1,8
4656,31.0,2.82,76.78,53.52,1,Marketing,Free,1,6
4657,28.0,11.34,41.49,68.11,5,Marketing,Paid,0,9
4658,22.0,1.89,56.27,80.67,6,Programming,Paid,1,9
4659,34.0,3.63,58.82,83.92,6,Design,Free,1,8
4660,25.0,4.42,46.63,72.29,1,Programming,Free,0,5
4661,27.0,7.64,57.43,74.03,3,Business,Free,0,7
4662,27.0,4.24,46.49,80.72,1,Marketing,Paid,1,10
4663,30.0,16.79,29.56,87.58,0,Design,Paid,1,9
4664,19.0,7.13,63.84,54.89,4,Programming,Paid,0,4
4665,31.0,1.4,59.65,68.91,6,Design,Free,1,8
4666,22.0,2.11,57.14,73.26,0,Design,Free,0,6
4667,22.0,4.51,53.82,73.15,4,Business,Free,0,5
4668,33.0,2.42,73.47,42.68,0,Programming,Free,0,4
4669,20.0,5.19,51.84,59.3,5,Marketing,Free,0,4
4670,33.0,3.31,58.33,67.8,0,Programming,Free,0,7
4671,28.0,2.37,54.85,80.16,3,Programming,Free,0,7
4672,16.0,,52.44,66.97,0,Programming,Paid,0,6
4673,37.0,5.95,49.64,60.0,2,Programming,Free,0,5
4674,29.0,2.04,58.86,78.34,3,Programming,Paid,1,9
4675,30.0,8.11,47.83,71.39,3,Business,Paid,0,7
4676,34.0,6.58,43.44,78.57,5,Programming,Free,1,7
4677,37.0,,59.93,65.34,6,Programming,Free,1,8
4678,28.0,2.69,59.68,58.62,2,Programming,Paid,0,7
4679,31.0,5.21,56.61,85.05,6,Programming,Free,1,9
4680,30.0,3.26,52.29,85.49,2,Marketing,Free,1,7
4681,25.0,2.05,70.21,62.47,0,Marketing,Free,0,6
4682,16.0,11.97,26.65,76.75,4,Programming,Paid,1,10
4683,29.0,3.4,59.46,71.41,5,Business,Paid,0,7
4684,37.0,2.61,59.2,81.81,2,Business,Paid,0,9
4685,31.0,5.76,52.94,67.31,4,Marketing,Paid,1,8
4686,20.0,3.93,50.66,78.46,3,Programming,Free,0,4
4687,35.0,9.89,37.1,86.34,1,Programming,Paid,1,8
4688,25.0,4.27,61.08,68.53,2,Design,Paid,1,8
4689,16.0,3.43,49.57,73.21,2,Marketing,Free,1,9
4690,34.0,5.89,50.31,88.38,2,Business,Paid,0,8
4691,20.0,5.55,55.9,67.99,6,Design,Paid,1,9
4692,39.0,4.5,57.55,59.97,2,Programming,Free,0,6
4693,35.0,4.58,51.22,78.28,4,Business,Free,0,8
4694,25.0,4.37,55.97,70.81,0,Marketing,Free,0,5
4695,30.0,4.2,68.92,62.25,2,Design,Paid,0,6
4696,44.0,5.9,55.49,67.48,6,Business,Free,1,7
4697,34.0,3.45,44.74,91.46,6,Design,Free,1,7
4698,29.0,5.82,41.46,94.63,6,Design,Free,0,3
4699,47.0,9.47,37.23,71.63,0,Design,Paid,0,8
4700,28.0,3.74,47.7,64.95,6,Business,Paid,1,8
4701,31.0,14.96,25.02,71.69,1,Marketing,Paid,0,6
4702,20.0,2.94,52.05,92.02,0,Design,Free,1,9
4703,16.0,2.95,63.82,78.11,0,Programming,Free,1,7
4704,25.0,6.46,50.41,89.57,5,Programming,Paid,1,8
4705,27.0,4.95,44.19,79.98,4,Programming,Free,0,6
4706,29.0,4.19,57.74,52.17,4,Programming,Free,0,5
4707,17.0,7.33,47.03,60.61,6,Programming,Paid,1,7
4708,32.0,4.54,41.06,67.04,0,Design,Free,0,6
4709,21.0,10.27,44.79,61.74,0,Programming,Free,1,7
4710,31.0,4.95,61.58,63.86,6,Programming,Paid,1,9
4711,34.0,3.45,56.81,68.82,4,Business,Paid,0,7
4712,24.0,3.16,48.95,75.69,5,Programming,Free,1,9
4713,20.0,5.01,48.54,72.49,3,Business,Free,0,6
4714,38.0,5.05,47.06,85.31,1,Marketing,Free,0,5
4715,33.0,4.45,58.05,76.52,3,Design,Free,0,7
4716,28.0,2.77,61.85,59.88,6,Programming,Free,0,5
4717,37.0,6.68,54.52,70.26,0,Programming,Free,0,5
4718,28.0,12.12,40.84,62.89,0,Design,Paid,1,7
4719,23.0,4.11,64.57,50.88,2,Design,Free,0,2
4720,20.0,9.16,37.7,75.72,3,Programming,Free,1,7
4721,26.0,5.99,43.24,84.18,4,Design,Free,0,6
4722,32.0,11.01,32.09,74.72,1,Design,Free,0,4
4723,37.0,5.02,60.41,63.3,6,Programming,Free,1,10
4724,27.0,4.31,59.09,56.24,1,Business,Free,1,5
4725,35.0,7.41,22.01,86.0,1,Programming,Paid,1,8
4726,26.0,4.17,56.44,77.91,6,Programming,Paid,0,5
4727,22.0,6.09,55.08,78.2,2,Business,Paid,0,8
4728,18.0,7.38,45.11,67.94,4,Programming,Free,0,6
4729,23.0,7.33,52.32,69.83,3,Business,Paid,0,6
4730,18.0,5.0,54.34,66.87,1,Design,Paid,0,5
4731,41.0,4.44,42.66,71.03,3,Programming,Free,0,4
4732,30.0,5.7,65.78,66.85,5,Marketing,Free,0,6
4733,26.0,7.02,49.92,66.91,0,Programming,Paid,1,8
4734,39.0,7.1,43.17,92.61,6,Programming,Paid,1,8
4735,18.0,4.72,50.67,72.0,1,Marketing,Free,0,5
4736,26.0,2.8,66.66,44.02,6,Business,Free,0,5
4737,41.0,3.01,61.56,65.11,6,Business,Free,0,3
4738,26.0,4.99,53.17,55.98,6,Programming,Free,0,4
4739,44.0,7.37,59.33,70.33,4,Programming,Paid,0,5
4740,32.0,5.56,63.43,55.33,6,Business,Free,1,7
4741,36.0,3.74,57.85,77.2,6,Programming,Paid,1,9
4742,36.0,4.74,54.76,68.45,4,Programming,Paid,0,6
4743,27.0,2.39,57.16,65.77,6,Business,Free,1,9
4744,24.0,2.71,64.39,73.8,2,Programming,Paid,1,7
4745,26.0,5.26,57.21,71.08,5,Programming,Paid,1,9
4746,20.0,7.47,47.94,66.38,6,Programming,Free,0,5
4747,27.0,4.24,49.05,71.76,4,Design,Free,0,8
4748,27.0,11.96,28.06,74.78,0,Business,Paid,1,9
4749,39.0,3.77,55.24,76.1,1,Marketing,Free,0,5
4750,31.0,4.11,54.75,70.62,1,Programming,Free,0,6
4751,44.0,2.6,62.86,81.52,3,Programming,Free,0,6
4752,16.0,,64.33,68.53,3,Design,Free,0,5
4753,18.0,2.97,57.5,74.86,5,Programming,Paid,1,10
4754,25.0,2.02,50.61,98.46,1,Design,Free,0,8
4755,37.0,2.39,52.6,72.07,1,Marketing,Free,1,9
4756,26.0,4.21,61.21,73.98,4,Design,Free,1,8
4757,17.0,3.64,58.77,65.37,0,Design,Paid,0,9
4758,25.0,3.24,63.75,65.01,6,Marketing,Free,0,6
4759,19.0,6.1,58.89,70.72,0,Programming,Paid,0,5
4760,17.0,2.52,52.33,82.1,3,Marketing,Paid,0,7
4761,41.0,4.21,47.6,80.49,6,Design,Free,0,5
4762,25.0,7.42,60.05,81.26,3,Design,Paid,1,8
4763,28.0,6.18,51.64,80.94,5,Marketing,Free,0,6
4764,26.0,6.4,50.44,68.01,2,Design,Paid,0,4
4765,25.0,3.96,61.12,78.89,5,Design,Free,0,8
4766,21.0,3.06,57.56,68.16,4,Programming,Free,0,6
4767,25.0,3.91,58.02,72.37,3,Business,Free,0,3
4768,29.0,8.53,43.19,70.38,0,Design,Free,0,6
4769,37.0,5.73,56.1,60.56,6,Programming,Paid,0,7
4770,34.0,4.83,56.16,61.63,0,Business,Paid,0,8
4771,18.0,5.23,47.9,74.53,2,Business,Free,0,8
4772,34.0,4.15,54.68,78.98,4,Design,Free,1,10
4773,30.0,4.49,53.03,66.45,5,Programming,Free,1,7
4774,23.0,3.63,59.62,73.85,3,Design,Free,0,6
4775,28.0,3.36,60.0,59.36,2,Programming,Free,0,5
4776,31.0,6.35,39.8,74.04,2,Programming,Free,1,9
4777,27.0,2.11,61.57,78.61,6,Design,Paid,0,4
4778,30.0,5.03,60.5,63.61,2,Programming,Free,0,4
4779,21.0,4.09,65.69,82.39,5,Programming,Paid,0,6
4780,41.0,1.72,58.99,78.1,0,Business,Free,0,6
4781,16.0,2.62,67.99,49.57,4,Programming,Free,0,5
4782,31.0,3.99,58.54,73.02,4,Marketing,Free,0,7
4783,30.0,4.24,64.94,62.44,4,Marketing,Free,0,5
4784,32.0,5.66,56.9,75.4,2,Design,Free,1,6
4785,22.0,7.29,60.68,43.41,4,Marketing,Paid,1,8
4786,35.0,2.53,56.74,78.57,3,Marketing,Paid,1,8
4787,26.0,6.01,53.64,80.54,4,Programming,Paid,1,10
4788,19.0,5.63,52.74,69.78,6,Business,Free,0,7
4789,19.0,4.48,53.5,54.02,4,Programming,Free,1,9
4790,28.0,5.08,37.43,92.52,5,Business,Free,0,7
4791,16.0,2.12,52.23,89.56,6,Design,Paid,1,8
4792,40.0,3.25,60.6,65.63,1,Programming,Paid,1,8
4793,34.0,7.5,65.63,64.87,4,Programming,Free,0,6
4794,40.0,4.47,59.95,55.7,4,Marketing,Paid,0,5
4795,39.0,11.03,40.23,73.68,4,Programming,Free,1,7
4796,25.0,2.28,64.51,51.57,0,Programming,Free,0,6
4797,21.0,8.2,49.07,76.0,5,Programming,Free,1,6
4798,16.0,3.08,55.42,84.26,1,Design,Free,0,7
4799,24.0,7.47,43.22,75.76,2,Marketing,Paid,0,6
4800,39.0,4.44,52.01,63.29,4,Business,Paid,0,7
4801,21.0,4.27,47.92,86.49,1,Design,Free,0,6
4802,26.0,5.3,49.47,68.03,0,Programming,Free,0,7
4803,23.0,3.08,57.65,69.12,4,Programming,Free,1,5
4804,30.0,5.82,55.41,64.68,1,Design,Free,0,7
4805,36.0,3.6,53.48,73.12,5,Business,Free,0,7
4806,16.0,4.39,65.0,68.77,6,Business,Free,0,6
4807,18.0,1.23,73.0,60.72,2,Design,Free,0,6
4808,37.0,3.48,50.38,87.4,5,Design,Free,0,7
4809,32.0,7.16,36.41,91.59,1,Design,Free,0,5
4810,25.0,6.93,43.71,88.18,6,Design,Paid,0,7
4811,39.0,6.04,46.97,82.69,1,Design,Free,0,7
4812,17.0,4.15,48.85,90.42,6,Business,Free,0,4
4813,34.0,8.62,46.41,63.53,5,Design,Free,1,8
4814,27.0,5.77,48.13,65.38,2,Marketing,Paid,0,6
4815,31.0,3.01,59.14,69.86,5,Design,Free,1,9
4816,16.0,5.96,49.73,71.57,4,Programming,Free,0,4
4817,25.0,7.68,47.56,68.49,4,Programming,Paid,0,6
4818,32.0,6.73,52.03,67.8,2,Design,Paid,1,7
4819,27.0,3.38,56.23,74.06,1,Design,Free,0,4
4820,36.0,4.6,54.74,73.06,4,Design,Free,1,9
4821,36.0,9.49,37.25,84.25,0,Business,Paid,1,8
4822,20.0,5.03,57.11,68.53,2,Programming,Free,1,7
4823,33.0,2.09,63.58,50.05,0,Business,Free,0,7
4824,20.0,3.06,50.41,75.24,0,Business,Free,0,5
4825,27.0,2.99,46.65,89.82,0,Design,Free,0,7
4826,32.0,2.89,53.58,74.29,0,Design,Free,1,7
4827,21.0,1.96,48.62,83.84,6,Programming,Paid,1,9
4828,33.0,9.49,34.83,68.95,5,Design,Free,0,4
4829,23.0,2.73,59.99,77.22,6,Business,Free,0,6
4830,23.0,2.82,68.8,64.68,0,Marketing,Free,1,8
4831,32.0,2.12,62.24,75.54,6,Design,Paid,0,7
4832,21.0,5.99,51.12,65.14,4,Programming,Free,1,8
4833,21.0,3.89,44.46,76.24,5,Business,Free,1,6
4834,34.0,4.33,58.55,65.93,6,Business,Paid,0,6
4835,28.0,3.55,54.9,50.42,1,Programming,Free,0,3
4836,17.0,5.28,51.2,76.17,5,Business,Free,0,6
4837,33.0,3.27,52.39,73.19,4,Programming,Free,1,9
4838,24.0,2.07,46.09,73.35,2,Programming,Paid,1,10
4839,17.0,2.27,66.17,79.19,3,Programming,Free,1,8
4840,16.0,2.77,52.02,69.57,1,Programming,Paid,1,7
4841,33.0,5.74,47.43,79.45,1,Marketing,Paid,1,9
4842,21.0,6.16,51.0,70.5,6,Design,Free,0,6
4843,18.0,7.84,47.21,64.9,5,Programming,Free,0,5
4844,31.0,2.43,58.95,81.4,3,Design,Paid,0,7
4845,33.0,5.36,39.93,96.67,4,Design,Free,0,4
4846,21.0,3.84,55.52,80.91,2,Programming,Paid,1,9
4847,33.0,18.89,22.85,78.58,1,Programming,Paid,1,9
4848,41.0,7.56,37.27,79.51,6,Business,Free,0,4
4849,36.0,10.9,52.09,43.83,6,Programming,Paid,1,9
4850,35.0,5.82,44.79,74.51,1,Business,Free,1,7
4851,29.0,4.82,44.78,78.93,5,Programming,Free,1,8
4852,24.0,3.38,59.13,71.93,3,Business,Free,0,6
4853,27.0,3.1,56.04,70.53,4,Business,Free,0,6
4854,30.0,3.54,63.2,60.72,0,Programming,Paid,0,5
4855,18.0,6.69,54.19,66.8,3,Programming,Paid,0,6
4856,22.0,8.18,41.12,63.75,0,Marketing,Free,0,8
4857,17.0,3.45,57.45,84.0,5,Design,Free,0,7
4858,29.0,3.66,51.63,91.52,2,Business,Paid,1,10
4859,28.0,2.6,47.43,95.22,1,Programming,Paid,0,7
4860,22.0,4.53,58.99,57.8,4,Programming,Free,0,4
4861,33.0,7.05,55.54,67.32,6,Design,Free,0,5
4862,20.0,9.01,44.24,68.63,2,Marketing,Paid,1,8
4863,22.0,7.54,66.58,55.78,5,Programming,Free,1,8
4864,32.0,4.89,67.2,59.97,4,Business,Free,0,4
4865,34.0,4.22,58.55,65.33,3,Business,Free,0,7
4866,21.0,7.22,45.28,78.49,5,Programming,Free,1,5
4867,29.0,2.46,62.69,59.39,0,Programming,Free,1,9
4868,22.0,3.33,50.85,80.64,6,Programming,Free,1,9
4869,26.0,10.95,34.58,91.67,2,Design,Paid,1,10
4870,28.0,3.13,59.89,78.14,0,Business,Paid,1,9
4871,31.0,3.99,42.92,86.29,6,Design,Free,1,7
4872,29.0,5.39,63.92,51.66,5,Programming,Free,0,5
4873,29.0,5.26,59.93,68.86,5,Business,Paid,1,9
4874,19.0,6.8,51.91,75.89,1,Design,Free,0,6
4875,30.0,10.07,38.99,80.23,5,Design,Paid,1,7
4876,31.0,5.03,51.22,88.29,4,Design,Free,1,9
4877,32.0,7.58,61.52,56.01,6,Programming,Free,0,5
4878,22.0,2.67,61.0,65.09,2,Business,Free,1,7
4879,33.0,3.78,56.22,73.15,6,Design,Free,1,6
4880,18.0,,46.86,65.78,4,Programming,Paid,1,10
4881,24.0,9.72,51.04,55.49,1,Programming,Free,0,6
4882,25.0,2.85,52.06,73.23,1,Design,Paid,0,7
4883,18.0,5.04,58.84,72.3,6,Business,Paid,0,6
4884,25.0,5.39,49.27,89.37,4,Programming,Paid,0,8
4885,29.0,6.11,49.6,65.79,0,Marketing,Paid,1,7
4886,16.0,7.19,39.19,81.06,0,Marketing,Free,1,8
4887,24.0,9.28,41.87,83.27,5,Programming,Free,0,6
4888,16.0,5.16,54.01,69.36,1,Business,Paid,0,5
4889,41.0,6.72,40.94,76.6,1,Design,Free,1,8
4890,28.0,5.43,50.03,78.55,4,Marketing,Free,1,7
4891,28.0,4.02,54.72,72.93,6,Programming,Free,1,7
4892,29.0,1.89,61.32,68.99,2,Programming,Free,0,5
4893,31.0,8.02,50.38,71.21,4,Design,Paid,1,7
4894,34.0,5.32,41.14,75.95,4,Programming,Free,0,7
4895,16.0,6.04,45.23,70.88,4,Business,Paid,1,10
4896,36.0,3.26,52.5,78.29,4,Design,Paid,0,5
4897,36.0,9.79,51.88,70.11,1,Programming,Free,1,9
4898,27.0,5.43,61.96,86.56,4,Design,Paid,1,9
4899,26.0,2.43,52.22,92.74,0,Marketing,Free,1,8
4900,16.0,2.26,63.29,62.88,5,Business,Free,1,6
4901,18.0,5.5,37.15,74.53,5,Design,Free,1,7
4902,31.0,5.57,65.61,50.19,5,Programming,Free,0,6
4903,35.0,3.29,55.44,85.78,0,Programming,Free,0,5
4904,32.0,4.99,55.18,72.96,6,Marketing,Free,1,7
4905,26.0,5.48,46.77,67.7,3,Business,Free,1,7
4906,40.0,4.32,66.29,74.52,0,Design,Free,0,2
4907,34.0,3.7,63.83,77.58,3,Marketing,Paid,1,9
4908,24.0,6.25,57.29,59.22,4,Programming,Free,0,6
4909,42.0,7.39,48.87,88.07,2,Business,Paid,1,9
4910,19.0,6.54,48.01,79.74,5,Programming,Paid,0,8
4911,17.0,3.48,58.78,81.41,3,Programming,Paid,0,6
4912,24.0,2.23,53.73,67.2,1,Design,Free,0,8
4913,22.0,5.25,40.08,70.66,4,Design,Paid,0,5
4914,24.0,7.7,39.08,75.31,1,Marketing,Paid,1,9
4915,33.0,8.1,38.78,81.6,0,Programming,Paid,1,9
4916,27.0,6.59,43.46,80.52,1,Business,Paid,1,9
4917,27.0,3.31,63.55,62.45,6,Business,Free,1,7
4918,27.0,2.82,54.83,78.35,4,Business,Free,0,6
4919,16.0,5.03,55.56,66.29,2,Marketing,Paid,0,6
4920,16.0,4.04,50.42,67.38,2,Design,Free,1,7
4921,24.0,6.67,41.25,75.58,6,Design,Free,0,3
4922,21.0,4.08,60.99,57.94,4,Programming,Paid,1,10
4923,25.0,4.24,56.27,60.44,5,Programming,Paid,1,7
4924,37.0,10.22,36.46,88.8,4,Marketing,Free,1,8
4925,26.0,8.15,44.66,87.66,6,Design,Free,1,7
4926,18.0,2.73,60.41,95.48,4,Programming,Free,1,9
4927,21.0,7.85,46.91,73.41,2,Programming,Free,0,5
4928,39.0,3.06,64.59,84.45,1,Design,Paid,0,4
4929,38.0,4.17,57.61,73.3,0,Business,Paid,1,9
4930,31.0,3.51,64.09,63.79,5,Programming,Free,1,7
4931,16.0,3.92,59.49,80.59,6,Business,Free,0,6
4932,29.0,,48.09,89.98,4,Business,Paid,1,10
4933,30.0,5.32,44.21,83.65,3,Business,Paid,1,8
4934,27.0,5.35,64.46,57.92,0,Programming,Free,0,5
4935,23.0,3.38,53.96,75.31,4,Business,Free,0,5
4936,24.0,4.8,60.68,58.76,1,Programming,Free,1,9
4937,23.0,5.25,55.41,68.11,4,Programming,Paid,0,7
4938,19.0,2.17,60.94,89.0,2,Business,Free,1,8
4939,37.0,5.04,61.04,57.8,6,Business,Free,0,4
4940,33.0,5.29,35.74,98.02,6,Programming,Paid,1,10
4941,25.0,3.68,65.66,82.27,1,Marketing,Paid,0,8
4942,29.0,4.19,62.55,66.41,2,Programming,Paid,0,5
4943,30.0,3.39,53.1,74.68,6,Design,Free,1,8
4944,43.0,3.63,52.33,65.31,0,Marketing,Free,0,6
4945,33.0,11.19,45.69,72.53,3,Design,Paid,1,10
4946,33.0,12.98,28.8,75.81,0,Business,Paid,0,7
4947,27.0,1.49,65.38,74.71,3,Design,Paid,1,9
4948,24.0,6.31,59.87,64.74,0,Business,Paid,1,8
4949,37.0,,48.4,68.56,0,Business,Free,0,5
4950,32.0,3.68,57.68,56.54,2,Business,Free,1,9
4951,21.0,6.16,55.17,52.74,0,Programming,Free,0,4
4952,30.0,10.67,39.28,60.9,5,Business,Paid,0,7
4953,33.0,2.19,55.74,88.06,4,Programming,Free,0,4
4954,16.0,5.38,52.13,80.76,3,Marketing,Paid,1,10
4955,21.0,12.23,39.76,79.15,3,Programming,Paid,1,10
4956,30.0,2.9,53.37,72.14,5,Programming,Paid,0,7
4957,16.0,4.81,55.82,81.82,5,Marketing,Paid,0,7
4958,16.0,3.31,48.05,82.11,0,Programming,Free,0,6
4959,25.0,6.51,55.2,72.89,4,Programming,Free,0,5
4960,30.0,8.66,29.46,93.04,3,Business,Paid,0,5
4961,31.0,4.36,66.17,67.55,5,Programming,Free,1,8
4962,38.0,4.11,51.51,75.19,5,Programming,Free,0,6
4963,28.0,2.34,58.68,85.04,4,Design,Paid,0,8
4964,24.0,9.62,51.62,60.82,4,Programming,Paid,1,8
4965,18.0,3.46,50.79,68.51,1,Programming,Free,0,6
4966,24.0,3.8,70.59,45.9,5,Programming,Free,1,8
4967,32.0,6.28,49.63,66.44,4,Programming,Free,0,6
4968,32.0,5.54,51.95,68.65,1,Programming,Paid,0,8
4969,29.0,6.37,49.59,63.93,1,Programming,Free,0,4
4970,31.0,5.32,64.7,66.52,3,Business,Free,1,9
4971,36.0,4.44,46.39,76.63,2,Business,Free,0,5
4972,28.0,5.83,58.28,61.37,4,Programming,Paid,1,9
4973,37.0,3.06,46.51,94.32,2,Programming,Paid,0,9
4974,22.0,3.79,60.75,78.46,1,Marketing,Free,0,3
4975,26.0,6.6,66.32,65.97,2,Design,Free,0,7
4976,24.0,2.71,52.09,80.47,5,Design,Free,0,6
4977,33.0,2.94,54.99,83.95,5,Design,Free,0,5
4978,20.0,2.73,56.33,72.43,2,Programming,Free,1,7
4979,25.0,4.34,65.7,59.94,5,Business,Free,0,4
4980,16.0,7.62,38.15,95.99,0,Marketing,Free,1,9
4981,31.0,5.19,56.29,79.21,6,Marketing,Free,0,4
4982,36.0,1.52,65.71,53.03,5,Programming,Free,0,7
4983,33.0,5.43,66.84,70.51,0,Programming,Free,1,9
4984,33.0,3.32,46.67,65.36,4,Programming,Free,1,8
4985,33.0,6.37,53.02,72.08,3,Programming,Paid,0,4
4986,32.0,3.79,62.81,53.68,6,Programming,Free,0,4
4987,31.0,2.75,58.61,71.6,1,Business,Free,0,5
4988,32.0,4.91,59.2,62.02,6,Programming,Paid,1,9
4989,22.0,3.32,58.96,68.83,6,Marketing,Free,0,7
4990,26.0,5.82,51.68,76.65,1,Programming,Paid,0,3
4991,27.0,2.72,64.67,62.28,3,Programming,Free,0,5
4992,25.0,3.06,68.05,73.45,4,Marketing,Paid,1,10
4993,16.0,5.64,32.99,80.02,1,Business,Free,0,5
4994,18.0,,66.32,57.34,6,Programming,Free,1,7
4995,29.0,6.58,65.85,71.52,1,Design,Paid,0,5
4996,33.0,3.79,51.23,56.94,1,Programming,Paid,1,10
4997,27.0,2.91,63.54,58.13,3,Programming,Free,1,7
4998,46.0,3.73,62.27,79.29,3,Design,Paid,0,8
4999,21.0,6.05,55.72,75.67,0,Programming,Free,1,10
5000,30.0,3.5,69.21,66.13,6,Business,Paid,0,8
5001,36.0,7.55,47.86,79.32,1,Programming,Paid,1,9
5002,34.0,5.4,40.67,72.16,0,Business,Free,1,7
5003,32.0,8.85,57.43,59.79,3,Business,Paid,1,8
5004,34.0,8.18,49.89,74.09,6,Programming,Paid,0,9
5005,27.0,6.47,54.35,86.33,0,Programming,Paid,1,9
5006,39.0,2.09,56.92,55.08,3,Design,Free,1,9
5007,36.0,6.67,34.06,97.06,6,Business,Paid,1,10
5008,21.0,4.27,58.21,64.28,6,Business,Free,0,5
5009,29.0,3.43,71.95,52.86,1,Business,Free,0,5
5010,16.0,9.36,51.29,79.38,4,Design,Paid,0,8
5011,38.0,3.79,50.02,77.97,5,Programming,Free,1,8
5012,29.0,3.99,52.46,75.2,4,Design,Paid,1,8
5013,36.0,8.41,62.22,75.74,4,Programming,Paid,1,8
5014,26.0,3.38,46.24,94.32,5,Business,Free,1,9
5015,16.0,,59.39,74.47,3,Programming,Paid,0,6
5016,45.0,2.44,46.92,100.0,0,Programming,Free,0,7
5017,28.0,2.8,56.36,86.65,4,Design,Free,0,9
5018,20.0,2.91,52.32,74.52,4,Design,Free,0,6
5019,35.0,5.36,47.21,74.21,5,Business,Free,0,8
5020,41.0,3.2,54.55,74.81,6,Design,Paid,1,8
5021,26.0,1.76,56.56,75.12,2,Marketing,Free,1,9
5022,26.0,5.81,46.98,81.18,6,Business,Paid,0,8
5023,29.0,3.81,59.48,72.26,0,Marketing,Paid,0,8
5024,19.0,5.03,69.34,59.82,6,Business,Paid,0,8
5025,22.0,7.22,40.64,85.53,0,Business,Free,0,6
5026,39.0,5.23,42.56,85.71,4,Business,Paid,1,10
5027,26.0,8.0,51.52,59.83,4,Design,Free,0,4
5028,21.0,4.92,48.15,74.05,4,Programming,Paid,0,8
5029,24.0,6.38,36.66,84.27,6,Design,Free,0,5
5030,35.0,3.96,58.6,83.08,3,Programming,Paid,0,8
5031,16.0,4.26,60.23,59.67,0,Programming,Free,1,9
5032,29.0,2.66,56.24,82.81,4,Marketing,Free,0,7
5033,44.0,3.51,45.45,72.18,2,Programming,Paid,1,10
5034,41.0,3.67,51.16,77.89,4,Design,Free,0,7
5035,31.0,2.79,52.66,64.89,2,Business,Paid,0,5
5036,36.0,5.45,70.57,20.92,0,Programming,Paid,0,6
5037,36.0,3.54,60.5,64.34,4,Marketing,Free,0,3
5038,26.0,4.51,54.83,74.44,0,Programming,Free,1,8
5039,33.0,2.25,56.43,70.34,2,Marketing,Free,1,7
5040,40.0,6.95,40.84,82.15,4,Business,Paid,1,10
5041,18.0,10.88,35.06,85.27,6,Programming,Paid,1,8
5042,31.0,7.92,52.31,64.03,2,Programming,Free,0,5
5043,30.0,11.94,36.86,66.85,2,Programming,Paid,1,9
5044,28.0,,57.04,52.13,2,Design,Free,0,7
5045,27.0,3.46,59.72,49.43,4,Programming,Free,0,5
5046,29.0,6.31,50.32,62.43,1,Marketing,Paid,1,10
5047,29.0,4.55,49.74,78.68,3,Programming,Paid,0,6
5048,35.0,1.85,55.73,67.47,5,Business,Free,0,6
5049,30.0,5.86,52.88,61.59,0,Programming,Free,1,8
5050,26.0,3.65,66.4,65.69,6,Marketing,Free,1,7
5051,21.0,2.1,63.09,58.65,3,Programming,Free,0,7
5052,24.0,3.23,46.33,83.23,4,Design,Free,1,7
5053,29.0,4.61,38.68,78.93,4,Design,Paid,1,6
5054,22.0,4.08,64.08,79.9,6,Programming,Free,0,6
5055,34.0,4.1,71.41,46.87,4,Business,Free,1,7
5056,30.0,9.39,43.61,78.39,6,Programming,Paid,0,8
5057,35.0,2.27,67.78,69.16,2,Design,Free,1,6
5058,23.0,3.79,59.91,71.19,1,Design,Free,0,6
5059,21.0,3.41,50.59,89.88,4,Business,Paid,1,10
5060,35.0,7.14,44.69,63.32,1,Programming,Free,0,6
5061,28.0,3.15,68.66,73.9,0,Programming,Free,0,7
5062,26.0,3.47,60.22,55.78,1,Programming,Free,0,5
5063,32.0,6.5,49.46,68.43,1,Programming,Free,0,6
5064,32.0,7.36,56.91,48.91,0,Programming,Free,0,6
5065,18.0,7.87,47.85,71.9,5,Marketing,Free,0,5
5066,37.0,1.94,61.93,77.85,4,Design,Free,0,4
5067,24.0,6.3,48.39,87.17,1,Business,Paid,0,6
5068,39.0,4.58,56.1,58.19,1,Programming,Free,0,5
5069,18.0,3.96,59.87,61.65,6,Programming,Free,0,5
5070,29.0,4.18,60.42,67.56,6,Design,Free,0,5
5071,26.0,9.04,42.01,68.95,0,Programming,Paid,1,9
5072,16.0,6.47,64.7,56.43,4,Programming,Free,1,7
5073,32.0,7.59,53.43,56.43,2,Design,Paid,0,7
5074,16.0,4.45,67.55,63.57,2,Design,Free,1,9
5075,25.0,14.08,24.07,75.99,4,Marketing,Paid,1,6
5076,35.0,3.39,63.29,66.22,6,Programming,Free,0,4
5077,23.0,1.96,52.51,79.52,4,Design,Free,0,3
5078,21.0,3.6,50.93,78.11,6,Programming,Free,0,5
5079,33.0,4.16,64.36,62.61,5,Programming,Free,0,5
5080,25.0,9.11,48.44,57.56,5,Business,Paid,1,9
5081,24.0,4.03,69.82,76.84,5,Programming,Paid,1,10
5082,36.0,6.32,51.94,77.9,5,Design,Paid,0,7
5083,19.0,2.09,56.23,71.42,1,Design,Free,0,5
5084,24.0,8.25,44.64,86.65,6,Programming,Paid,0,7
5085,33.0,4.18,52.35,77.23,6,Marketing,Free,1,7
5086,18.0,4.47,57.43,79.23,4,Design,Paid,1,7
5087,39.0,13.23,32.24,76.8,4,Business,Paid,0,8
5088,25.0,6.56,49.13,82.5,6,Design,Free,0,6
5089,33.0,3.17,59.98,69.26,1,Marketing,Paid,0,8
5090,33.0,3.86,61.87,57.44,0,Programming,Free,0,4
5091,26.0,13.89,40.61,71.66,6,Design,Free,1,6
5092,24.0,9.88,37.13,58.04,3,Business,Free,0,4
5093,27.0,7.68,48.68,71.45,5,Programming,Paid,1,9
5094,32.0,1.77,57.69,69.16,3,Programming,Free,1,9
5095,20.0,7.39,40.53,71.78,3,Marketing,Free,1,8
5096,19.0,3.81,50.55,74.39,0,Design,Paid,1,9
5097,37.0,7.36,38.88,89.18,2,Business,Free,0,7
5098,22.0,3.66,50.66,85.35,0,Business,Paid,0,6
5099,29.0,5.05,56.44,69.93,3,Business,Free,0,7
5100,26.0,3.04,60.85,73.48,0,Marketing,Free,0,8
5101,26.0,,45.97,91.76,5,Design,Paid,1,8
5102,37.0,5.37,66.35,60.99,2,Programming,Free,0,5
5103,26.0,,60.47,60.41,5,Programming,Paid,0,5
5104,25.0,11.79,26.66,73.5,0,Business,Free,1,7
5105,25.0,3.19,53.07,79.55,0,Business,Paid,1,9
5106,23.0,2.49,57.19,78.89,2,Design,Free,0,4
5107,22.0,6.72,26.9,81.93,5,Programming,Paid,0,6
5108,24.0,7.25,60.57,59.21,5,Programming,Free,1,9
5109,39.0,3.51,60.71,59.92,3,Design,Free,1,8
5110,32.0,2.5,54.99,64.57,4,Business,Free,0,6
5111,25.0,2.68,52.1,74.98,4,Programming,Free,0,4
5112,34.0,2.55,67.66,60.86,4,Business,Free,0,5
5113,16.0,4.66,67.65,49.73,5,Business,Free,0,8
5114,37.0,3.93,51.56,74.01,0,Marketing,Free,0,5
5115,36.0,6.14,45.54,65.19,3,Programming,Paid,1,8
5116,43.0,4.78,61.24,54.37,5,Marketing,Free,0,6
5117,34.0,5.88,53.81,71.82,3,Business,Free,1,7
5118,30.0,3.37,62.62,66.75,1,Business,Free,0,6
5119,36.0,2.91,49.38,88.11,4,Programming,Free,1,6
5120,23.0,5.44,49.69,78.89,2,Design,Paid,0,4
5121,24.0,4.95,50.72,81.45,3,Business,Paid,1,9
5122,27.0,4.54,62.09,67.79,3,Programming,Free,1,7
5123,37.0,3.68,64.67,72.02,4,Design,Paid,0,6
5124,21.0,5.41,63.51,69.12,6,Design,Free,0,7
5125,20.0,2.98,60.18,88.81,4,Design,Paid,1,10
5126,29.0,3.33,66.62,76.97,6,Programming,Free,0,4
5127,32.0,6.74,60.56,59.11,0,Design,Free,0,6
5128,22.0,2.44,62.54,53.02,5,Programming,Free,0,5
5129,32.0,6.51,63.89,59.97,2,Marketing,Free,0,6
5130,37.0,2.69,45.15,87.63,5,Marketing,Paid,0,7
5131,35.0,1.99,83.28,47.22,0,Programming,Free,0,3
5132,29.0,2.07,52.49,77.44,3,Programming,Free,1,7
5133,26.0,4.27,60.46,72.78,0,Programming,Free,0,3
5134,39.0,7.04,55.36,79.47,4,Design,Paid,0,7
5135,27.0,9.07,47.77,71.53,1,Marketing,Paid,1,9
5136,34.0,8.75,26.99,89.89,1,Design,Paid,0,6
5137,41.0,7.47,42.2,73.36,0,Programming,Paid,1,9
5138,33.0,3.49,65.33,54.67,1,Programming,Paid,1,7
5139,20.0,2.78,68.99,53.46,6,Programming,Free,0,7
5140,18.0,5.78,56.88,55.23,6,Marketing,Free,0,4
5141,25.0,7.69,44.06,84.2,0,Business,Free,1,8
5142,32.0,2.55,44.69,88.24,6,Design,Free,1,7
5143,30.0,9.07,50.93,85.04,4,Programming,Paid,0,7
5144,42.0,1.71,59.12,71.0,2,Marketing,Free,0,7
5145,30.0,4.83,66.3,50.88,6,Programming,Free,0,3
5146,25.0,4.84,65.58,63.41,1,Business,Paid,0,7
5147,19.0,3.7,53.19,62.12,1,Marketing,Free,0,7
5148,35.0,4.11,55.99,73.54,1,Design,Free,0,6
5149,27.0,2.76,55.12,87.07,1,Marketing,Free,0,5
5150,16.0,6.2,43.8,88.6,3,Programming,Paid,1,9
5151,27.0,4.17,63.42,65.63,0,Business,Free,0,5
5152,20.0,6.18,57.99,41.16,1,Programming,Free,0,7
5153,24.0,8.3,50.25,62.33,2,Design,Free,0,6
5154,27.0,5.37,45.77,86.26,4,Programming,Paid,1,10
5155,21.0,2.81,73.0,70.78,6,Programming,Free,0,8
5156,24.0,2.43,58.37,63.73,0,Programming,Free,0,7
5157,22.0,10.88,47.12,66.9,4,Programming,Paid,1,9
5158,22.0,10.28,53.49,70.49,0,Design,Paid,1,9
5159,20.0,6.05,49.49,61.96,6,Design,Free,1,10
5160,24.0,4.17,48.9,92.86,1,Programming,Free,1,7
5161,21.0,5.85,39.52,90.54,5,Marketing,Free,1,8
5162,31.0,9.12,34.1,67.87,5,Marketing,Paid,0,5
5163,28.0,3.07,62.1,46.95,2,Programming,Free,0,3
5164,35.0,5.14,47.38,79.69,2,Design,Paid,0,6
5165,40.0,3.08,54.48,73.38,2,Business,Paid,1,8
5166,32.0,3.83,52.51,77.91,3,Business,Free,0,5
5167,30.0,8.12,44.78,78.26,3,Programming,Free,1,9
5168,32.0,8.24,42.95,62.13,4,Business,Paid,1,9
5169,30.0,5.39,49.68,87.36,3,Programming,Paid,1,10
5170,27.0,1.51,70.24,67.76,5,Programming,Paid,0,7
5171,27.0,3.02,64.15,77.69,3,Business,Free,0,6
5172,20.0,5.31,51.51,72.12,2,Business,Paid,1,8
5173,33.0,4.6,55.44,85.15,2,Business,Paid,1,10
5174,27.0,5.14,59.33,43.65,5,Programming,Paid,0,6
5175,37.0,4.52,51.09,76.86,0,Programming,Free,1,9
5176,33.0,3.19,65.07,58.02,2,Programming,Free,0,4
5177,23.0,4.04,55.0,68.88,2,Programming,Free,0,5
5178,36.0,4.74,41.56,86.94,4,Programming,Paid,1,10
5179,16.0,3.69,62.39,69.97,0,Design,Paid,1,10
5180,41.0,9.31,42.01,64.4,3,Design,Free,1,6
5181,18.0,3.27,56.27,66.91,4,Business,Free,0,4
5182,30.0,1.47,68.74,69.65,6,Design,Free,1,10
5183,30.0,9.05,53.92,55.4,3,Programming,Free,1,8
5184,35.0,3.46,56.79,76.17,6,Business,Paid,1,9
5185,25.0,6.08,43.34,69.9,4,Programming,Free,1,7
5186,16.0,2.99,49.37,77.36,5,Marketing,Free,0,5
5187,25.0,6.55,56.21,62.17,1,Programming,Paid,0,8
5188,25.0,3.97,62.45,64.56,6,Design,Free,1,7
5189,16.0,6.36,52.59,71.25,1,Marketing,Free,0,5
5190,27.0,3.68,54.02,71.55,0,Design,Free,0,6
5191,19.0,3.02,56.33,68.52,0,Business,Free,0,4
5192,32.0,4.55,59.16,63.22,4,Business,Free,0,4
5193,25.0,4.27,46.51,75.96,4,Programming,Paid,0,7
5194,41.0,1.7,65.59,60.63,1,Business,Free,0,5
5195,25.0,3.09,49.94,71.22,6,Marketing,Free,0,5
5196,30.0,14.75,26.99,69.28,1,Marketing,Free,1,8
5197,26.0,1.79,61.35,73.67,4,Design,Free,1,8
5198,16.0,4.52,54.78,82.22,3,Programming,Free,1,6
5199,26.0,3.64,64.25,56.54,4,Business,Free,0,6
5200,32.0,9.27,45.39,50.09,5,Design,Free,0,5
5201,31.0,3.07,49.32,64.87,6,Programming,Paid,0,7
5202,25.0,4.24,61.66,54.18,5,Programming,Free,0,8
5203,17.0,6.9,50.88,35.85,6,Programming,Paid,0,6
5204,32.0,3.74,55.43,91.46,6,Design,Free,0,5
5205,30.0,2.87,51.05,74.72,2,Programming,Free,0,7
5206,33.0,4.01,67.98,76.01,3,Programming,Free,0,5
5207,25.0,3.53,53.86,64.57,1,Programming,Free,0,8
5208,16.0,3.52,58.11,76.92,6,Marketing,Free,0,5
5209,31.0,7.71,45.19,66.93,6,Programming,Paid,0,6
5210,27.0,4.86,51.08,77.77,6,Programming,Free,0,9
5211,37.0,5.2,53.1,75.89,5,Design,Free,0,6
5212,27.0,5.88,57.18,71.56,5,Programming,Paid,1,10
5213,27.0,6.25,56.85,72.91,5,Marketing,Free,1,8
5214,30.0,7.29,47.56,87.89,1,Marketing,Free,0,6
5215,23.0,3.56,61.91,75.67,1,Design,Free,1,4
5216,22.0,5.86,51.12,63.7,3,Design,Free,1,9
5217,26.0,2.83,61.06,76.03,2,Programming,Paid,1,9
5218,21.0,1.47,58.87,73.87,5,Programming,Free,0,5
5219,25.0,9.22,52.44,66.26,5,Programming,Free,1,9
5220,41.0,4.36,56.12,71.37,6,Programming,Paid,1,9
5221,34.0,4.54,64.41,55.21,5,Programming,Free,0,4
5222,29.0,2.34,60.36,74.97,0,Design,Free,0,6
5223,38.0,,70.82,53.43,2,Programming,Free,0,5
5224,21.0,2.94,55.94,64.99,2,Programming,Free,0,6
5225,44.0,5.42,45.09,67.31,4,Design,Free,0,5
5226,24.0,3.21,59.53,83.83,2,Design,Free,1,7
5227,41.0,3.49,60.08,86.6,6,Programming,Free,1,7
5228,41.0,3.63,60.92,58.27,2,Programming,Paid,0,5
5229,16.0,8.57,50.83,71.94,3,Programming,Paid,0,6
5230,37.0,7.49,39.85,68.28,5,Programming,Paid,0,7
5231,25.0,3.26,52.46,76.11,2,Business,Free,0,5
5232,23.0,6.9,48.18,77.51,0,Marketing,Paid,1,7
5233,31.0,3.63,47.06,70.13,2,Design,Free,0,6
5234,20.0,4.35,43.62,78.94,2,Design,Paid,0,6
5235,31.0,4.96,54.61,72.64,4,Business,Paid,1,10
5236,20.0,5.42,43.47,88.48,4,Business,Free,0,6
5237,28.0,2.71,61.49,58.48,3,Programming,Free,0,5
5238,36.0,6.35,47.31,75.09,2,Programming,Paid,1,7
5239,30.0,15.6,18.89,83.1,3,Design,Paid,1,8
5240,24.0,4.4,51.58,78.38,1,Design,Free,0,5
5241,31.0,5.15,54.64,68.43,1,Programming,Paid,0,7
5242,17.0,3.9,48.38,84.42,4,Programming,Free,1,8
5243,21.0,5.03,60.9,42.93,6,Programming,Free,0,4
5244,24.0,1.96,65.26,54.87,3,Programming,Free,1,4
5245,33.0,10.9,41.31,84.64,0,Design,Paid,1,10
5246,30.0,6.31,54.09,61.32,6,Business,Free,0,6
5247,31.0,3.03,49.16,64.61,2,Design,Free,0,7
5248,27.0,4.11,51.96,62.39,5,Programming,Free,1,7
5249,21.0,3.16,68.14,58.57,6,Programming,Free,1,9
5250,37.0,4.64,48.37,78.01,6,Business,Free,1,9
5251,22.0,4.17,51.23,83.04,0,Design,Free,0,6
5252,30.0,5.62,63.61,73.06,1,Programming,Paid,0,6
5253,26.0,2.55,59.95,80.66,4,Programming,Free,1,8
5254,31.0,3.27,50.4,55.75,5,Business,Free,1,10
5255,23.0,6.79,58.59,71.83,5,Business,Free,1,10
5256,34.0,3.19,53.55,86.65,3,Marketing,Free,0,6
5257,37.0,1.23,60.9,81.75,1,Business,Free,0,6
5258,34.0,3.79,52.56,88.36,4,Design,Free,0,3
5259,28.0,12.0,45.25,68.1,4,Design,Free,1,9
5260,24.0,5.94,48.8,79.01,3,Programming,Free,1,9
5261,47.0,3.12,51.04,66.31,4,Business,Free,0,6
5262,20.0,4.95,51.67,83.95,1,Design,Paid,1,8
5263,33.0,5.51,40.28,83.73,5,Programming,Free,1,8
5264,29.0,1.84,74.4,64.16,0,Marketing,Free,1,10
5265,27.0,2.76,65.75,45.73,5,Programming,Free,0,6
5266,28.0,4.85,47.46,90.17,5,Programming,Free,0,9
5267,23.0,8.31,41.81,73.86,4,Programming,Free,1,9
5268,30.0,4.16,56.5,75.38,5,Marketing,Paid,0,5
5269,29.0,8.21,49.88,70.8,6,Marketing,Free,1,7
5270,46.0,2.89,61.01,53.04,1,Design,Free,0,4
5271,34.0,1.0,64.38,74.69,3,Marketing,Free,0,7
5272,31.0,5.67,54.51,66.93,4,Marketing,Free,1,9
5273,31.0,6.46,48.76,75.58,6,Business,Paid,0,9
5274,40.0,5.65,47.57,72.82,5,Marketing,Free,1,7
5275,20.0,5.55,77.6,40.22,4,Design,Free,0,6
5276,26.0,4.42,60.64,76.39,3,Business,Free,0,7
5277,16.0,3.61,59.87,75.89,1,Design,Free,0,7
5278,31.0,3.67,62.59,74.56,2,Business,Free,1,6
5279,33.0,3.3,61.51,65.8,3,Programming,Free,1,9
5280,20.0,3.39,55.41,71.54,6,Business,Free,0,4
5281,37.0,1.8,44.17,74.31,6,Marketing,Free,0,5
5282,22.0,2.35,52.56,71.29,4,Programming,Free,0,4
5283,25.0,3.77,67.57,77.49,0,Marketing,Free,1,7
5284,28.0,1.48,68.72,71.39,5,Programming,Free,0,4
5285,38.0,2.05,53.73,94.2,3,Programming,Paid,1,8
5286,21.0,3.49,52.11,59.29,4,Programming,Free,1,7
5287,29.0,4.78,58.48,70.88,3,Business,Paid,1,9
5288,32.0,4.4,45.43,94.93,5,Design,Paid,0,7
5289,31.0,1.39,67.98,66.14,1,Programming,Free,1,6
5290,31.0,8.15,36.96,81.25,1,Business,Free,1,10
5291,32.0,2.66,55.44,73.63,1,Programming,Paid,1,8
5292,23.0,2.81,64.03,71.72,6,Design,Free,0,4
5293,39.0,2.3,67.51,82.86,0,Marketing,Free,0,6
5294,26.0,7.28,43.19,76.7,2,Business,Free,1,8
5295,25.0,4.9,54.28,54.13,2,Business,Free,0,4
5296,36.0,4.1,59.21,79.73,5,Design,Paid,1,9
5297,23.0,3.97,50.59,66.05,2,Marketing,Paid,1,8
5298,29.0,5.5,40.23,87.25,6,Programming,Paid,1,9
5299,22.0,2.89,52.67,93.04,6,Programming,Paid,1,10
5300,45.0,4.81,60.26,90.49,4,Programming,Free,0,6
5301,43.0,3.17,50.78,77.58,2,Design,Free,0,6
5302,26.0,6.4,49.23,69.92,4,Business,Paid,1,8
5303,31.0,6.31,49.3,78.54,4,Business,Paid,0,7
5304,27.0,3.88,57.38,60.72,0,Programming,Paid,0,5
5305,25.0,2.01,39.98,100.0,5,Programming,Paid,1,8
5306,28.0,3.63,57.38,84.14,3,Business,Free,0,5
5307,27.0,2.11,59.98,75.7,5,Marketing,Free,0,5
5308,16.0,5.25,51.27,83.96,4,Programming,Paid,0,8
5309,29.0,,59.47,62.1,6,Programming,Free,1,8
5310,27.0,3.11,73.09,54.7,0,Programming,Free,1,5
5311,29.0,2.26,63.85,51.87,0,Design,Free,0,7
5312,26.0,6.92,44.16,69.0,0,Programming,Free,0,6
5313,24.0,3.31,69.78,65.5,6,Programming,Free,0,7
5314,33.0,11.69,24.24,76.71,6,Business,Free,0,5
5315,31.0,4.12,56.16,68.16,6,Programming,Free,0,4
5316,37.0,4.75,51.54,78.74,2,Design,Free,1,6
5317,30.0,4.13,53.02,77.73,1,Programming,Free,1,10
5318,26.0,4.73,50.28,57.17,2,Marketing,Free,1,6
5319,31.0,8.29,34.31,86.69,5,Design,Paid,1,7
5320,16.0,6.67,58.98,63.12,1,Programming,Free,0,5
5321,42.0,1.83,68.31,74.21,3,Programming,Free,0,4
5322,29.0,5.96,45.6,82.24,4,Business,Free,1,9
5323,42.0,5.07,44.1,83.31,2,Marketing,Free,0,6
5324,21.0,5.15,42.22,73.55,3,Programming,Paid,1,9
5325,19.0,8.76,51.82,70.14,4,Programming,Free,0,5
5326,30.0,8.92,48.83,78.7,5,Programming,Free,0,6
5327,30.0,7.62,35.9,58.49,1,Business,Paid,1,10
5328,29.0,3.18,46.58,62.51,3,Marketing,Free,0,4
5329,28.0,2.96,57.99,75.21,1,Design,Paid,0,8
5330,23.0,7.12,56.33,56.01,0,Programming,Paid,1,10
5331,17.0,,46.88,68.01,4,Business,Free,1,8
5332,29.0,2.03,60.34,71.41,3,Business,Paid,1,9
5333,18.0,6.61,49.81,69.05,1,Programming,Free,0,6
5334,17.0,3.62,58.63,67.32,0,Programming,Free,0,4
5335,24.0,1.8,52.34,80.83,6,Programming,Free,1,6
5336,30.0,5.01,51.85,77.3,5,Business,Free,1,9
5337,41.0,6.11,47.93,70.22,6,Business,Free,0,4
5338,34.0,3.46,54.28,67.33,0,Business,Free,0,4
5339,37.0,2.52,48.59,70.48,0,Business,Free,1,7
5340,32.0,8.76,46.0,67.64,1,Programming,Free,0,6
5341,30.0,3.0,53.84,98.23,0,Programming,Free,0,5
5342,45.0,6.83,55.34,50.51,3,Programming,Free,1,7
5343,18.0,2.05,61.4,62.77,4,Marketing,Free,0,7
5344,24.0,4.89,64.63,63.27,1,Design,Free,0,5
5345,25.0,6.03,56.55,75.23,2,Programming,Paid,1,8
5346,33.0,6.01,62.42,70.76,3,Programming,Free,0,6
5347,20.0,9.92,57.67,68.7,2,Business,Paid,0,7
5348,32.0,2.81,55.87,80.86,3,Business,Free,0,6
5349,31.0,5.13,45.5,75.07,4,Business,Free,0,6
5350,33.0,2.74,51.7,83.26,6,Programming,Paid,0,6
5351,33.0,2.18,58.84,85.14,2,Marketing,Free,0,7
5352,38.0,3.13,75.11,47.56,0,Business,Free,1,6
5353,27.0,4.88,45.48,78.54,6,Business,Free,1,9
5354,31.0,8.62,52.68,56.81,4,Business,Free,1,7
5355,22.0,9.36,38.36,75.12,3,Marketing,Free,1,6
5356,20.0,3.46,56.4,71.73,5,Marketing,Free,0,5
5357,39.0,4.65,53.01,73.7,6,Design,Free,0,5
5358,21.0,7.75,52.15,65.95,0,Design,Paid,1,8
5359,31.0,5.72,61.48,80.37,6,Programming,Free,0,5
5360,31.0,3.76,64.7,56.8,4,Business,Free,0,7
5361,35.0,5.25,46.73,83.26,4,Business,Paid,1,8
5362,16.0,3.86,60.15,50.82,6,Programming,Free,0,3
5363,33.0,4.62,53.56,71.79,2,Programming,Paid,1,8
5364,27.0,3.48,45.11,91.45,5,Marketing,Free,1,10
5365,23.0,3.84,48.33,97.3,3,Marketing,Free,1,7
5366,25.0,4.22,45.42,59.5,6,Marketing,Paid,0,5
5367,34.0,2.43,59.95,66.95,3,Design,Free,0,5
5368,32.0,7.47,48.54,69.25,5,Business,Paid,0,8
5369,26.0,5.12,38.24,95.81,3,Business,Free,0,6
5370,19.0,11.79,36.86,71.18,2,Programming,Paid,0,5
5371,20.0,4.79,57.87,80.9,2,Programming,Free,0,6
5372,32.0,3.36,63.28,75.65,6,Marketing,Free,1,8
5373,18.0,3.06,61.31,53.61,5,Programming,Free,1,8
5374,26.0,5.18,60.95,59.4,1,Design,Paid,1,7
5375,46.0,5.2,47.08,64.26,6,Business,Free,0,5
5376,30.0,3.63,46.47,96.49,4,Business,Free,0,7
5377,32.0,2.62,59.34,75.09,0,Programming,Paid,0,7
5378,20.0,2.91,63.85,82.6,5,Business,Free,0,7
5379,18.0,4.09,70.32,50.98,1,Programming,Free,0,5
5380,33.0,5.66,55.2,67.42,6,Business,Free,0,7
5381,25.0,2.08,52.88,77.35,3,Programming,Free,0,6
5382,35.0,4.57,67.45,59.0,6,Business,Free,1,7
5383,28.0,4.48,53.5,70.3,3,Business,Free,1,9
5384,52.0,3.31,65.3,57.44,0,Programming,Free,0,4
5385,24.0,,55.15,77.92,5,Programming,Free,1,10
5386,30.0,2.91,69.17,75.38,5,Business,Free,0,7
5387,21.0,,50.17,76.2,2,Programming,Free,0,5
5388,35.0,8.42,48.12,82.45,1,Programming,Paid,0,6
5389,31.0,6.95,49.09,71.72,6,Design,Free,1,8
5390,21.0,2.45,58.96,83.03,5,Marketing,Free,1,8
5391,25.0,3.73,67.68,68.1,2,Design,Free,0,7
5392,37.0,1.51,46.56,80.26,4,Design,Free,0,5
5393,36.0,5.32,58.37,55.8,1,Marketing,Paid,1,7
5394,18.0,5.31,49.66,66.54,1,Design,Free,0,5
5395,24.0,10.28,35.06,100.0,4,Design,Paid,0,8
5396,40.0,2.27,59.72,84.11,5,Design,Paid,1,10
5397,27.0,,52.57,79.34,6,Programming,Paid,1,9
5398,29.0,5.41,53.23,62.11,3,Programming,Paid,0,6
5399,35.0,1.96,66.27,58.96,1,Business,Free,0,5
5400,18.0,5.48,46.21,68.83,3,Programming,Paid,0,6
5401,21.0,6.71,51.25,74.26,4,Business,Paid,0,4
5402,25.0,2.28,48.24,90.97,6,Programming,Free,0,5
5403,36.0,4.3,55.48,84.19,0,Design,Free,1,9
5404,35.0,2.35,52.66,69.31,4,Programming,Free,0,5
5405,33.0,7.53,43.9,74.66,3,Design,Free,0,5
5406,27.0,4.45,47.93,79.34,4,Business,Free,1,9
5407,36.0,3.8,60.19,56.17,0,Programming,Paid,1,7
5408,27.0,2.32,77.43,44.94,0,Programming,Free,0,4
5409,32.0,4.83,57.53,76.92,4,Programming,Free,0,6
5410,34.0,7.47,45.56,71.79,1,Business,Free,1,7
5411,40.0,2.87,62.52,52.25,4,Programming,Free,1,7
5412,27.0,3.33,71.2,47.96,0,Business,Free,0,7
5413,25.0,3.61,46.12,82.73,5,Programming,Paid,1,8
5414,37.0,8.17,50.55,61.74,2,Programming,Free,1,7
5415,37.0,2.15,53.85,79.4,3,Business,Paid,0,7
5416,24.0,9.04,42.71,75.36,2,Design,Paid,0,6
5417,20.0,4.28,60.38,71.59,2,Programming,Paid,1,7
5418,36.0,3.93,54.14,66.28,3,Marketing,Free,0,8
5419,16.0,4.35,61.4,71.08,4,Programming,Paid,1,8
5420,16.0,5.65,63.15,78.92,4,Programming,Paid,1,9
5421,26.0,3.65,59.26,75.24,6,Design,Paid,0,7
5422,28.0,,50.39,70.67,1,Design,Free,0,8
5423,20.0,8.31,50.07,81.68,6,Business,Paid,0,6
5424,29.0,2.61,50.97,76.09,4,Programming,Free,0,5
5425,29.0,5.48,65.87,60.56,2,Marketing,Free,0,6
5426,24.0,4.32,49.84,74.68,6,Business,Paid,1,10
5427,41.0,5.19,66.74,71.0,4,Marketing,Paid,1,9
5428,30.0,8.06,43.06,71.15,1,Business,Free,0,5
5429,35.0,2.99,56.75,87.56,1,Marketing,Free,0,6
5430,17.0,7.69,36.09,78.95,4,Business,Paid,0,4
5431,17.0,4.98,44.87,93.97,5,Programming,Free,1,7
5432,30.0,3.72,48.67,76.2,0,Design,Free,0,3
5433,40.0,5.98,42.59,73.17,4,Business,Paid,1,8
5434,20.0,5.67,57.53,77.8,3,Design,Paid,0,6
5435,28.0,2.41,51.93,72.57,6,Business,Free,0,2
5436,18.0,3.09,53.64,71.87,5,Programming,Free,0,6
5437,22.0,2.53,58.29,60.09,6,Business,Free,0,6
5438,28.0,3.58,66.14,65.2,0,Programming,Free,0,5
5439,24.0,9.29,51.56,68.89,5,Marketing,Paid,1,7
5440,18.0,6.58,53.62,84.36,2,Programming,Paid,1,10
5441,18.0,2.13,64.88,44.89,3,Programming,Free,0,7
5442,16.0,,64.74,72.73,6,Business,Free,0,6
5443,30.0,4.5,56.33,54.3,6,Business,Free,0,5
5444,31.0,5.67,46.49,75.75,1,Business,Free,1,8
5445,31.0,3.03,55.23,68.31,1,Marketing,Free,0,6
5446,21.0,2.32,64.75,46.2,5,Programming,Free,1,8
5447,34.0,,48.71,85.36,6,Business,Paid,1,10
5448,32.0,5.24,60.21,37.8,4,Programming,Free,0,6
5449,27.0,5.63,51.81,77.69,0,Design,Paid,1,8
5450,26.0,2.72,40.04,80.91,1,Design,Free,0,5
5451,22.0,11.16,35.83,88.52,5,Programming,Paid,1,9
5452,28.0,4.85,51.13,61.9,5,Design,Paid,1,9
5453,38.0,4.42,53.4,65.32,6,Business,Free,0,4
5454,35.0,3.01,51.16,81.0,3,Programming,Free,1,8
5455,25.0,8.34,46.3,88.59,2,Marketing,Paid,0,7
5456,31.0,5.25,51.09,86.81,0,Design,Free,1,8
5457,19.0,4.67,44.17,98.74,5,Programming,Free,0,8
5458,32.0,2.42,57.49,65.4,6,Business,Free,1,9
5459,21.0,8.29,49.69,76.47,0,Programming,Paid,0,7
5460,32.0,5.7,65.88,63.85,3,Programming,Free,1,10
5461,48.0,6.4,58.51,49.27,2,Business,Free,0,6
5462,23.0,4.12,47.92,66.92,5,Programming,Free,1,8
5463,47.0,4.9,58.18,48.07,5,Programming,Paid,0,6
5464,30.0,3.74,62.28,65.27,1,Business,Free,1,7
5465,22.0,14.14,37.2,54.38,6,Programming,Paid,1,9
5466,21.0,3.97,48.17,79.83,0,Business,Paid,1,8
5467,44.0,2.38,57.5,62.44,5,Business,Free,1,6
5468,30.0,3.43,66.7,46.58,5,Programming,Free,0,5
5469,23.0,3.99,41.69,86.66,1,Design,Paid,1,10
5470,26.0,8.94,47.46,64.75,4,Programming,Paid,1,6
5471,30.0,2.2,62.5,66.25,1,Business,Free,0,7
5472,27.0,3.15,60.68,56.27,1,Programming,Free,1,8
5473,29.0,4.42,44.42,84.57,0,Marketing,Free,0,5
5474,39.0,7.18,55.38,71.25,5,Programming,Free,0,6
5475,19.0,5.59,47.21,64.26,5,Business,Free,1,9
5476,32.0,8.4,56.8,45.03,3,Programming,Free,0,5
5477,26.0,4.74,49.59,98.13,5,Programming,Free,1,9
5478,24.0,4.63,46.54,97.79,2,Design,Paid,1,10
5479,35.0,7.45,48.65,92.43,3,Design,Paid,0,7
5480,17.0,2.74,52.97,69.12,5,Marketing,Paid,0,5
5481,16.0,1.88,59.42,61.99,3,Programming,Free,0,5
5482,29.0,6.29,47.91,72.81,4,Programming,Free,1,5
5483,26.0,4.46,79.89,57.27,1,Programming,Free,0,6
5484,18.0,7.82,54.8,60.13,3,Programming,Paid,0,6
5485,16.0,2.76,57.36,87.81,5,Marketing,Free,0,5
5486,41.0,7.23,52.84,71.92,5,Marketing,Free,0,6
5487,30.0,6.85,52.74,64.74,2,Marketing,Paid,1,7
5488,27.0,5.0,56.1,83.43,3,Programming,Paid,1,9
5489,42.0,4.45,45.1,68.26,4,Design,Free,0,5
5490,34.0,5.93,59.99,53.23,6,Business,Paid,0,6
5491,39.0,2.76,67.46,54.38,5,Programming,Free,1,8
5492,19.0,3.41,65.75,65.32,5,Business,Free,0,8
5493,18.0,4.71,47.98,70.64,5,Programming,Free,0,6
5494,31.0,3.35,51.62,70.06,2,Programming,Free,1,9
5495,30.0,2.62,46.84,89.39,2,Marketing,Paid,1,10
5496,36.0,4.63,60.14,65.16,3,Programming,Free,0,6
5497,16.0,5.91,56.55,67.61,2,Marketing,Free,0,3
5498,32.0,8.2,35.83,86.94,6,Programming,Paid,1,9
5499,34.0,5.15,62.25,79.74,6,Programming,Free,1,7
5500,34.0,5.86,55.92,65.44,6,Programming,Free,1,10
5501,24.0,6.32,51.82,71.5,4,Programming,Free,1,7
5502,31.0,4.2,55.28,69.25,1,Design,Free,0,4
5503,22.0,1.56,73.23,54.05,1,Programming,Free,1,4
5504,25.0,6.83,44.0,95.17,1,Business,Free,0,5
5505,20.0,3.39,69.1,70.81,4,Marketing,Paid,1,9
5506,22.0,2.44,52.31,71.54,2,Programming,Free,0,7
5507,25.0,2.47,57.86,49.82,4,Programming,Free,0,4
5508,24.0,12.4,29.8,81.36,6,Design,Free,1,9
5509,22.0,6.18,58.12,61.74,2,Business,Paid,0,6
5510,18.0,2.54,50.07,90.78,6,Design,Free,0,5
5511,41.0,2.98,59.72,89.57,3,Programming,Free,0,6
5512,23.0,5.07,47.2,83.66,5,Design,Paid,1,10
5513,29.0,5.18,58.79,75.15,0,Design,Free,0,6
5514,16.0,4.6,51.88,65.75,1,Programming,Free,0,4
5515,37.0,2.67,67.62,67.43,6,Programming,Free,1,8
5516,28.0,4.68,61.04,76.8,6,Marketing,Free,0,6
5517,24.0,3.85,52.56,73.08,3,Programming,Paid,0,6
5518,24.0,6.5,50.71,79.78,0,Programming,Free,1,9
5519,33.0,4.16,62.51,56.98,0,Programming,Free,0,3
5520,16.0,2.88,55.52,89.28,2,Design,Free,0,6
5521,21.0,5.53,61.12,69.77,6,Design,Free,0,6
5522,26.0,4.82,64.57,59.05,2,Programming,Free,0,4
5523,26.0,4.09,55.52,81.63,6,Design,Paid,1,7
5524,45.0,5.63,55.1,75.69,3,Business,Free,0,7
5525,25.0,6.73,49.67,51.16,0,Programming,Paid,0,8
5526,34.0,8.71,45.58,71.45,3,Marketing,Paid,0,8
5527,40.0,5.58,56.44,41.94,2,Programming,Free,0,4
5528,32.0,4.6,57.41,63.89,1,Programming,Paid,0,7
5529,22.0,2.37,67.04,69.86,4,Marketing,Paid,1,9
5530,18.0,4.41,54.26,74.27,1,Business,Free,0,4
5531,32.0,4.73,44.07,58.55,6,Programming,Free,1,8
5532,39.0,4.15,51.24,66.71,5,Marketing,Free,0,6
5533,31.0,1.05,60.71,87.04,5,Design,Free,0,7
5534,36.0,6.88,37.76,96.77,0,Programming,Paid,0,6
5535,45.0,2.69,67.48,60.87,6,Business,Free,1,9
5536,33.0,5.52,41.84,82.21,3,Business,Free,0,6
5537,19.0,8.72,47.68,72.65,5,Programming,Free,1,10
5538,27.0,3.62,66.47,51.87,1,Business,Free,1,8
5539,37.0,6.17,59.29,62.51,5,Programming,Paid,0,7
5540,25.0,5.14,62.28,35.67,2,Programming,Paid,1,7
5541,38.0,,52.59,79.9,4,Marketing,Paid,1,7
5542,27.0,4.25,67.56,63.23,1,Design,Free,0,7
5543,29.0,3.21,42.93,75.34,6,Design,Free,1,9
5544,25.0,3.37,47.9,100.0,4,Design,Paid,0,7
5545,28.0,8.3,29.43,89.93,3,Design,Free,0,5
5546,28.0,6.17,49.28,62.8,3,Programming,Paid,1,9
5547,16.0,5.89,50.7,61.91,0,Marketing,Free,0,4
5548,24.0,4.85,49.1,85.22,2,Business,Free,1,8
5549,18.0,6.29,57.44,59.95,5,Business,Free,0,6
5550,24.0,3.39,57.2,87.91,5,Design,Paid,0,8
5551,21.0,4.21,47.32,100.0,6,Programming,Free,1,8
5552,34.0,6.36,52.01,80.11,0,Programming,Paid,0,9
5553,34.0,7.26,38.78,82.21,1,Programming,Free,0,7
5554,31.0,13.5,38.35,80.82,5,Programming,Free,0,5
5555,18.0,6.09,32.72,68.87,2,Business,Paid,1,7
5556,26.0,3.01,66.1,75.55,1,Marketing,Free,1,9
5557,18.0,2.37,73.09,56.52,1,Programming,Free,0,5
5558,26.0,3.37,56.47,87.48,6,Programming,Paid,0,6
5559,32.0,3.58,73.43,63.06,6,Business,Paid,1,9
5560,34.0,1.1,50.01,76.41,0,Programming,Free,0,7
5561,30.0,3.74,55.52,88.38,5,Marketing,Paid,0,8
5562,36.0,5.6,56.76,62.1,3,Programming,Free,1,8
5563,29.0,4.2,61.45,59.35,5,Programming,Free,0,3
5564,25.0,3.61,51.99,65.96,4,Programming,Free,1,9
5565,33.0,1.95,65.98,63.13,4,Marketing,Free,0,4
5566,33.0,6.51,53.31,69.88,4,Programming,Free,1,8
5567,23.0,5.11,53.3,60.91,5,Business,Free,0,5
5568,30.0,5.04,56.85,61.87,5,Programming,Paid,1,10
5569,25.0,1.51,52.69,74.56,3,Programming,Free,0,8
5570,16.0,3.25,52.83,78.98,0,Marketing,Free,1,7
5571,30.0,6.16,58.24,68.48,0,Programming,Paid,0,5
5572,18.0,5.0,66.6,52.24,2,Programming,Paid,1,7
5573,29.0,,54.89,85.71,3,Design,Free,1,8
5574,16.0,6.9,55.46,71.79,6,Marketing,Paid,0,6
5575,22.0,5.43,50.03,96.75,0,Programming,Paid,1,8
5576,24.0,5.43,50.95,66.41,6,Programming,Free,0,5
5577,35.0,2.77,60.07,73.93,0,Marketing,Free,0,6
5578,23.0,2.34,68.19,66.25,3,Business,Free,0,5
5579,19.0,6.28,40.24,79.06,2,Marketing,Paid,1,8
5580,30.0,5.51,34.57,100.0,3,Business,Free,0,6
5581,25.0,5.12,46.59,67.16,0,Business,Free,0,5
5582,33.0,5.38,35.68,90.76,5,Design,Paid,0,7
5583,20.0,3.5,51.81,69.09,0,Programming,Free,0,6
5584,28.0,4.46,47.67,83.91,5,Business,Free,0,4
5585,44.0,6.01,67.04,53.75,3,Business,Paid,0,6
5586,25.0,6.18,39.86,96.92,6,Marketing,Paid,1,9
5587,28.0,16.38,16.37,81.41,6,Design,Paid,0,5
5588,16.0,2.68,62.42,64.79,5,Programming,Free,0,5
5589,21.0,17.32,21.7,83.03,3,Design,Free,0,7
5590,30.0,2.3,54.84,72.58,2,Business,Free,0,7
5591,25.0,4.82,53.98,62.52,4,Design,Free,1,8
5592,31.0,2.37,75.67,44.34,4,Business,Free,0,4
5593,30.0,5.82,35.05,96.26,5,Design,Paid,1,8
5594,18.0,7.89,38.38,69.33,3,Programming,Paid,0,5
5595,34.0,4.12,59.98,67.87,3,Design,Free,0,6
5596,18.0,6.28,49.71,65.11,0,Business,Free,1,8
5597,22.0,3.35,61.19,87.88,1,Marketing,Free,0,5
5598,29.0,1.61,61.35,69.1,5,Design,Free,0,7
5599,38.0,6.72,45.06,84.44,6,Design,Paid,1,9
5600,20.0,4.11,60.95,70.65,4,Design,Free,1,5
5601,28.0,4.08,48.08,65.45,2,Design,Paid,1,9
5602,28.0,3.37,57.02,78.82,0,Programming,Free,0,7
5603,32.0,4.87,47.66,84.08,0,Marketing,Free,1,8
5604,35.0,3.51,64.16,69.37,4,Marketing,Paid,1,9
5605,24.0,4.8,49.79,73.62,4,Design,Free,1,8
5606,34.0,6.92,49.6,74.97,1,Design,Free,0,6
5607,36.0,10.25,39.63,73.34,1,Programming,Free,1,8
5608,39.0,7.63,42.89,93.71,0,Design,Free,1,8
5609,31.0,4.36,54.14,70.76,4,Design,Free,0,5
5610,28.0,4.55,57.98,67.37,4,Business,Free,1,9
5611,24.0,3.39,70.0,65.9,2,Programming,Free,0,7
5612,17.0,3.29,59.82,60.64,5,Business,Free,0,5
5613,25.0,6.0,62.65,47.33,5,Programming,Free,1,6
5614,28.0,4.41,67.25,76.47,3,Business,Paid,0,5
5615,26.0,5.98,50.9,80.8,1,Business,Paid,1,9
5616,31.0,2.63,45.8,68.03,0,Programming,Free,0,6
5617,17.0,7.51,43.8,73.37,5,Design,Free,0,6
5618,26.0,3.51,53.67,61.11,4,Business,Free,0,6
5619,41.0,6.62,55.14,73.78,2,Business,Free,1,7
5620,34.0,2.95,58.43,70.04,0,Programming,Free,0,3
5621,31.0,3.61,59.48,82.75,5,Design,Paid,1,8
5622,30.0,7.37,52.3,71.88,6,Programming,Free,0,8
5623,24.0,3.06,60.55,75.33,3,Business,Free,0,6
5624,16.0,,45.83,89.51,1,Business,Paid,1,10
5625,30.0,3.17,58.45,78.87,4,Programming,Paid,1,10
5626,16.0,5.96,58.39,76.29,6,Business,Free,0,5
5627,25.0,5.71,50.61,51.83,4,Business,Free,1,8
5628,27.0,3.6,49.87,86.59,0,Business,Paid,0,7
5629,24.0,3.05,62.87,64.43,1,Programming,Free,1,7
5630,42.0,6.86,49.96,72.95,0,Programming,Paid,0,7
5631,40.0,9.16,55.62,65.27,2,Design,Paid,1,10
5632,34.0,3.93,53.15,93.08,3,Programming,Free,0,5
5633,21.0,5.2,63.76,49.26,3,Design,Free,1,5
5634,40.0,6.01,51.63,85.86,5,Programming,Free,0,6
5635,31.0,10.69,45.48,73.1,0,Programming,Free,0,5
5636,20.0,2.41,67.43,50.04,6,Business,Free,0,5
5637,27.0,3.75,45.87,96.44,1,Programming,Paid,0,6
5638,34.0,4.04,58.83,80.65,3,Business,Paid,0,7
5639,23.0,7.36,54.05,43.7,1,Programming,Paid,1,10
5640,28.0,,53.78,73.78,2,Design,Paid,0,6
5641,29.0,5.83,41.06,83.35,5,Design,Paid,1,7
5642,19.0,4.28,53.53,89.85,0,Business,Free,0,6
5643,25.0,4.06,65.19,66.5,3,Business,Free,0,6
5644,20.0,,62.33,36.24,4,Programming,Free,0,5
5645,33.0,6.45,44.42,87.05,3,Business,Free,1,9
5646,21.0,2.62,55.46,73.98,2,Programming,Free,0,5
5647,29.0,3.79,70.03,51.67,2,Design,Free,0,5
5648,17.0,,68.09,72.11,6,Programming,Free,1,7
5649,19.0,,49.78,78.49,1,Design,Free,0,6
5650,19.0,4.64,37.41,68.1,3,Programming,Paid,0,7
5651,25.0,6.56,60.15,63.81,2,Marketing,Free,0,5
5652,28.0,4.05,57.6,67.9,5,Design,Free,1,9
5653,30.0,3.32,58.23,70.75,5,Design,Free,0,4
5654,16.0,3.63,62.51,72.26,5,Programming,Free,0,6
5655,26.0,8.81,41.32,77.46,0,Programming,Free,1,9
5656,22.0,2.0,67.04,42.23,0,Programming,Free,0,4
5657,31.0,3.06,54.82,75.19,2,Marketing,Free,0,4
5658,25.0,5.15,53.48,80.37,3,Business,Paid,1,7
5659,26.0,3.05,64.05,70.03,0,Programming,Free,0,6
5660,22.0,6.32,61.2,70.55,6,Business,Paid,1,10
5661,39.0,4.94,49.28,92.2,6,Design,Paid,1,8
5662,18.0,4.55,49.68,84.13,2,Programming,Free,1,9
5663,24.0,4.28,61.28,70.34,5,Design,Free,1,5
5664,28.0,3.87,52.21,67.0,3,Programming,Free,1,8
5665,25.0,2.84,63.83,81.26,4,Programming,Paid,0,5
5666,22.0,5.49,48.0,89.11,6,Business,Paid,1,9
5667,16.0,2.29,61.82,62.21,0,Programming,Paid,0,6
5668,22.0,3.75,53.01,65.51,1,Marketing,Paid,0,4
5669,20.0,5.05,56.74,74.02,2,Business,Free,1,10
5670,39.0,8.66,47.34,62.64,6,Business,Paid,1,8
5671,43.0,11.67,46.4,49.61,4,Business,Free,0,6
5672,27.0,3.34,50.26,63.89,2,Marketing,Free,0,7
5673,17.0,2.75,55.79,73.01,0,Programming,Free,0,6
5674,32.0,,39.75,93.54,4,Design,Paid,1,8
5675,20.0,9.41,48.39,66.91,1,Design,Free,0,6
5676,23.0,,45.7,71.2,2,Marketing,Free,0,3
5677,23.0,2.55,44.04,69.87,6,Programming,Free,0,5
5678,23.0,4.76,52.01,71.51,3,Design,Paid,1,10
5679,25.0,5.95,46.13,63.0,0,Business,Free,1,6
5680,18.0,6.13,45.05,72.02,0,Programming,Free,0,5
5681,22.0,5.29,63.41,59.93,2,Marketing,Free,1,10
5682,34.0,3.31,52.01,58.79,0,Programming,Free,0,5
5683,27.0,6.59,52.92,69.57,3,Programming,Paid,0,5
5684,28.0,7.7,41.59,81.22,2,Design,Paid,1,9
5685,16.0,3.33,56.48,62.85,6,Design,Paid,1,8
5686,34.0,9.22,39.19,70.43,2,Programming,Paid,0,3
5687,22.0,6.34,59.59,52.51,1,Programming,Free,1,6
5688,35.0,2.9,65.28,59.79,4,Programming,Free,0,8
5689,28.0,6.15,38.23,79.67,4,Business,Free,1,8
5690,23.0,7.31,54.32,75.72,0,Marketing,Paid,1,10
5691,16.0,5.95,38.05,90.69,0,Design,Free,0,5
5692,42.0,10.3,44.78,71.13,1,Programming,Paid,1,9
5693,33.0,4.04,44.74,83.68,5,Design,Free,0,6
5694,33.0,4.71,48.59,80.85,1,Marketing,Free,0,5
5695,40.0,1.24,54.8,70.85,6,Business,Free,0,6
5696,29.0,8.38,48.72,56.21,3,Programming,Paid,0,5
5697,36.0,8.02,46.39,70.74,6,Programming,Paid,1,10
5698,24.0,7.46,43.27,66.91,1,Marketing,Free,0,6
5699,32.0,3.33,59.89,70.5,2,Marketing,Paid,1,9
5700,23.0,,49.61,73.87,0,Programming,Paid,0,7
5701,23.0,6.41,72.87,55.05,5,Business,Free,0,5
5702,28.0,3.78,65.73,61.51,4,Programming,Paid,0,4
5703,18.0,6.52,63.16,55.86,0,Programming,Free,1,6
5704,29.0,4.99,44.54,68.2,5,Business,Free,1,8
5705,25.0,1.89,50.88,66.32,6,Design,Free,0,5
5706,16.0,5.28,53.16,66.98,4,Design,Free,0,6
5707,24.0,2.87,68.53,73.92,5,Marketing,Free,0,6
5708,25.0,1.91,77.51,66.1,1,Business,Free,1,7
5709,33.0,4.78,51.54,68.06,3,Programming,Free,0,4
5710,29.0,4.92,53.7,62.73,5,Business,Paid,0,7
5711,37.0,7.63,54.82,61.89,4,Business,Free,1,8
5712,31.0,4.4,46.09,94.41,4,Design,Free,0,5
5713,23.0,5.76,53.48,65.18,5,Marketing,Free,0,4
5714,27.0,5.1,65.85,47.83,4,Business,Free,0,4
5715,25.0,8.03,61.99,76.11,0,Programming,Paid,1,9
5716,30.0,3.4,68.12,63.5,1,Programming,Paid,1,10
5717,27.0,4.43,65.68,73.68,5,Business,Free,1,8
5718,23.0,4.76,42.02,75.56,1,Marketing,Paid,0,6
5719,27.0,5.44,58.37,74.6,4,Programming,Free,0,8
5720,30.0,5.69,47.0,70.8,3,Programming,Paid,0,6
5721,20.0,3.08,69.3,68.51,4,Business,Free,0,5
5722,29.0,3.48,61.86,81.78,1,Programming,Free,1,8
5723,16.0,8.51,60.42,41.38,2,Programming,Free,0,5
5724,35.0,1.89,60.88,58.58,4,Marketing,Free,1,9
5725,31.0,5.58,53.15,61.92,1,Business,Free,1,6
5726,38.0,7.09,52.83,54.73,2,Marketing,Free,0,6
5727,19.0,5.26,60.0,65.73,6,Business,Free,0,5
5728,35.0,12.31,42.57,65.06,1,Programming,Paid,0,6
5729,34.0,7.73,51.16,86.73,4,Marketing,Paid,1,9
5730,26.0,4.82,65.63,66.94,1,Programming,Free,0,5
5731,24.0,4.11,51.58,69.44,4,Programming,Paid,0,7
5732,19.0,4.86,58.18,68.51,0,Marketing,Free,0,5
5733,18.0,6.89,55.42,63.43,4,Business,Paid,0,6
5734,22.0,4.06,51.85,81.85,3,Marketing,Free,1,7
5735,18.0,3.63,57.38,86.52,4,Programming,Paid,1,10
5736,38.0,2.95,64.14,63.77,0,Marketing,Paid,0,8
5737,16.0,5.51,41.94,92.82,3,Business,Paid,1,10
5738,28.0,2.6,59.76,67.62,3,Business,Paid,0,6
5739,30.0,3.28,58.08,64.6,1,Marketing,Free,0,6
5740,30.0,1.7,52.94,82.73,2,Design,Paid,0,7
5741,30.0,5.9,49.5,77.18,4,Business,Free,0,6
5742,34.0,6.82,42.64,70.22,3,Business,Free,1,7
5743,24.0,5.25,56.38,71.19,4,Business,Paid,1,9
5744,28.0,9.25,48.39,84.81,6,Marketing,Free,1,10
5745,25.0,7.44,51.49,64.14,2,Business,Free,1,8
5746,36.0,6.29,56.93,71.17,6,Programming,Paid,1,8
5747,42.0,3.85,51.55,88.33,6,Programming,Free,1,8
5748,19.0,,55.77,58.46,4,Marketing,Free,0,5
5749,16.0,5.22,66.87,67.68,1,Marketing,Free,0,5
5750,31.0,4.76,34.45,87.26,2,Marketing,Paid,0,6
5751,34.0,6.49,48.36,78.34,0,Programming,Paid,1,10
5752,41.0,5.37,44.55,82.94,4,Design,Free,1,9
5753,32.0,3.66,71.68,56.45,1,Business,Free,0,8
5754,37.0,6.64,50.6,74.53,6,Business,Free,1,8
5755,39.0,4.57,71.28,68.58,4,Programming,Paid,0,7
5756,37.0,5.12,43.95,100.0,3,Business,Paid,0,8
5757,33.0,3.26,49.66,81.71,1,Programming,Paid,0,6
5758,18.0,3.59,46.02,73.78,0,Design,Free,1,9
5759,27.0,10.71,48.08,71.43,4,Programming,Free,1,9
5760,29.0,2.7,55.02,68.65,5,Programming,Free,0,7
5761,26.0,4.94,49.88,76.39,1,Programming,Free,0,8
5762,27.0,3.31,67.86,63.51,0,Marketing,Free,0,5
5763,38.0,1.5,62.91,86.02,2,Business,Free,1,7
5764,22.0,,54.37,58.59,5,Marketing,Free,0,5
5765,33.0,3.95,50.57,80.05,4,Design,Paid,0,5
5766,29.0,4.68,46.15,65.76,0,Design,Free,1,8
5767,21.0,6.33,39.76,68.51,0,Programming,Free,0,6
5768,19.0,5.63,52.14,85.87,0,Business,Paid,0,7
5769,16.0,4.7,68.3,47.45,5,Programming,Free,1,8
5770,30.0,2.74,61.92,69.14,5,Business,Free,1,9
5771,27.0,5.57,59.56,55.16,2,Business,Free,0,6
5772,21.0,3.72,53.23,69.57,4,Marketing,Free,0,5
5773,16.0,1.65,77.44,50.69,0,Programming,Free,0,2
5774,30.0,5.88,39.89,75.62,3,Design,Free,0,5
5775,26.0,6.75,50.33,62.89,1,Programming,Free,0,5
5776,22.0,7.9,46.64,76.97,5,Programming,Free,1,8
5777,20.0,10.77,36.73,84.51,3,Business,Free,1,8
5778,25.0,5.74,51.42,74.11,5,Design,Free,1,7
5779,30.0,5.11,47.35,80.83,3,Business,Free,0,5
5780,25.0,8.28,44.02,88.59,3,Programming,Paid,0,5
5781,19.0,2.72,54.74,62.82,6,Marketing,Free,1,8
5782,27.0,1.91,54.28,87.57,6,Marketing,Free,0,7
5783,34.0,3.27,59.63,73.63,3,Design,Free,1,6
5784,27.0,9.01,45.0,66.23,2,Marketing,Paid,0,6
5785,27.0,3.01,58.35,71.58,4,Programming,Free,1,9
5786,25.0,5.0,55.72,70.21,1,Business,Free,0,5
5787,21.0,5.25,47.68,57.73,2,Marketing,Free,0,6
5788,21.0,4.53,49.42,58.89,5,Business,Free,0,7
5789,16.0,2.85,51.98,93.01,6,Business,Paid,1,10
5790,35.0,4.73,49.07,76.79,2,Design,Free,1,7
5791,30.0,4.19,45.54,91.3,2,Business,Paid,1,10
5792,28.0,8.73,50.96,66.42,6,Business,Free,0,5
5793,29.0,8.45,43.64,62.38,1,Programming,Paid,1,8
5794,29.0,3.41,51.29,47.8,0,Programming,Free,1,8
5795,22.0,11.22,45.28,85.65,0,Business,Paid,0,6
5796,25.0,5.92,56.4,79.52,0,Business,Paid,1,9
5797,24.0,1.91,68.51,69.92,6,Design,Free,1,7
5798,45.0,3.91,52.21,64.18,0,Marketing,Free,1,8
5799,34.0,8.46,41.73,83.4,2,Business,Free,0,6
5800,28.0,2.8,50.95,72.23,4,Design,Free,0,3
5801,37.0,4.92,52.1,76.33,4,Design,Paid,0,6
5802,36.0,2.2,60.54,64.39,5,Business,Free,0,3
5803,17.0,2.95,52.36,70.52,6,Business,Paid,0,6
5804,25.0,3.48,56.14,83.5,2,Design,Paid,1,9
5805,27.0,2.92,59.68,63.84,1,Design,Paid,0,6
5806,31.0,3.84,65.33,75.89,0,Business,Paid,1,10
5807,25.0,8.87,42.47,81.51,6,Business,Free,0,6
5808,26.0,3.99,41.41,70.07,2,Business,Free,1,5
5809,24.0,5.77,38.21,80.65,6,Programming,Free,0,7
5810,34.0,8.28,52.95,89.75,2,Business,Paid,0,7
5811,17.0,3.08,50.61,87.04,5,Design,Paid,0,6
5812,24.0,2.79,63.76,61.55,4,Programming,Free,0,5
5813,16.0,,48.21,74.61,4,Business,Paid,0,4
5814,20.0,3.81,62.54,78.8,4,Business,Paid,1,9
5815,29.0,5.56,42.07,69.3,2,Design,Free,1,9
5816,29.0,10.78,49.95,69.47,0,Business,Paid,1,8
5817,25.0,2.11,71.49,61.24,0,Programming,Free,0,4
5818,35.0,3.45,47.96,98.52,2,Programming,Free,1,8
5819,36.0,3.71,61.66,64.75,6,Programming,Free,1,9
5820,27.0,3.2,51.09,84.69,4,Design,Free,0,7
5821,29.0,3.86,48.49,65.44,4,Business,Paid,0,7
5822,24.0,3.25,54.7,90.37,1,Marketing,Free,1,10
5823,31.0,5.03,55.62,70.84,3,Business,Paid,0,8
5824,19.0,5.46,54.17,72.64,2,Programming,Paid,0,8
5825,40.0,7.78,58.27,50.01,0,Programming,Paid,0,6
5826,35.0,4.01,49.06,81.4,4,Programming,Free,1,8
5827,19.0,6.71,54.21,85.67,2,Business,Free,0,7
5828,21.0,3.11,64.39,53.75,2,Programming,Free,0,4
5829,30.0,2.36,58.05,85.75,4,Design,Free,0,6
5830,25.0,3.54,60.88,56.29,0,Business,Free,0,5
5831,31.0,4.99,58.04,77.95,6,Business,Free,1,8
5832,24.0,5.97,54.9,64.54,1,Programming,Free,1,8
5833,38.0,7.82,42.87,84.04,4,Programming,Free,1,8
5834,27.0,4.62,61.27,73.74,5,Business,Free,0,6
5835,44.0,5.69,37.99,83.31,1,Design,Free,1,9
5836,31.0,9.38,37.29,86.85,1,Programming,Paid,0,8
5837,18.0,2.86,55.73,69.44,2,Marketing,Free,0,4
5838,42.0,4.61,54.9,77.71,5,Design,Paid,0,7
5839,35.0,14.11,38.84,62.89,4,Design,Free,0,5
5840,30.0,5.96,54.28,64.4,3,Programming,Free,0,6
5841,32.0,6.38,38.39,95.12,5,Programming,Paid,1,9
5842,19.0,7.58,44.81,81.07,3,Programming,Paid,0,8
5843,16.0,2.22,67.65,55.46,6,Programming,Free,0,5
5844,27.0,3.03,50.65,90.31,5,Design,Free,1,9
5845,37.0,2.57,63.73,77.89,1,Design,Free,1,7
5846,30.0,4.9,54.47,81.22,2,Marketing,Free,0,5
5847,39.0,4.29,52.1,81.65,0,Marketing,Paid,1,8
5848,36.0,4.23,41.05,73.04,1,Programming,Free,1,8
5849,27.0,3.53,65.51,44.03,0,Programming,Free,0,4
5850,35.0,1.95,60.38,83.18,0,Business,Free,0,4
5851,38.0,6.04,57.95,48.83,0,Marketing,Free,0,4
5852,26.0,1.83,58.68,83.17,4,Marketing,Free,0,6
5853,26.0,2.92,58.01,69.19,2,Programming,Free,1,7
5854,28.0,2.8,56.52,82.03,3,Programming,Paid,0,7
5855,16.0,2.73,67.94,69.9,5,Programming,Free,0,5
5856,29.0,4.44,56.08,82.48,5,Business,Free,0,4
5857,32.0,7.07,40.72,74.16,3,Design,Free,0,7
5858,28.0,2.01,48.75,76.81,3,Design,Free,0,6
5859,29.0,3.16,58.39,78.05,4,Design,Free,0,6
5860,27.0,1.85,61.25,90.54,2,Programming,Free,0,6
5861,16.0,3.86,42.98,81.6,3,Business,Paid,1,9
5862,39.0,5.24,57.54,56.2,2,Programming,Paid,1,7
5863,24.0,7.16,64.41,68.8,1,Business,Paid,0,8
5864,23.0,1.95,55.55,81.58,1,Business,Paid,1,9
5865,37.0,5.2,64.01,84.86,4,Business,Free,1,9
5866,34.0,2.62,58.53,59.33,5,Programming,Free,1,7
5867,29.0,2.35,47.47,95.64,2,Business,Free,0,6
5868,32.0,5.23,47.35,76.93,0,Business,Paid,0,8
5869,19.0,5.38,44.92,73.05,4,Programming,Free,1,8
5870,26.0,3.88,52.78,52.95,6,Programming,Free,0,6
5871,36.0,2.48,54.07,83.27,3,Business,Free,1,9
5872,22.0,3.88,60.41,62.65,0,Programming,Free,0,6
5873,20.0,3.66,55.58,63.05,0,Programming,Paid,1,10
5874,28.0,5.32,52.97,64.19,3,Programming,Free,0,6
5875,28.0,6.58,54.59,84.59,6,Programming,Free,0,6
5876,32.0,6.39,54.24,78.66,0,Design,Free,0,6
5877,17.0,5.02,54.58,65.22,5,Business,Paid,0,7
5878,16.0,6.72,56.22,61.64,5,Programming,Free,1,7
5879,33.0,2.56,44.27,86.51,0,Business,Free,1,9
5880,19.0,9.05,48.9,65.16,1,Programming,Free,1,10
5881,23.0,2.55,57.86,74.72,0,Programming,Free,0,6
5882,16.0,2.03,54.71,81.66,3,Programming,Paid,0,5
5883,34.0,7.5,62.01,33.39,1,Business,Free,1,7
5884,29.0,3.68,49.71,89.78,6,Marketing,Paid,1,10
5885,29.0,4.27,49.81,65.48,0,Design,Free,0,5
5886,29.0,2.55,72.18,63.67,4,Programming,Free,0,4
5887,16.0,14.68,31.74,90.47,5,Programming,Paid,1,7
5888,20.0,9.21,37.54,85.36,1,Programming,Free,1,8
5889,24.0,10.17,28.48,81.67,1,Marketing,Paid,1,10
5890,22.0,,39.12,76.74,5,Programming,Free,1,7
5891,25.0,6.3,59.2,82.77,0,Marketing,Free,0,7
5892,29.0,3.96,49.34,88.3,3,Design,Free,0,5
5893,34.0,6.72,48.44,89.57,1,Design,Free,1,8
5894,17.0,4.21,47.88,77.63,0,Marketing,Paid,1,9
5895,27.0,8.27,49.26,59.15,3,Programming,Free,0,4
5896,32.0,3.3,57.34,68.19,3,Business,Free,0,8
5897,21.0,3.47,59.48,69.53,2,Programming,Free,0,6
5898,26.0,3.29,58.12,71.94,5,Marketing,Free,0,7
5899,30.0,4.42,52.38,63.88,0,Design,Free,0,5
5900,27.0,4.26,48.0,77.24,3,Programming,Paid,1,9
5901,32.0,5.05,59.59,53.75,1,Business,Free,0,6
5902,28.0,3.27,48.12,69.02,5,Programming,Free,0,5
5903,25.0,5.79,47.9,69.79,3,Programming,Free,0,4
5904,19.0,8.03,46.11,72.27,4,Business,Free,0,4
5905,29.0,4.2,54.27,82.51,0,Design,Free,0,5
5906,28.0,13.75,39.35,84.05,3,Marketing,Paid,1,9
5907,20.0,6.74,38.91,95.45,0,Business,Free,1,8
5908,31.0,13.27,36.76,69.31,2,Business,Paid,1,8
5909,36.0,3.95,45.13,71.35,6,Programming,Free,0,6
5910,22.0,1.92,63.08,70.58,5,Programming,Free,0,5
5911,22.0,3.69,49.03,78.27,0,Marketing,Paid,0,6
5912,22.0,3.86,59.77,56.82,2,Programming,Paid,1,10
5913,16.0,3.3,62.44,66.17,6,Design,Paid,1,9
5914,41.0,1.51,65.96,68.08,1,Programming,Free,0,4
5915,24.0,8.04,45.01,53.09,5,Programming,Paid,0,5
5916,21.0,2.19,63.86,74.66,2,Design,Paid,0,5
5917,19.0,7.7,49.07,67.88,3,Business,Paid,1,9
5918,24.0,13.55,42.69,71.72,6,Business,Paid,0,8
5919,22.0,3.57,59.98,88.39,4,Marketing,Paid,1,10
5920,37.0,4.83,69.74,55.06,1,Programming,Free,1,9
5921,18.0,4.24,41.78,86.7,0,Design,Paid,0,9
5922,16.0,,53.44,65.14,1,Programming,Paid,1,9
5923,31.0,2.96,49.49,70.09,2,Business,Paid,1,10
5924,26.0,4.78,60.14,77.59,0,Programming,Paid,1,8
5925,25.0,6.72,58.94,71.26,6,Design,Free,0,4
5926,31.0,3.97,67.08,57.29,0,Programming,Free,1,7
5927,28.0,1.95,59.74,66.93,3,Business,Free,0,5
5928,27.0,8.86,54.36,55.46,6,Business,Paid,0,9
5929,17.0,2.83,52.29,80.5,2,Marketing,Paid,0,7
5930,16.0,5.25,66.36,34.78,3,Programming,Paid,0,5
5931,22.0,6.59,44.91,85.82,0,Marketing,Paid,1,10
5932,19.0,4.28,42.21,75.38,5,Programming,Free,0,5
5933,29.0,12.7,26.68,87.22,6,Programming,Free,1,8
5934,16.0,5.64,58.25,94.18,5,Programming,Free,1,9
5935,24.0,4.63,50.16,83.23,1,Programming,Paid,1,8
5936,26.0,5.32,55.55,67.73,2,Design,Free,0,7
5937,27.0,5.57,43.37,98.07,5,Programming,Paid,1,10
5938,30.0,5.17,53.04,66.06,5,Design,Paid,0,7
5939,25.0,4.53,62.73,50.07,2,Business,Free,0,7
5940,22.0,4.17,45.0,95.38,6,Business,Paid,1,9
5941,36.0,,39.32,77.62,1,Business,Free,1,9
5942,25.0,3.23,68.28,55.24,5,Design,Free,0,6
5943,37.0,1.73,77.76,51.74,3,Programming,Free,0,5
5944,25.0,6.77,41.15,77.06,4,Business,Free,1,7
5945,27.0,3.14,60.47,57.56,4,Programming,Free,0,8
5946,26.0,4.32,68.74,59.29,3,Programming,Free,1,9
5947,29.0,2.88,46.98,91.6,5,Programming,Free,1,9
5948,24.0,2.92,52.78,94.63,5,Business,Free,0,5
5949,28.0,2.54,85.96,69.76,5,Programming,Free,1,9
5950,38.0,6.21,55.86,69.34,0,Business,Free,0,5
5951,34.0,,42.37,82.83,2,Programming,Paid,1,10
5952,34.0,4.1,62.34,68.38,5,Design,Free,0,7
5953,18.0,3.19,69.55,51.69,6,Design,Free,0,6
5954,19.0,2.37,67.21,38.86,2,Programming,Paid,1,9
5955,29.0,7.25,36.59,77.26,5,Design,Paid,1,9
5956,32.0,3.74,55.69,84.7,3,Business,Paid,0,7
5957,23.0,3.07,60.35,78.16,1,Design,Paid,0,8
5958,22.0,4.11,51.97,77.72,6,Programming,Free,1,9
5959,37.0,4.36,60.53,85.01,3,Business,Paid,0,6
5960,32.0,2.05,64.54,84.63,4,Programming,Free,1,10
5961,34.0,2.18,65.27,70.24,2,Programming,Free,0,5
5962,24.0,4.72,52.99,71.31,0,Programming,Free,0,6
5963,23.0,3.77,41.99,77.63,3,Design,Paid,0,6
5964,34.0,5.1,55.02,64.9,5,Programming,Free,1,5
5965,25.0,4.33,50.66,53.71,2,Business,Free,0,6
5966,23.0,,32.84,82.06,6,Programming,Free,1,10
5967,21.0,3.49,61.43,70.78,5,Business,Paid,1,9
5968,23.0,4.5,65.19,62.71,4,Programming,Free,0,9
5969,33.0,5.4,43.65,65.04,5,Business,Free,0,5
5970,16.0,3.06,62.04,56.26,6,Business,Free,0,6
5971,31.0,8.42,44.37,77.14,5,Design,Paid,1,9
5972,22.0,1.92,58.05,74.2,5,Programming,Free,0,6
5973,26.0,3.48,49.24,70.95,4,Design,Paid,0,7
5974,26.0,1.88,64.66,83.39,6,Marketing,Free,0,8
5975,25.0,2.91,51.47,68.63,0,Marketing,Free,1,7
5976,25.0,3.78,52.63,49.61,2,Programming,Free,0,5
5977,24.0,5.9,38.63,86.11,6,Business,Free,0,7
5978,23.0,3.78,59.94,70.38,3,Programming,Free,1,9
5979,36.0,3.1,54.15,78.36,0,Programming,Free,1,5
5980,27.0,2.52,50.17,84.76,5,Business,Paid,1,7
5981,26.0,2.35,65.41,64.54,4,Design,Free,1,8
5982,22.0,4.66,57.67,68.78,6,Design,Free,0,7
5983,24.0,6.03,34.06,82.38,0,Business,Free,1,7
5984,23.0,3.36,54.21,90.02,1,Programming,Free,0,7
5985,32.0,6.99,56.61,71.7,3,Business,Free,0,8
5986,22.0,2.64,62.29,60.47,1,Programming,Free,0,5
5987,16.0,3.4,50.24,88.19,3,Programming,Free,0,6
5988,27.0,3.53,72.43,60.48,2,Programming,Free,0,6
5989,25.0,10.09,35.56,79.95,1,Marketing,Paid,0,7
5990,23.0,,51.37,73.72,5,Design,Paid,0,7
5991,33.0,2.26,60.68,75.23,0,Programming,Paid,1,9
5992,16.0,6.22,55.4,60.6,6,Business,Free,0,5
5993,38.0,11.63,37.38,72.57,1,Marketing,Paid,0,5
5994,34.0,3.62,59.5,65.91,4,Marketing,Free,0,6
5995,23.0,2.71,65.23,80.62,6,Design,Free,1,7
5996,24.0,7.48,52.5,73.96,0,Programming,Paid,1,8
5997,31.0,9.82,38.97,82.8,6,Design,Free,0,4
5998,31.0,5.94,50.08,61.92,2,Business,Free,0,5
5999,23.0,2.44,54.24,74.31,5,Marketing,Paid,1,9
6000,16.0,5.7,55.9,77.88,5,Business,Free,0,4
